"","Median","low-CI","high-CI","p-value"
"Catenaria anguillulae",0.311475450086771,0.290866322395341,0.332090115415926,3.91628822364715e-189
"Allomyces macrogynus",0.30477382532944,0.28905734036783,0.320473375608043,1.04308071409051e-303
"Paramicrosporidium saccamoebae",0.150012608497585,0.114193229822401,0.186008214106086,4.00023473112822e-16
"Rozella allomycis",0.014628834139853,-0.00579935557017364,0.0350348577128339,0.160233044426272
"Basidiobolus meristosporus",-0.0455825311651611,-0.0612166928401517,-0.0299414532702152,1.10238449221409e-08
"Conidiobolus coronatus",0.273268943546575,0.258207589557104,0.288336970269066,4.30054883876495e-273
"Gonapodya prolifera",0.348057783982591,0.331096817368867,0.365055802240253,0
"Spizellomyces punctatus",-0.0848054280900531,-0.109379954881603,-0.060240237433985,1.30793932877821e-11
"Batrachochytrium salamandrivorans",-0.0318698559482522,-0.0464263032028245,-0.0173205447286813,1.75353777535942e-05
"Batrachochytrium dendrobatidis",0.450658566852335,0.409781573703603,0.490793962559282,4.03676735391374e-113
"Rhizoclosmatium globosum",0.10269857738712,0.0892493083354144,0.116160168356831,2.34459093099795e-50
"Anaeromyces robustus",0.124367724159498,0.11252732487107,0.136182020215676,1.22168559258125e-93
"Piromyces sp. E2",-0.152691609629063,-0.165200338705341,-0.140173606813683,4.17043706445791e-125
"Piromyces finnis",0.157797855928969,0.145676563402416,0.169921941409417,7.39295012736031e-143
"Neocallimastix californiae",0.0228268986078084,0.0124465360483689,0.0332195801346217,1.68342344103927e-05
"Mortierella elongata",0.220897632450276,0.206376383934087,0.235409216088262,3.29362590189219e-193
"Mortierella verticillata",0.0540465372056986,0.0388594691173864,0.0692353191819978,3.02703419513682e-12
"Rhizophagus irregularis",-0.308047103944388,-0.318288947804383,-0.297787309799156,0
"Rhizophagus clarus",0.0784997847156878,0.0692931993733319,0.0876925620158178,1.41764495512537e-62
"Bifiguratus adelaidae",0.236043831844392,0.211051405785844,0.261034653258393,9.57651866577639e-77
"Syncephalastrum racemosum",0.166960564891505,0.145297887705616,0.188624908069116,4.18242484480701e-51
"Lichtheimia corymbifera",0.424193555954326,0.4037423943023,0.444678023223573,0
"Lichtheimia ramosa",-0.0228798394705927,-0.0356681636170957,-0.0101013972449755,0.000447406578676418
"Phycomyces blakesleeanus",0.0293611603257978,0.0161245941788349,0.0426325720625866,1.39545796108323e-05
"Hesseltinella vesiculosa",0.150080056978231,0.129609621806691,0.170602083636323,1.07882523628814e-46
"Absidia glauca",0.0041612684610092,-0.0112350938362509,0.0195439447237967,0.596807407480934
"Absidia repens",0.160578116154671,0.147725027492348,0.173420976654458,8.19705376653438e-131
"Choanephora cucurbitarum",0.156742015073022,0.143894057906703,0.169608945088207,7.21973248253861e-126
"Mucor ambiguus",0.141133629461318,0.126110619742742,0.156184726431098,1.79149602280241e-75
"Mucor circinelloides",0.117976775223861,0.105879330284021,0.130115170652537,6.44537981674876e-81
"Rhizopus microsporus",0.0552597809350907,0.0224331684887401,0.0972582007487383,0.000542025829068959
"Rhizopus delemar",-0.000682752139765016,-0.0141847459078709,0.0128146842374597,0.921078063784233
"Trachipleistophora hominis",0.0978347236912183,0.0697208548763215,0.125914252506947,9.07852265091417e-12
"Vavraia culicis",0.22622226627071,0.180009597128774,0.272681442310134,7.56693764113333e-22
"Anncaliia algerae",0.0175263367606489,0.00271008161985564,0.0323030738859577,0.0202471312818475
"Amphiamblys sp. WSBS2006",0.177119706647284,0.133104801592431,0.219505281388316,4.31718987674501e-15
"Ordospora colligata",-0.0270734513438319,-0.0819550365792705,0.0267949672468182,0.330894595416499
"Pseudoloma neurophilia",0.256339935149155,0.228646031755372,0.284095367076054,4.44361969170189e-73
"Nematocida parisii",-0.0803288274781575,-0.135091714743679,0.0591459056983517,0.117346056156633
"Nematocida displodere",0.17673867157331,0.126252967309989,0.228689215525355,6.35554731457411e-12
"Nematocida sp. 1",-0.619487066739915,-0.672478973376653,-0.567271706085338,5.69782577042375e-119
"Nematocida sp. ERTm5",0.0890369679158945,0.0400260184626343,0.138382259770567,0.00021173730591161
"Edhazardia aedis",0.112992618443135,0.10299752658265,0.123013034976036,2.46567378657485e-108
"Spraguea lophii",0.14429771759906,0.117179406696969,0.171543413262565,1.84470566248483e-25
"Encephalitozoon intestinalis",-0.30872311138103,-0.367620595983465,-0.240966433488547,4.61032138519027e-23
"Encephalitozoon cuniculi",0.0921508324985835,0.0555317013646282,0.132652338184124,2.74364714205633e-07
"Encephalitozoon hellem",-0.0802456944684417,-0.130294348454314,-0.0317609155348384,0.00409388532805244
"Encephalitozoon romaleae",-0.242505771562215,-0.297233549624363,-0.185956852726954,2.39396593006219e-20
"Vittaforma corneae",1.10293656639293,1.03559737015801,1.17176250709202,2.8010654449238e-278
"Nosema apis",0.0485389265281583,0.0278391939733734,0.0693016482935252,4.46730093545096e-06
"Nosema ceranae",0.0285549097669218,0.00662154407003852,0.0504197800299355,0.0106577328645139
"Nosema bombycis",0.0622465721749131,0.0430760195534859,0.0814257648966444,1.89965588246037e-10
"Enterospora canceri",-0.231561688653931,-0.285293295106193,-0.178232488385637,3.70083545193259e-17
"Hepatospora eriocheir",-0.0846664573381806,-0.112030694451855,-0.0573578684676461,1.05854075416486e-09
"Enterocytozoon hepatopenaei",-0.0521917075958923,-0.0904415292347005,-0.0140298489243622,0.00721113451124914
"Enterocytozoon bieneusi",0.208967849728986,0.191778830320936,0.226189503603026,1.09599756653102e-124
"Wallemia mellicola",0.0168711202882287,-0.0109239190389743,0.0446135231278447,0.234225795712279
"Wallemia ichthyophaga",-0.118509798521612,-0.148075368100118,-0.0889723448320954,3.4298711076163e-15
"Mixia osmundae",0.0943173410370491,0.0643215941204478,0.124527589405397,7.44937992522056e-10
"Microbotryum intermedium",0.0653542726917156,0.0417590803243098,0.0889324753454251,5.94016028857292e-08
"Leucosporidium creatinivorum",0.0389864898621351,0.0155628459915659,0.0624133241775708,0.00110042995666664
"Rhodotorula taiwanensis",0.625035402781174,0.595871598053234,0.654343117929652,0
"Rhodotorula graminis",0.272199729308362,0.251266570000272,0.293081723800684,1.23358529476892e-140
"Rhodotorula toruloides",0.251801581625867,0.233392122641119,0.270178036459084,4.28257573064979e-156
"Rhodotorula sp. JG-1b",0.209327273063922,0.183759307679152,0.234884442016838,4.35223463578695e-58
"Puccinia coronata",0.0572062879883893,0.0471558212492357,0.0672837315336079,6.66930503149993e-29
"Puccinia striiformis",0.0669349646353199,0.0553385970305344,0.078512712196617,1.46316111212009e-29
"Puccinia graminis",0.0645327796982004,0.0534578634466533,0.0756080733096442,3.23112024317869e-30
"Puccinia sorghi",0.142699193961073,0.129367003917174,0.156037003758172,3.72586031349897e-97
"Malassezia globosa",0.307466968012775,0.261936791871725,0.353705123351537,4.59925051564132e-40
"Malassezia restricta",-0.203209402048581,-0.24237144404485,-0.164279337100241,1.62153804557213e-24
"Malassezia sympodialis",0.07484325421173,0.0410499582382586,0.108316580449114,1.43384255847926e-05
"Malassezia vespertilionis",0.360178145460211,0.32751861153973,0.392852114279798,1.56410790203995e-103
"Tilletiaria anomala",0.135347403544278,0.118440325447609,0.152252457524288,5.11862626655591e-55
"Ceraceosorus bombacis",-0.0332409013289799,-0.05347959415338,-0.0129843454177985,0.00130366316199128
"Tilletia controversa",0.111197171966792,0.0503671156975786,0.163244349509655,8.78799138402222e-05
"Tilletia walkeri",0.461897294386089,0.409737505570452,0.513997218982515,9.17273780065374e-68
"Tilletia indica",0.106467563730331,0.0699991703557385,0.142988788424021,9.69949714635477e-09
"Tilletia caries",0.0913539409721615,0.0398489680636731,0.140597103571305,0.000734738628646747
"Violaceomyces palustris",0.176970759505713,0.158911179722197,0.195068179998582,7.74338793837066e-82
"Testicularia cyperi",0.030918210302137,0.00917865375249889,0.0526500003011239,0.00532336992353692
"Pseudozyma hubeiensis",0.0533528427689168,0.026107027251332,0.0806114580883048,0.000125441621218607
"Kalmanozyma brasiliensis",0.121657551755053,0.0988487849607614,0.144516234372306,1.59353635800565e-25
"Moesziomyces aphidis",0.583756088680168,0.532147141958815,0.635663370501791,9.90075196586001e-107
"Moesziomyces antarcticus",0.279957004338822,0.239759468686546,0.319972311056091,5.5878108224503e-43
"Ustilago hordei",0.18228176730778,0.139333574911884,0.225356094130936,7.17849723478193e-17
"Ustilago bromivora",0.0333866036172526,-0.0160787734594929,0.0837300833812211,0.199230368340281
"Ustilago maydis",0.358385230482578,0.335805297093221,0.380928766894615,3.36516525318908e-210
"Anthracocystis flocculosa",0.227914762073067,0.204688604662765,0.251145490012053,1.83597421289988e-82
"Sporisorium graminicola",0.0379139353680582,0.0142979385741092,0.0615439283627851,0.00163814228587783
"Sporisorium reilianum",0.382160693563568,0.362282955711486,0.402051026170837,0
"Dacryopinax primogenitus",0.250155773090489,0.22977732376205,0.270503257453009,1.11209935547915e-127
"Calocera viscosa",0.0729617080353785,0.0550777979660368,0.0908120364315013,1.25052630332139e-15
"Calocera cornea",0.362307003936661,0.343210958008947,0.381409798354752,9.98005134611009e-298
"Xanthophyllomyces dendrorhous",0.16400584775017,0.145305492480952,0.182720962481831,1.63694923415786e-66
"Trichosporon asahii",-0.21019314480271,-0.23703017513772,-0.183664964222356,2.59792960053054e-55
"Naematelia encephala",0.175492490527274,0.153406369184342,0.197608490162591,6.67257398913586e-55
"Tremella mesenterica",0.0485014859809024,0.0271573612574468,0.0698351338420783,8.06095380895614e-06
"Kwoniella heveanensis",0.0682709526661221,0.0204794547910594,0.115383236817209,0.00506416564738395
"Kwoniella bestiolae",0.202870247337595,0.179749234979509,0.226038473489122,1.50942733399842e-65
"Kwoniella dejecticola",-0.0210058182606352,-0.0436649946313681,0.00157786220186265,0.0684370097046561
"Kwoniella pini",-0.113774524756985,-0.130087186620917,-0.09740644590785,1.65588990157124e-42
"Kwoniella mangrovensis",-0.432478072331918,-0.489129240179766,-0.374006901679294,2.1435767646424e-60
"Cryptococcus wingfieldii",0.050258929843163,0.0223176654983801,0.0782072477388985,0.000434804947500901
"Cryptococcus amylolentus",0.0699301740382086,0.0181983990077987,0.119146814414093,0.00834528421177655
"Cryptococcus gattii VGII",-0.0316278906629538,-0.0723518578188432,0.00813092889984148,0.127881307594531
"Cryptococcus gattii VGIII",0.783275467223598,0.722204271179056,0.831647149804564,8.56306964135289e-222
"Cryptococcus gattii VGIV",-0.584013609328588,-0.639253152417866,-0.528036374453413,3.06114313159961e-103
"Cryptococcus gattii VGI",0.209135374647333,0.128864861823422,0.299306909915522,2.32541531969502e-08
"Cryptococcus depauperatus",-0.298327431811861,-0.328801369603848,-0.267741648933609,4.7233723902714e-88
"Cryptococcus neoformans",0.0664445773701508,0.0494241951094711,0.0834640016059297,2.05742778761214e-14
"Sphaerobolus stellatus",-0.00582738291022166,-0.0146855641312108,0.00304868691501177,0.197982235057517
"Punctularia strigosozonata",0.178490012965866,0.159420240365178,0.197572487492542,3.14576865532676e-75
"Gloeophyllum trabeum",0.304791474886917,0.288144125642968,0.321483570980133,4.32516476749572e-277
"Neolentinus lepideus",0.242080651954471,0.223704749825015,0.26048139106174,5.82960420587308e-148
"Sistotremastrum niveocremeum",0.125695366934726,0.102769482414472,0.148676006737831,7.63436273436517e-27
"Sistotremastrum suecicum",0.248902648506871,0.227168793529028,0.270633096520558,5.87198887151128e-110
"Serendipita vermifera",0.0082280447564118,-0.010678591145732,0.0271132079372237,0.393729318338307
"Serendipita indica",0.0104321267557197,-0.00919034095096776,0.0300095545359381,0.297691397556385
"Exidia glandulosa",0.308239783579644,0.293855714301636,0.322634460601159,0
"Schizopora paradoxa",-0.0460120640083275,-0.062443944091978,-0.029618648726849,3.73302710340801e-08
"Fomitiporia mediterranea",0.0652616367019342,0.0497277863260217,0.0807814509865991,2.07851370333114e-16
"Pyrrhoderma noxium",0.0392129801045178,0.0216358647121527,0.0568064286988678,1.23759024618688e-05
"Botryobasidium botryosum",0.227342446437078,0.210502477438359,0.244205640573718,7.7338157231545e-155
"Rhizoctonia solani",-0.00094271609495084,-0.0110810527945027,0.00923191336380874,0.858612767764648
"Peniophora sp. CONT",0.217137780375538,0.200816298938332,0.233448943876765,8.65577057950946e-148
"Stereum hirsutum",0.0898277454956037,0.0719058187283318,0.107745600600624,1.19898129531897e-22
"Heterobasidion irregulare",0.121612784617177,0.101632887626412,0.141580920632721,1.63294017501073e-32
"Phlebia centrifuga",0.180432607804828,0.159047522398394,0.201821314019197,2.4581574577143e-61
"Gelatoporia subvermispora",0.131098635221427,0.111376906112582,0.150869296772353,5.85775303687447e-39
"Fomitopsis pinicola",0.126870550424046,0.107274308177293,0.146453742383039,5.69746487239346e-37
"Daedalea quercina",0.089595874419886,0.0675465998028618,0.111646434556974,2.21113131887459e-15
"Grifola frondosa",0.0783927599860439,0.0584318812911432,0.0983263161667125,1.29850218650233e-14
"Postia placenta",0.228569626930363,0.198967513114338,0.258342250661735,4.10445350138578e-54
"Phlebiopsis gigantea",0.342380110673262,0.324508770515656,0.360226653092025,2.71562176552748e-300
"Phanerochaete carnosa",0.240044561578407,0.224036948761549,0.256088819326699,1.79354981240557e-188
"Phanerochaete chrysosporium",0.130206117290828,0.111705856097934,0.148709730591931,2.49512840353555e-43
"Wolfiporia cocos",0.306395081680691,0.282747916572961,0.330104216804601,7.87198660542919e-144
"Laetiporus sulphureus",0.180444216608297,0.166370321512572,0.194533204005304,3.7258013100303e-139
"Ganoderma sinense",0.290723662417064,0.272062281644992,0.309423171623773,2.84526877352405e-205
"Dichomitus squalens",0.385730822475687,0.368514415059722,0.4029342164314,0
"Trametes pubescens",0.0139049926494638,-0.00605280547569551,0.0339029712740403,0.172493542854938
"Trametes coccinea",0.0856958685426168,0.0685338834674405,0.102847228817187,1.33055464646326e-22
"Trametes cinnabarina",0.516876515582227,0.492657836872683,0.541092083957078,0
"Trametes versicolor",0.147198930347015,0.126402126024235,0.167971217840338,6.14944381899801e-44
"Jaapia argillacea",0.116730457461787,0.0971045680671893,0.136360804223457,2.39962063143008e-31
"Plicaturopsis crispa",0.156015677506198,0.136433868279347,0.175626556040317,1.3132641656647e-54
"Piloderma croceum",-0.123548516188074,-0.137161504720588,-0.1099075895013,3.80596420384767e-70
"Fibularhizoctonia sp. CBS 109695",0.215606899916921,0.202206929197572,0.229031753234604,1.52915299061201e-215
"Serpula lacrymans",0.10606231327699,0.0425972935858867,0.13485297092,0.0153869045274253
"Coniophora puteana",0.359290957691321,0.342129600312959,0.376482895211147,0
"Hydnomerulius pinastri",0.0938730417462283,0.0750495674952962,0.112710981309156,1.68965021090327e-22
"Paxillus involutus",0.133745071904097,0.11444681199269,0.153112140033215,5.659533945286e-42
"Paxillus rubicundulus",0.130719364705871,0.115361931394002,0.146045873731356,8.33662417926962e-62
"Pisolithus tinctorius",0.455993695239798,0.437771137862914,0.474258118915425,0
"Pisolithus microcarpus",0.0698684057381071,0.0527847168539999,0.086966489391028,1.15681352897269e-15
"Scleroderma citrinum",0.266739800130197,0.248309436639972,0.28514751999541,2.11821424946761e-175
"Suillus luteus",0.184828580354485,0.168409108508085,0.201248882708737,6.64770640274554e-107
"Rhizopogon vinicolor",0.639612989241382,0.615743256221482,0.663506241626914,0
"Rhizopogon vesiculosus",-0.183361250275536,-0.205905961722651,-0.160872561085466,1.38459856112091e-57
"Schizophyllum commune",0.0812509510152413,0.0637125460398648,0.0988159375232938,1.13793268356181e-19
"Amanita muscaria",0.104399770439158,0.0818007251285972,0.127017408874854,1.2334101707198e-19
"Amanita thiersii",0.0308453784892325,0.0110479712876926,0.050648426507259,0.00226566953747487
"Hebeloma cylindrosporum",0.134031459282637,0.117660871483254,0.150400332634988,1.01563465468478e-57
"Fistulina hepatica",-0.0702696210808163,-0.0858494635772837,-0.0546989237135398,1.05621478248373e-18
"Laccaria bicolor",0.199874801351309,0.184215763538744,0.215521893947939,4.57553465288093e-135
"Laccaria amethystina",0.225883698639885,0.207328311578358,0.244432558705851,4.0824585236157e-123
"Pleurotus ostreatus",-0.0166911572107676,-0.0324968461137504,-0.00084299168640232,0.0389816103176374
"Coprinopsis cinerea",-0.0874744279021653,-0.106253306676773,-0.0686890599293625,8.67456877743984e-20
"Moniliophthora perniciosa",1.05511082852854,1.02644656798847,1.08384312581867,0
"Moniliophthora roreri",0.222918644623206,0.209922699523901,0.235891968431956,1.63924969619598e-246
"Hypsizygus marmoreus",-0.148082663361577,-0.157965387003587,-0.138189448148897,7.30378698215124e-185
"Termitomyces sp. J132",0.164722540839608,0.15018919252512,0.179267717749013,8.22396947037257e-109
"Gymnopus luxurians",0.0361344030988013,0.0220485614995812,0.0502360034573862,4.90865874089241e-07
"Lentinula edodes",-0.087873533819948,-0.102811723150928,-0.0729289776311789,1.23661835107052e-30
"Cylindrobasidium torrendii",0.196660487522235,0.177691112560297,0.21563605887336,2.40404810467605e-90
"Armillaria solidipes",0.0625500180564778,0.0457716407148325,0.0792790394430665,2.73395341084682e-13
"Armillaria ostoyae",0.053937474154017,0.0293656034493557,0.0785264338364016,1.65149360384852e-05
"Armillaria gallica",0.180468511989398,0.165444796134381,0.195512563857661,2.66409060941924e-122
"Hypholoma sublateritium",0.130372480628431,0.113844586672322,0.146912842158946,1.06355885699862e-53
"Galerina marginata",-0.0222533255545247,-0.0382429752435627,-0.00629145952246657,0.00628510403465705
"Agaricus bisporus",0.175468021263543,0.152906686688999,0.198056327494013,2.13997442151517e-52
"Leucoagaricus sp. SymC.cos",0.229285032371498,0.216782471382495,0.241794921041486,8.64652307022827e-277
"Protomyces lactucaedebilis",0.0817731992744788,0.0374868114085532,0.126233439805143,0.000296604635715722
"Neolecta irregularis",0.232455597466675,0.207837214980671,0.257108607892021,2.38661733877282e-75
"Saitoella complicata",0.555585154913527,0.528656675417034,0.582477178773548,0
"Schizosaccharomyces pombe",0.150367806273383,0.130145983754201,0.17061258989561,5.55815745236815e-48
"Pneumocystis jirovecii",0.182570751135803,0.145130974393344,0.219575289733813,5.9866891013554e-22
"Pneumocystis murina",0.0979042757162006,0.0713140641909876,0.124652062330528,6.71745377990475e-13
"Pneumocystis carinii",0.0799175404202186,0.059914857047006,0.0999431924065873,5.36137405783227e-15
"Tortispora caseinolytica",0.218463582772543,0.19353564399357,0.243449185292754,2.09239184046889e-66
"Yarrowia lipolytica",0.109411804494679,0.0637807911931566,0.155953581227045,1.19050050828384e-06
"Sugiyamaella lignohabitans",0.155660853984158,0.126752813668883,0.184645876022273,8.04486677387544e-26
"Lipomyces starkeyi",0.159964525978715,0.14273236473741,0.177200426239868,6.00342714209192e-74
"Metschnikowia bicuspidata",0.259057143102928,0.23794860287227,0.280282339302088,2.58593987440148e-127
"Clavispora lusitaniae",0.187380142325858,0.161615332064971,0.213178587678451,1.11576156716275e-45
"[Candida] intermedia",0.0403492696305024,0.0145785163416586,0.0661343293237038,0.00216039799392849
"Kuraishia capsulata",-0.235712256802057,-0.264152850455921,-0.207267456326706,8.1211439553308e-60
"Nadsonia fulvescens",0.509891458852052,0.485326711967207,0.534508551893002,0
"Ascoidea rubescens",0.151121917905219,0.134003315410465,0.168276254105014,1.42508086524382e-66
"Komagataella phaffii",-0.448060789624005,-0.680337123834557,-0.324390665190099,1.91294332051307e-09
"Komagataella pastoris",0.296228519405738,0.261273642526395,0.331423867087329,5.04644572519617e-64
"Wickerhamomyces anomalus",0.328609861170884,0.310098753335231,0.347160781128535,1.66738210044989e-264
"Cyberlindnera jadinii",0.117395918227201,0.0926426526177577,0.142199979074448,1.59735668305614e-20
"Cyberlindnera fabianii",0.272690198168176,0.254914348799677,0.290468680325791,2.13931023147803e-198
"Hanseniaspora osmophila",-0.0371807505242831,-0.0578943861078976,-0.0164483465452579,0.000441134493985771
"Hanseniaspora opuntiae",-0.143028886629086,-0.172470378445744,-0.113734852270281,5.3269848817027e-22
"Hanseniaspora uvarum",0.224291225873068,0.19961386403526,0.248949923119815,3.02130422320029e-70
"Hanseniaspora guilliermondii",0.137550690428486,0.115491167487098,0.159593884201062,2.91231908116648e-34
"Hanseniaspora valbyensis",0.300151257386677,0.279230511057091,0.321092802323125,3.96237565057243e-174
"Brettanomyces nanus",0.214403352717701,0.192342096952343,0.236453998210205,6.97874851700926e-81
"Brettanomyces bruxellensis",-0.00953152663770057,-0.0376561762141772,0.0185705097675656,0.50504634042805
"Ogataea parapolymorpha",0.143163110458052,0.116398686273947,0.169964092622767,9.417242125113e-26
"[Candida] arabinofermentans",0.0339603041396064,0.015234420921491,0.0526806121489396,0.000379611343115621
"Pichia membranifaciens",0.0878930832304661,0.0682230166058603,0.107568564262016,1.7984413131491e-18
"Pichia kudriavzevii",0.076676846049818,0.0576345228844592,0.0957153591640322,2.8579545599322e-15
"Millerozyma farinosa",0.215004682641948,0.198516923800292,0.231470798901868,2.89254243936623e-141
"Yamadazyma tenuis",-0.0502761522262764,-0.0709971694014759,-0.0295459747897048,1.91891147174995e-06
"Scheffersomyces stipitis",0.274997918071076,0.258120984654325,0.291857929916197,3.75504206813338e-219
"Debaryomyces hansenii",-0.071832182820455,-0.092816902714039,-0.0508293678372655,2.18150722992342e-11
"Suhomyces tanzawaensis",0.443777398345963,0.417102931920263,0.47050438894894,7.17106318100792e-234
"Babjeviella inositovora",0.561929437056926,0.538077706103256,0.58581129264098,0
"Meyerozyma guilliermondii",0.245119305193371,0.210490753293796,0.279830095442551,4.01649135504884e-43
"Hyphopichia burtonii",-0.170614106691713,-0.191995039479033,-0.149184359711746,1.18070638142703e-54
"Spathaspora passalidarum",0.232644561264064,0.212371755509114,0.252988426595503,7.19274757027219e-112
"Lodderomyces elongisporus",0.0202141596976953,-3.82556587986097e-05,0.0404605018516435,0.0503899971137898
"Candida dubliniensis",-0.0552219059749506,-0.0743430163895067,-0.0361568339172995,1.41424985465692e-08
"Candida maltosa",0.0771175076274532,0.0586875729461428,0.0955424685007013,2.74626399232885e-16
"Candida parapsilosis",-0.121737442830087,-0.143857286822244,-0.09958907501514,5.254698962962e-27
"Candida orthopsilosis",-0.068888701669565,-0.0925931322530467,-0.0452077391394706,1.16380480445101e-08
"Candida tropicalis",0.214216476821592,0.194656236738366,0.233786435915541,1.12864905206565e-101
"Candida albicans",0.0118121352602874,-0.0167344189590647,0.0401136810553081,0.419125669560405
"Saccharomycetaceae sp. 'Ashbya aceri'",-0.13348497058011,-0.171598945652367,-0.0953860603534073,3.77217145005399e-12
"[Candida] glabrata",-0.212166087941951,-0.23121220612954,-0.193152567454581,1.54208515993715e-106
"Kazachstania africana",0.231676202558492,0.204314840888713,0.259094052906171,7.98150705095141e-62
"Kazachstania naganishii",-0.133992451534412,-0.167481582683729,-0.10030230653754,4.99760412736141e-15
"Eremothecium gossypii",-0.117568757095141,-0.175631761560983,-0.0414920328466322,0.00287714084075116
"Eremothecium cymbalariae",0.338686348984675,0.303244578602236,0.374433819902934,2.78021142693084e-75
"Eremothecium sinecaudum",-0.739480835290588,-0.781592146858395,-0.698370378327453,6.39464018703588e-290
"Torulaspora globosa",-0.575693028676961,-0.604646863492467,-0.546880023993643,0
"Torulaspora delbrueckii",0.0317869075504656,0.00682111934340515,0.0567682207838404,0.0126385885406431
"Zygotorulaspora mrakii",-0.191282545664263,-0.218884690981532,-0.163674950331828,1.27485396754971e-42
"Pachysolen tannophilus",0.191609664290629,0.174243314129917,0.208941874114729,4.10159730891718e-103
"Naumovozyma castellii",-0.192160318314772,-0.217924760446935,-0.166462034891675,1.27625118814779e-48
"Naumovozyma dairenensis",0.12387151996396,0.108420786471694,0.139339538256053,5.19639808286054e-56
"Zygosaccharomyces bailii",-0.0696189333686569,-0.121000873114814,-0.0248285662879116,0.00216790563642271
"Zygosaccharomyces parabailii",-0.389311764115052,-0.449082183578476,-0.364879096898183,1.35309158970993e-62
"Zygosaccharomyces rouxii",0.0824156733039349,0.0511588424266633,0.113648320066756,2.4459406726291e-07
"Vanderwaltozyma polyspora",0.33733778533245,0.321157793578949,0.353503816813923,0
"Lachancea mirantina",0.520329957795432,0.48459460312666,0.556182620962456,7.72291694304972e-180
"Lachancea thermotolerans",0.364071174575642,0.33021825541537,0.397996592602205,2.86047184906914e-99
"Lachancea dasiensis",0.177955168204439,0.14833567037561,0.207541590261817,4.06323606116426e-32
"Lachancea meyersii",0.260258040296045,0.2359523278956,0.284504005114836,1.97729754942756e-96
"Lachancea sp. PJ-2012a",0.272233148133843,0.243524792120004,0.301241712321814,2.49841757453353e-75
"Lachancea quebecensis",-0.145353105432205,-0.182897540609498,-0.107797158270121,2.83474194247178e-14
"Lachancea fermentati",-0.0273047526882858,-0.0550367000344115,0.000512119247804053,0.054324695447052
"Lachancea nothofagi",0.164406677406276,0.14015680186501,0.188616038337803,3.98616097915608e-40
"Kluyveromyces lactis",0.314450187615475,0.286470916435639,0.342572996768241,1.35877773451141e-107
"Kluyveromyces marxianus",0.0163518661140914,-0.0143158659729151,0.0471445739008706,0.294849797802273
"Kluyveromyces dobzhanskii",0.186777461776889,0.156635521230198,0.216903908543385,5.50024129429366e-34
"Tetrapisispora phaffii",0.174737656832117,0.157320194134321,0.192192257327751,1.08065165173925e-85
"Tetrapisispora blattae",0.477365807848061,0.459449924402325,0.495306961588841,0
"Saccharomyces sp. 'boulardii'",-0.867308160612571,-0.987056908109522,-0.740543078146812,6.43646162086854e-62
"Saccharomyces cerevisiae x Saccharomyces kudriavzevii",-0.0531673218321249,-0.10401857429422,-0.00140757539394505,0.0443712223158521
"Saccharomyces kudriavzevii",0.0449164909579612,-0.0100312730317261,0.100194559296241,0.10312357528969
"Saccharomyces paradoxus",0.129553509443665,0.102744631942249,0.156332222235123,2.24278679878544e-21
"Saccharomyces arboricola",0.28531411190826,0.261017465012638,0.309634980268878,4.7843069655741e-116
"Saccharomyces eubayanus",0.170497947603048,0.150358031902589,0.190676972097501,3.00724400750029e-61
"Saccharomyces cerevisiae",-0.362108832440711,-0.39910872829331,-0.325084713159117,7.27043142759235e-82
"Drechslerella stenobrocha",0.124614445855061,0.100476261407856,0.148766555481502,5.22951749545355e-24
"Arthrobotrys oligospora",0.0840562788644637,0.0685246432501155,0.099572669591009,2.35240721888e-26
"Dactylellina haptotyla",0.192835575129136,0.177496533071156,0.208177993451169,7.87175802573301e-133
"Tuber borchii",0.0621930820619327,0.0503846062088478,0.074011186215508,6.03233902382439e-25
"Tuber magnatum",-0.00770407191449218,-0.0202693073720894,0.0048537512454772,0.229474415347694
"Umbilicaria pustulata",0.361772905103915,0.344598992579506,0.378935934593639,0
"Xylona heveae",0.199343784664002,0.182165278464709,0.216544814816258,2.40275780689724e-114
"Coniosporium apollinis",0.379966320881767,0.360103024063103,0.399824921440635,4.5580860687317e-294
"Diplodia seriata",0.239641505890104,0.226233481550044,0.253063840525101,4.21166954861704e-265
"Macrophomina phaseolina",0.0492195149522645,0.0368295977189659,0.0615978528769958,6.56709299931097e-15
"Neofusicoccum parvum",0.201635649257244,0.185093296220842,0.218169320411684,2.20235958122489e-125
"Cenococcum geophilum",0.108878613793661,0.0974635978403952,0.12029391051927,2.46725309440658e-77
"Clohesyomyces aquaticus",0.174529436235953,0.160173830446175,0.188890853725764,6.46519032337177e-126
"Corynespora cassiicola",-0.100805246044178,-0.118001493417657,-0.0836124241075095,1.54032388155967e-30
"Stagonospora sp. SRC1lsM3a",0.325656418232008,0.306991346753718,0.344316855262735,1.071949551717e-252
"Periconia macrospinosa",-0.0081461583800178,-0.0221479628635751,0.00587250630069146,0.254557088039639
"Pyrenochaeta sp. DS3sAY3a",0.144863301345434,0.126259229555133,0.163477840143548,3.01661004868565e-52
"Epicoccum nigrum",0.349521810067201,0.330438173762014,0.368621976493545,1.9938629946256e-276
"Ascochyta rabiei",0.145413492612737,0.129877016650938,0.160977606042682,4.35457214360637e-74
"Exserohilum turcicum",0.0573313927380333,0.039088839051145,0.0755408989962637,7.31979221773469e-10
"Bipolaris victoriae",0.178109755271189,0.135682657858582,0.220124295144735,1.17936625852746e-16
"Bipolaris zeicola",0.0441386660415205,-0.00709886878080667,0.0928383020974257,0.0947414428801059
"Bipolaris maydis",-0.0583667446365168,-0.115696023896077,-0.0104820548501513,0.021341234942555
"Bipolaris sorokiniana",0.0942796362466907,0.0750820734168672,0.113484324535901,7.18352323706306e-22
"Bipolaris oryzae",0.0904054071770362,0.0640911335641076,0.116684879637451,1.90979765695705e-11
"Stemphylium lycopersici",0.0478946073866922,0.0308638675963776,0.0649385965047705,3.51432756355218e-08
"Elsinoe australis",-0.0326476606319892,-0.065305271853335,-3.74242386523083e-05,0.0499028449153159
"Aureobasidium melanogenum",0.148061510426576,0.127807626471593,0.168412072360044,1.67592257913646e-46
"Aureobasidium namibiae",0.126447343965183,0.105959813344368,0.146946270789738,8.62689645139622e-34
"Aureobasidium subglaciale",-0.0440128308918165,-0.0643620952292541,-0.0236855267115313,2.26440685533729e-05
"Acidomyces richmondensis",-0.00881327595114213,-0.023051424789016,0.00541989604445862,0.224829358711802
"Rachicladosporium sp. CCFEE 5018",0.342626626734086,0.304069303512672,0.381227620497631,3.73105839747251e-69
"Rachicladosporium antarcticum",0.0442178728906987,0.0274314973281521,0.0610207238244828,2.51060840333849e-07
"Hortaea werneckii",0.152588823895627,0.136274021220343,0.16886495414084,1.71489810424749e-75
"Baudoinia panamericana",0.324247620044387,0.305215981784661,0.343343718361549,1.12850200929135e-246
"Sphaerulina musiva",0.225547187869503,0.207394077627623,0.243658165560565,1.01067525712755e-129
"Cercospora beticola",0.309435617437475,0.284820764108525,0.334088326330062,4.80434510352761e-135
"Cercospora zeina",-0.233350884607091,-0.243362381825082,-0.223326019750152,0
"Cercospora berteroae",0.280740649456663,0.263243835147446,0.298251867151858,3.6855104223418e-217
"Zymoseptoria brevis",0.334572733965495,0.312837583018486,0.356297981431663,7.0659084467721e-200
"Zymoseptoria tritici",0.0864319829585705,0.0656130078210996,0.10724979173833,6.28998081522165e-16
"Pseudocercospora eumusae",0.188140536690737,0.168598272120474,0.207663719240656,1.17027922992331e-78
"Pseudocercospora musae",0.145884976150131,0.132696633093199,0.159079866015876,1.01922933322673e-104
"Pseudocercospora fijiensis",-0.0682114995794027,-0.0814359361846397,-0.0549981639032315,4.208337875924e-24
"Phaeomoniella chlamydospora",-0.0968101115129792,-0.113967011907627,-0.0796770127234699,1.65005491860791e-28
"Endocarpon pusillum",0.158462609181967,0.142482123696781,0.174436533036027,2.40746836289332e-84
"Cyphellophora europaea",0.0948713309655229,0.0760966250832933,0.113676936608439,3.56067866762671e-23
"Phialophora americana",0.189083233868665,0.170002459159878,0.208139921422656,2.13622006566147e-83
"Rhinocladiella mackenziei",0.267737742372304,0.249637464183386,0.285841071288326,7.62187968975586e-186
"Capronia coronata",0.304403875025378,0.282753663702357,0.32606269786302,5.74364303143411e-166
"Capronia epimyces",0.143010334238854,0.122255322787148,0.163791216640487,1.40802093540295e-41
"Exophiala dermatitidis",0.29707785847538,0.278223437937057,0.315942459881939,2.62340554688479e-207
"Exophiala aquamarina",-0.0500088672057426,-0.0697297053414859,-0.0302824353510686,6.71409826791403e-07
"Exophiala sideris",0.283689535465353,0.267784383813531,0.29964964921837,1.46695428316432e-258
"Fonsecaea multimorphosa",0.0914096880052988,0.0766684245461617,0.106168046368252,8.5602386434336e-34
"Fonsecaea pedrosoi",0.328064922665066,0.309194069490254,0.34692737777344,2.56465670135943e-252
"Cladophialophora yegresii",0.31276223990366,0.29027365762656,0.335240671143659,3.17123669365293e-159
"Cladophialophora carrionii",0.0986818117414322,0.0793958033178245,0.117952128674348,1.29067645912058e-23
"Cladophialophora bantiana",0.121011596231776,0.0977236366998175,0.144312142005283,1.84327389374248e-24
"Cladophialophora psammophila",0.230961492160859,0.212336774808476,0.249598178473657,4.41145481590003e-129
"Ascosphaera apis",0.149980543836655,0.131751438987982,0.168212795829527,2.27262875979535e-58
"Uncinocarpus reesii",0.0419462846660199,0.0219762198946314,0.0619117573683572,3.90451376266178e-05
"Nannizzia gypsea",0.200265464926516,0.173684971272176,0.22668828367697,4.94691690709617e-49
"Microsporum canis",0.0692289137130768,0.0516263135628328,0.0868149514626147,1.30007562263458e-14
"Trichophyton tonsurans",-0.0302699759482956,-0.0880964045220803,0.0294320545549478,0.176216948142046
"Trichophyton interdigitale",-0.0484246230328197,-0.118732117085134,0.00673439738751482,0.0914991806666648
"Trichophyton soudanense",0.785119989823986,0.714876869695542,0.866822448747489,1.31444987454539e-54
"Trichophyton rubrum",-0.051887713192591,-0.11420431558534,0.044860026207938,0.230060623104279
"Trichophyton equinum",0.464951715484602,0.394331751141269,0.531682652303598,4.13805374766638e-46
"Trichophyton mentagrophytes",-0.0891248078879352,-0.0983776233441752,-0.0798823676168343,9.23997883981679e-79
"Trichophyton verrucosum",-0.359426389449307,-0.402912175582343,-0.316769002605995,5.64560604009743e-65
"Trichophyton benhamiae",0.688063368604487,0.642046250149936,0.735493775329866,6.95906798111372e-201
"Coccidioides immitis",-0.300808910802772,-0.339267605784111,-0.264368494564852,4.00786950654348e-60
"Coccidioides posadasii",-0.408983474077319,-0.456907723338888,-0.361814518306622,3.65866067766399e-73
"Paracoccidioides brasiliensis",0.00184454918727957,-0.0167423464673746,0.0204509323859449,0.845489307940459
"Paracoccidioides lutzii",0.304458973084339,0.289661889806779,0.319279062904277,0
"Emergomyces pasteurianus",0.0820873012241916,0.0682654771533101,0.0959189038835365,3.74904117733481e-31
"Polytolypa hystricis",0.316795677802072,0.301593483912604,0.332030767206678,0
"Helicocarpus griseus",0.131844856367922,0.11258783922645,0.151117577247679,7.52469839105064e-41
"Histoplasma capsulatum",0.0987389121611311,0.0886357894565073,0.108839602705482,1.81988781351369e-81
"Emmonsia sp. CAC-2015a",0.0419843315571735,0.0275879326275198,0.0563711169078317,1.07067869068232e-08
"Emmonsia crescens",0.251215652693143,0.240566526309232,0.261857242920149,0
"Blastomyces parvus",0.42858901663573,0.408191020279671,0.449000907399132,0
"Blastomyces percursus",0.077676811813243,0.0622137474113661,0.0932081068671738,8.39413466364081e-23
"Blastomyces gilchristii",0.0294083442450504,0.014044637897888,0.0447721587517513,0.000172675738032728
"Blastomyces dermatitidis",0.152702525184159,0.139277968583058,0.166159752188675,2.55060655435193e-109
"Blastomyces silverae",0.200253860278137,0.18358844656516,0.216936301174443,2.55002761644951e-123
"Byssochlamys spectabilis",0.131158334265388,0.115355286735581,0.146957620058434,2.41410307599062e-59
"Elaphomyces granulatus",0.12599197869167,0.113715390082631,0.138245488561618,4.3314072259252e-90
"Rasamsonia emersonii",0.0440409594839018,0.0294768304222186,0.0586040210515314,3.03710883803784e-09
"Talaromyces marneffei",-0.605560172384322,-0.651478562704103,-0.562770650504096,2.24541334528785e-230
"Talaromyces cellulolyticus",-0.240776990438907,-0.2773562203524,-0.204752018463966,9.94701242197407e-40
"Talaromyces stipitatus",0.0415496319846887,0.0263263058490141,0.0567378227341232,8.43416385298551e-08
"Talaromyces islandicus",0.116729752225766,0.102036912782915,0.131428341136608,2.09526496420469e-54
"Talaromyces rugulosus",0.240981646071627,0.22500501912107,0.256945651103561,4.94796558107177e-189
"Penicilliopsis zonata",0.278367647135278,0.256172467435895,0.300552520758861,2.8731330108179e-131
"Penicillium chrysogenum",1,1,1,1
"Penicillium rubens",3.3219656317219,2.10791041845457,3.68527684930836,2.59418564489389e-48
"Penicillium flavigenum",0.341870773915341,0.313230863716634,0.370491490888779,6.72468546337937e-120
"Penicillium solitum",0.137598187090619,0.100500110937587,0.174787616961701,4.36904707887343e-13
"Penicillium digitatum",-0.0390412549829795,-0.15583989036471,0.43788336271604,0.218976121043298
"Penicillium roqueforti",-0.158603188427571,-0.181783056527814,-0.135444631131537,2.70017313958033e-41
"Penicillium nordicum",0.170996917639924,0.148365584735223,0.193637129407549,2.27213091023571e-49
"Penicillium nalgiovense",0.39047022545358,0.361829906090773,0.419151457555191,2.58262759342657e-154
"Penicillium sp. 'occitanis'",0.0917850702108606,0.0578926385547006,0.12551877939321,7.63732436797442e-08
"Penicillium griseofulvum",0.156534991306868,0.139313858696841,0.173759486888119,4.75731955839328e-71
"Penicillium antarcticum",0.163553920661986,0.145885812525668,0.18123489058131,3.68445126138924e-73
"Penicillium brasilianum",0.0371706459922566,0.0229895954441108,0.0513634020971651,2.85974359101476e-07
"Penicillium vulpinum",0.0213186910326166,-0.00196368519355241,0.0446405094032184,0.0725363938182315
"Penicillium freii",0.0498328163698069,0.0194564742211617,0.080107331226511,0.00130251041077185
"Penicillium camemberti",-0.0107057417406584,-0.0426503199844145,0.0211017761853519,0.511854341790345
"Penicillium polonicum",0.113076423476895,0.0866886710502378,0.139563947581936,4.49319734218098e-17
"Penicillium decumbens",0.374537624436396,0.349267240349902,0.399807017064014,7.18307034457677e-182
"Penicillium italicum",0.382691834614422,0.362689774209396,0.402744803020126,1.62267145155183e-303
"Penicillium coprophilum",0.0929492164966505,0.0736790747358808,0.112246119727476,3.04454241485699e-21
"Penicillium oxalicum",0.346650838470643,0.324934322458558,0.368404670062727,1.23804030170223e-212
"Penicillium steckii",-0.123457981727652,-0.140803995599228,-0.106111189031925,2.76829575926552e-44
"Penicillium subrubescens",0.084519872087894,0.0701708561797774,0.0988784498349224,7.36108788505006e-31
"Aspergillus violaceofuscus",-0.503794500446119,-0.561129065035917,-0.445581130499369,1.94431605036414e-69
"Aspergillus parasiticus",0.26252093102607,0.22531162787207,0.299981883916967,4.16679895635266e-45
"Aspergillus flavus",-0.0175248738916732,-0.0696273596898798,0.0319146295870626,0.500633136238511
"Aspergillus ochraceoroseus",-0.648411705936084,-0.709129570494897,-0.588150198729723,1.91057763777062e-88
"Aspergillus tubingensis",0.105439989764797,0.0589738994214593,0.150549596360496,7.36045098882658e-06
"Aspergillus kawachii",-0.147962468737782,-0.190497578937308,-0.105251675069374,1.11200252774647e-10
"Aspergillus arachidicola",0.713439862741812,0.683684877866553,0.743249846049097,0
"Aspergillus oryzae",-0.213173628807513,-0.261334120845162,-0.159303891454451,6.77616392776861e-16
"Aspergillus glaucus",0.505347526933534,0.483681966535278,0.527027464750163,0
"Aspergillus novofumigatus",0.163393534446245,0.138500431298182,0.188191335616533,2.07201603517161e-37
"Aspergillus japonicus",0.276560121719008,0.218144539024943,0.335548015375636,2.27858845345684e-21
"Aspergillus piperis",0.149561315419651,0.0968272730066297,0.200422521811149,2.50238603023032e-08
"Aspergillus luchuensis",0.807134943073986,0.746128269419999,0.868030854825611,3.29230632269634e-165
"Aspergillus indologenus",0.0564594844294969,0.0299061677405534,0.082968212527157,3.20390621266095e-05
"Aspergillus brunneoviolaceus",0.255396291549843,0.232688110180302,0.278109700890123,4.49752606472328e-106
"Aspergillus vadensis",-0.25078973438557,-0.27524268848364,-0.226333068108112,4.98373127352319e-89
"Aspergillus udagawae",0.133082206428086,0.111061196129936,0.15511431785539,1.79818844844166e-32
"Aspergillus uvarum",0.0979613523116964,0.0777915526973992,0.11812523570192,1.95110352410936e-21
"Aspergillus niger",0.0247812172527403,-0.012390555266124,0.062907106879512,0.187424687362424
"Aspergillus ustus",0.217921314539315,0.199365291304175,0.236516118402299,4.24134077247088e-117
"Aspergillus neoniger",-0.107140843264646,-0.140012046106824,-0.0741138220245313,1.80850465829216e-10
"Aspergillus eucalypticola",-0.0318365370665403,-0.0603112204993946,-0.00338032271216795,0.0283183494784588
"Aspergillus versicolor",0.147583205162358,0.128811244465973,0.166385957317023,1.10578521504529e-53
"Aspergillus calidoustus",-0.0497460640851392,-0.0688046178782723,-0.0307151427302402,2.99758388769075e-07
"Aspergillus carbonarius",0.121298924096115,0.105745608340434,0.136842973013683,1.54295001804474e-52
"Aspergillus sclerotiicarbonarius",0.267915442140568,0.252460465199622,0.28340446092253,2.45812556921859e-250
"Aspergillus rambellii",1.61453259329555,1.56312356210463,1.66650445293385,0
"Aspergillus campestris",0.143975011401673,0.12647972720416,0.161526706033097,2.40353311034682e-58
"Aspergillus cristatus",0.0657688358759629,0.0439776735532307,0.0875076435647395,3.32197138308142e-09
"Aspergillus ellipticus",0.0811550260715731,0.0642821207946601,0.0980677222652861,4.53703785189325e-21
"Aspergillus aculeatinus",0.029891132788188,0.000277250874538766,0.059529049323976,0.0479000310442516
"Aspergillus turcosus",0.367380236513445,0.341314191092464,0.393498998960919,1.05512008387909e-166
"Aspergillus aculeatus",-0.113071417438191,-0.136673392311875,-0.0894575114683999,4.87774612243401e-21
"Aspergillus saccharolyticus",0.0486106152505572,0.026611696770099,0.0706129925203932,1.49364242722397e-05
"Aspergillus nomius",0.112595780758388,0.0996059148669028,0.125544531538046,2.04627057787075e-64
"Aspergillus wentii",0.152008167064667,0.137145869761756,0.166880176591016,8.66005080490631e-89
"Aspergillus fumigatus",-0.0343746219811066,-0.0690729242331594,0.000146060023778409,0.0516588269444036
"Aspergillus ruber",0.387516799183802,0.360324835375635,0.414723415504529,1.1007173687245e-170
"Aspergillus sydowii",0.217137199542778,0.194057114736036,0.240187040504642,6.47743502405167e-76
"Aspergillus nidulans",0.200431661805365,0.1809333526223,0.219952269827719,7.02866895935731e-90
"Aspergillus sclerotioniger",0.202596342388221,0.183010602645449,0.222214350404697,1.04443203391378e-91
"Aspergillus brasiliensis",0.318550668972847,0.296790627141409,0.34032575470507,7.94861052124988e-179
"Aspergillus heteromorphus",0.110383103429144,0.0903516838877187,0.130409265652961,4.17160879380545e-27
"Aspergillus steynii",0.0191899255250978,0.00416241531555146,0.0342241707285461,0.0123269955491977
"Aspergillus taichungensis",0.118924542500596,0.102450372171481,0.135388159173458,1.36468665636884e-45
"Blumeria graminis",0.159651979822902,0.146256958727935,0.173062495054409,5.74759547561014e-120
"Erysiphe necator",0.209020061639814,0.194363635771039,0.223689936378258,5.12725880977247e-170
"Erysiphe pulchra",0.140291503585514,0.127001680249045,0.15357982507821,7.62035081857619e-94
"Amorphotheca resinae",0.287938154813066,0.269350403993387,0.306487779213864,8.21839930992896e-200
"Oidiodendron maius",0.0185514079087784,0.0025165421119759,0.0345861304650665,0.0233754579157233
"Pseudogymnoascus sp. VKM F-4516 (FW-969)",-0.880504668064326,-1.04224081135876,-0.520175134610474,4.60493429301775e-29
"Pseudogymnoascus sp. VKM F-4514 (FW-929)",-0.843510569550125,-0.891003824690021,-0.771446383543343,5.26411126335866e-148
"Pseudogymnoascus sp. VKM F-4517 (FW-2822)",-0.176400667956946,-0.223913551278173,-0.128538550610985,1.81522444154815e-13
"Pseudogymnoascus sp. VKM F-4515 (FW-2607)",0.431447348495309,0.383579545007765,0.478863041749503,3.08056589311257e-64
"Pseudogymnoascus sp. VKM F-4246",-0.357174952048059,-0.393608334667125,-0.320809864700894,3.02932679975798e-83
"Pseudogymnoascus sp. VKM F-4520 (FW-2644)",-0.198235024044932,-0.229693167768176,-0.166986273575596,2.08501733036092e-35
"Pseudogymnoascus sp. VKM F-3557",-0.566305225142812,-0.635753755393247,-0.498400795813455,6.70509311603782e-61
"Pseudogymnoascus sp. 05NY08",0.0288629366346427,-0.00693172633322459,0.0648614623011784,0.114963931652296
"Pseudogymnoascus sp. VKM F-4519 (FW-2642)",0.550057335968562,0.500166792232903,0.599840870931903,3.77320662532907e-99
"Pseudogymnoascus sp. WSF 3629",0.10789693520828,0.0834594669853618,0.132328287618935,5.49396371558554e-18
"Pseudogymnoascus sp. VKM F-3775",0.195224749327543,0.172479290894376,0.218016896546696,4.29080916342819e-64
"Pseudogymnoascus sp. 24MN13",0.326883017832377,0.288876828522629,0.364681024974403,2.22472913866946e-63
"Pseudogymnoascus sp. VKM F-4281 (FW-2241)",-0.265948079516286,-0.291375357026138,-0.240507646788569,2.79736724742546e-93
"Pseudogymnoascus sp. VKM F-3808",0.199719397008173,0.168498756707957,0.230957610139442,2.07047263503456e-36
"Pseudogymnoascus sp. 03VT05",0.146913047574083,0.121547092220874,0.172267542828157,1.2941264287603e-29
"Pseudogymnoascus sp. 23342-1-I1",0.18729761765248,0.170575885528932,0.20401206492934,7.59482944959883e-106
"Pseudogymnoascus sp. VKM F-103",-0.156582230977274,-0.208534618200493,-0.103382890239575,6.030778059359e-09
"Pseudogymnoascus sp. VKM F-4518 (FW-2643)",0.581412484651317,0.548536368897162,0.614448215686186,5.35520271422646e-272
"Pseudogymnoascus sp. VKM F-4513 (FW-928)",0.222739891705716,0.19572443393041,0.24980292293023,1.27714122398307e-58
"Pseudogymnoascus destructans",0.00677426460659704,-0.0155443526340186,0.0291100004048291,0.549441403709786
"Glarea lozoyensis",-0.0638941204310019,-0.0827526165230642,-0.0449848198725023,3.12326835371276e-11
"Rutstroemia sp. NJR-2017a BBW",0.203777955179392,0.185268312886545,0.222356565018077,1.67386160913451e-102
"Rutstroemia sp. NJR-2017a BVV2",0.26115494626493,0.246418114097955,0.275907247366443,8.92319231762024e-261
"Rutstroemia sp. NJR-2017a WRK4",-0.0880974317410024,-0.106509940134443,-0.0697302631360764,5.04564751959247e-21
"Pezoloma ericae",0.168707070074835,0.155102615352791,0.182300328543356,2.26125366097066e-129
"Diplocarpon rosae",0.0813651017851136,0.0681866614548273,0.0945696955291848,9.78719422886087e-34
"Marssonina brunnea",0.305765749145477,0.286606584146631,0.324905892781618,1.09123756858158e-213
"Hyaloscypha variabilis",0.0726156550650517,0.0587132232090644,0.0864752717279332,1.91328931237852e-24
"Hyaloscypha bicolor",0.101145226391145,0.0880572590617985,0.114216938296226,2.19158248141981e-51
"Phialocephala subalpina",0.208482027603624,0.195052735114013,0.221901640896212,1.18670146984569e-201
"Cadophora sp. DSE1049",0.123164025742343,0.111721902335908,0.134661061658318,1.33259639905793e-97
"Rhynchosporium secalis",0.0294355232754572,0.00285957912884768,0.0560364887203177,0.0299580149243314
"Rhynchosporium commune",0.240955410916883,0.208783809450316,0.273298267899947,2.14796857502444e-49
"Rhynchosporium agropyri",0.076147259976807,0.0436532638497886,0.108892577701229,4.87549757417611e-06
"Botrytis cinerea",0.343445985480984,0.325072657075105,0.361854665378165,8.58068014062002e-295
"Sclerotinia sclerotiorum",0.0247963958333952,0.00780345612470632,0.0418010724871305,0.00425415069728673
"Sclerotinia borealis",0.0855539055546578,0.071887035436423,0.0992201341914532,1.43656638800758e-34
"Microdochium bolleyi",0.124479448085311,0.10824459908915,0.140700633016818,1.16044417015308e-50
"Pestalotiopsis fici",0.154063821071031,0.140035465900507,0.168091689708276,3.62691914846094e-102
"Eutypa lata",0.272310060534017,0.252641982564951,0.291973479196147,1.60013879182348e-160
"Pseudomassariella vexata",0.109742377529567,0.0902153065674248,0.129315377700581,3.24406893758077e-28
"Rosellinia necatrix",0.217770164649633,0.201671969914843,0.233870786056558,2.29573459466566e-152
"Daldinia sp. EC12",-0.0438689683933369,-0.0618394816661898,-0.0259401710117671,1.56436577682691e-06
"Hypoxylon sp. EC38",-0.066040221715665,-0.0856412060933726,-0.046464833291054,3.59715393961943e-11
"Hypoxylon sp. CI-4A",-0.0963956518650144,-0.112346120365261,-0.0803943480800603,5.04606777651932e-32
"Hypoxylon sp. CO27-5",0.230307412886901,0.209615793902083,0.250991816664878,1.79406594476309e-103
"Phaeoacremonium minimum",0.206649676987204,0.193312045336732,0.220012582798381,5.35444904192197e-199
"Coniochaeta ligniaria",0.375032795076901,0.358197116449382,0.391850343008998,0
"Pyricularia grisea",0.107668380192707,0.0927845193331404,0.122581035188076,1.86269917598645e-45
"Pyricularia oryzae",0.19366578695508,0.179518206805952,0.207819703441242,3.97391230581816e-157
"Pyricularia pennisetigena",0.220991149776735,0.20256976613477,0.23940167790809,8.84975491306676e-122
"Coniella lustricola",-0.0220024176973042,-0.036281948623448,-0.00773853786652251,0.00250871149568075
"Valsa mali",0.156773524286005,0.144975059697814,0.168509693662354,6.17035237377434e-148
"Diaporthe ampelina",0.0209292768860617,0.00713692243519974,0.0347308023413831,0.00294671456699188
"Diaporthe helianthi",0.386352522715202,0.370016242857158,0.402662142461226,0
"Grosmannia clavigera",0.0896903297118436,0.0750421454290061,0.104341512277152,5.88973201412661e-33
"Ophiostoma piceae",0.0949245007603836,0.0807699139251379,0.109098261443409,2.46999630713829e-39
"Sporothrix schenckii",0.228053028664555,0.191862495534737,0.263034407781429,4.55559125547583e-32
"Sporothrix brasiliensis",0.034980402224668,0.0181266221251522,0.0518471888587434,4.65375707532341e-05
"Sporothrix insectorum",0.136242531208647,0.12095850900688,0.1515297190773,5.22887409207435e-68
"Madurella mycetomatis",0.113918171190326,0.0942876404138717,0.133530649916121,7.44824157338067e-30
"Podospora anserina",0.32060487164975,0.300958475545807,0.340262846085786,9.5378160549176e-222
"Sordaria macrospora",0.292897248636525,0.27560734606184,0.310181385450905,3.42265406011074e-236
"Neurospora discreta",0.0232463572972072,0.0055220876500016,0.0409710178931977,0.0101945441416355
"Neurospora tetrasperma",-0.158985543826765,-0.19641564654301,-0.122118803397805,6.16269844251686e-18
"Neurospora crassa",0.0949066689479126,0.0725620591858875,0.117205301136555,8.39166217562619e-17
"Chaetomium thermophilum",0.209464922474313,0.18873664881926,0.23017165309967,5.62109394163319e-86
"Chaetomium globosum",0.355448270555166,0.336280468493404,0.37461001377978,1.59224186639335e-278
"Thermothelomyces thermophilus",0.295605113387525,0.278238794997198,0.312969878493875,2.38120864757248e-238
"Thielavia terrestris",0.207747584054049,0.187679912071418,0.227805214080278,1.03694523576432e-90
"Lomentospora prolificans",0.357764314925037,0.342603491865697,0.372923436957084,0
"Thielaviopsis punctulata",-0.168000929789223,-0.17772716533742,-0.158281196042614,4.11482325611862e-249
"Ceratocystis platani",0.272648910351263,0.252898309954812,0.292420699240194,2.27489014729971e-160
"Verticillium alfalfae",0.596898101519237,0.57198832746321,0.621942393812239,0
"Verticillium longisporum",0.172518156124233,0.155062680456659,0.189920395991048,2.45582627671837e-83
"Colletotrichum sublineola",0.0744128735094387,0.0574887911772139,0.0913888373317278,7.46879360579916e-18
"Colletotrichum incanum",0.0345642167076282,0.0187978132167296,0.0503153468122507,1.72627551656761e-05
"Colletotrichum nymphaeae",0.273934407664609,0.253436585840924,0.294432590802479,2.0530745660491e-149
"Colletotrichum higginsianum",0.353019816711668,0.334821283873853,0.371256706653784,0
"Colletotrichum gloeosporioides",0.156495361395462,0.14117230151766,0.171826698931399,1.34814802703584e-88
"Colletotrichum simmondsii",0.134824083131983,0.113009786200271,0.156646599339197,7.59847627699808e-34
"Colletotrichum chlorophyti",0.137767265483399,0.121568899372368,0.153987369945524,2.20416490894216e-62
"Colletotrichum tofieldiae",-0.182971668521797,-0.200133716626268,-0.165777507197663,1.13506242188713e-95
"Colletotrichum salicis",-0.0876751702629391,-0.106720774238689,-0.0686352819548552,2.29777146622884e-19
"Colletotrichum fioriniae",-0.0932297171919875,-0.107403498122017,-0.0791266643721554,2.58058716371158e-38
"Stachybotrys chlorohalonata",0.076839035462063,0.0541178944675901,0.0996163389588515,3.03256222861407e-11
"Stachybotrys chartarum",0.25276662139545,0.227402129781393,0.27819874797378,2.03699245690429e-83
"Acremonium chrysogenum",-0.122990844961044,-0.142022817425324,-0.103934509500967,1.29439547769137e-36
"Ustilaginoidea virens",0.0780507762031454,0.0577184501527148,0.0984280532946134,5.29116381642031e-14
"Beauveria brongniartii",0.267128224889432,0.246724757485675,0.287555576629444,2.67963758395274e-143
"Beauveria bassiana",0.272617911528064,0.253802380420838,0.291431997248994,2.89813108960733e-175
"Cordyceps fumosorosea",0.105787491911953,0.0875763786975794,0.123992973095689,6.50370253264034e-30
"Cordyceps militaris",0.172754077535904,0.159224368817609,0.186278388947861,7.95829727171197e-138
"Cordyceps sp. RAO-2017",0.274357826086905,0.253327038913979,0.295419289093537,6.83924264843747e-142
"Cordyceps confragosa",0.104880763489994,0.0910942562395813,0.118670835870308,5.28641914030686e-50
"Drechmeria coniospora",0.0667992230218292,0.0518038315592695,0.0818138058163969,2.90250096584702e-18
"Hirsutella minnesotensis",0.0198250147709855,0.00451462168018171,0.0351330321510032,0.0112042342553877
"Tolypocladium ophioglossoides",0.0290388358983626,0.0144884360445254,0.0435809325551759,9.07572005327683e-05
"Tolypocladium capitatum",0.170488769609378,0.140179841517708,0.200828472350058,4.38705278181419e-28
"Tolypocladium paradoxum",0.323700812779763,0.300992819475847,0.346413088722098,5.1468309750799e-171
"Ophiocordyceps australis",0.138418493243829,0.121471426018662,0.155390305701309,3.04209127570274e-57
"Ophiocordyceps sinensis",0.181958607769236,0.168709212693249,0.195199759778181,1.35455916578804e-161
"Ophiocordyceps unilateralis",-0.0225434296108524,-0.0396884935402903,-0.00543955716167837,0.00976849702502743
"Ophiocordyceps camponoti-rufipedis",0.0784429566825505,0.0582250158603345,0.0986248996056646,3.00248080230115e-14
"Moelleriella libera",0.260137110712905,0.239467982121875,0.28085682781737,6.18047066232252e-135
"Claviceps purpurea",0.0777947671463965,0.0587389144520073,0.0968232190438914,1.30909030669787e-15
"Torrubiella hemipterigena",0.0663775871332629,0.0491325978802324,0.083659907942486,5.14127497088783e-14
"Pochonia chlamydosporia",0.0318601705751828,0.0157658426763441,0.04799461771757,0.000106069970152381
"Metarhizium majus",0.212486592104676,0.170747625597528,0.253917489051073,8.01328951193287e-23
"Metarhizium brunneum",-0.462989603654534,-0.510764915257,-0.414611332347923,1.01234045004907e-83
"Metarhizium guizhouense",0.615552464414031,0.57630051675843,0.655216428087173,1.81615807296276e-214
"Metarhizium robertsii",0.0379551193109885,-0.00817128146515763,0.0854451018215361,0.11405689094773
"Metarhizium acridum",0.0724664164939893,0.0548473008559539,0.0900613248452766,7.60575439040219e-16
"Metarhizium anisopliae",0.236441996394411,0.210004295270639,0.262993412884003,6.57645852247486e-68
"Metarhizium rileyi",0.285249109212185,0.265163269448009,0.305391646142027,1.31006339679334e-171
"Metarhizium album",0.423339894320277,0.404327196584619,0.442380873835366,0
"Escovopsis weberi",0.10732967622193,0.0884415319291726,0.126258848221393,1.15556034321126e-28
"Trichoderma parareesei",0.000919844884188329,-0.0291568821908963,0.03079099974943,0.952467761569178
"Trichoderma asperellum",0.264066121198315,0.238550059059602,0.2895872581823,8.7993038040813e-90
"Trichoderma longibrachiatum",0.292526802235622,0.274036259443945,0.311014224925064,1.38109701857987e-206
"Trichoderma reesei",0.0479273622432789,0.0188200315442312,0.0768920654850788,0.00127279822142048
"Trichoderma guizhouense",-0.0605671932954614,-0.0760764258186001,-0.0450404956428904,2.03393861769973e-14
"Trichoderma atroviride",-0.0046929381200786,-0.0216779972607947,0.0123020234938563,0.588507304297911
"Neonectria ditissima",0.351290668871046,0.333680325065871,0.368944534015653,0
"Fusarium proliferatum",-0.0647147877695901,-0.0953916976007635,-0.033867054759425,3.68154281109998e-05
"Fusarium nygamai",-0.0116214690221567,-0.0321510680197889,0.00891201842807355,0.26792901827619
"Fusarium mangiferae",-0.135573299448262,-0.161450925307611,-0.109696176305296,1.32857500185972e-24
"Fusarium verticillioides",0.128812164756668,0.102778145617312,0.154881295799251,5.36438890637238e-22
"Fusarium fujikuroi",-0.175648867522676,-0.204359883740573,-0.147043506442001,1.91659571170931e-33
"Fusarium oxysporum",0.205971575301192,0.194382964944889,0.21762773112559,9.00877402730361e-262
"Fusarium pseudograminearum",0.0966305501460063,0.0693088624728889,0.123947215011946,3.97437723058807e-12
"Fusarium poae",0.202499622284372,0.18197059333779,0.223051887716462,1.74401388056128e-83
"Fusarium graminearum",0.347223214313989,0.32407615423401,0.370442988243853,3.93453223957255e-194
"Fusarium venenatum",0.0506560974925706,0.0291825422282056,0.0721019690175702,3.81329110541895e-06
"Fusarium langsethiae",0.0405360707816587,0.0194952251101809,0.0615905034528893,0.000161211573053634
