Gene1,Gene2,CRC_cor,CRC_pVal,adenoma_cor,adenoma_pVal,zScoreDiff,pValDiff,empPVals,pValDiff_adj,Classes
Erysiphe pulchra,Thielaviopsis punctulata,0.86241292,0,0.076863389,0.151297976,-17.1642654,4.92E-66,0.000648649,0.24957388,+/0
Erysiphe pulchra,Sphaerulina musiva,0.810739283,0,0.212040597,6.38E-05,-12.7978957,1.68E-37,0.001945946,0.309656481,+/+
Aspergillus rambellii,Sphaerulina musiva,0.749985884,0,0.117345751,0.028158325,-11.97388051,4.87E-33,0.002378378,0.309656481,+/+
Aspergillus rambellii,Erysiphe pulchra,0.648528639,0,0.147046277,0.005848792,-8.747377936,2.18E-18,0.006342342,0.368575335,+/+
Sphaerulina musiva,Thielaviopsis punctulata,0.585766307,0,0.06327262,0.237733394,-8.512168441,1.71E-17,0.006918919,0.368575335,+/0
Aspergillus rambellii,Thielaviopsis punctulata,0.451689545,0,0.044818326,0.403214133,-6.189374992,6.04E-10,0.014630631,0.368575335,+/0
Hyaloscypha variabilis,Choanephora cucurbitarum,0.161487413,0.000552198,0.512613967,0,5.648582921,1.62E-08,0.017765766,0.368575335,+/+
Baudoinia panamericana,Choanephora cucurbitarum,0.370405137,4.44E-16,0.000833632,0.987601345,-5.434370741,5.50E-08,0.019531532,0.368575335,+/0
Erysiphe pulchra,Edhazardia aedis,-0.119796771,0.010627563,0.240367852,5.43E-06,5.119006271,3.07E-07,0.021441441,0.368575335,-/+
Erysiphe pulchra,Pneumocystis murina,-0.057797416,0.219020008,0.290372923,3.16E-08,4.997116466,5.82E-07,0.022126126,0.368575335,0/+
Sphaerulina musiva,Phytopythium vexans,-0.08504987,0.070223437,0.263537256,5.69E-07,4.973678475,6.57E-07,0.022234234,0.368575335,0/+
Aspergillus rambellii,Moniliophthora perniciosa,0.33843,1.25E-13,0.604268515,0,4.866737558,1.13E-06,0.022738739,0.368575335,+/+
Erysiphe pulchra,Rhizophagus clarus,-0.115383917,0.013895232,0.226227471,1.93E-05,4.846917698,1.25E-06,0.022738739,0.368575335,-/+
Moniliophthora perniciosa,Erysiphe pulchra,0.37937389,0,0.057062672,0.287059899,-4.792209702,1.65E-06,0.023171171,0.368575335,+/0
Naumovozyma dairenensis,Hyaloscypha variabilis,0.187743452,5.69E-05,0.486983036,0,4.790771793,1.66E-06,0.023207207,0.368575335,+/+
Moniliophthora perniciosa,Sphaerulina musiva,0.345291871,3.69E-14,0.038395395,0.473987339,-4.504718393,6.65E-06,0.025837838,0.368575335,+/0
Moniliophthora perniciosa,Pneumocystis murina,-0.063008184,0.180192173,0.247980862,2.65E-06,4.430187688,9.42E-06,0.026702703,0.368575335,0/+
Erysiphe pulchra,Pseudocercospora musae,-0.090925319,0.052862576,0.219194295,3.53E-05,4.397064608,1.10E-05,0.027135135,0.368575335,0/+
Schizosaccharomyces pombe,Edhazardia aedis,0.360547752,2.22E-15,0.064770991,0.226782344,-4.37839498,1.20E-05,0.027171171,0.368575335,+/0
Moniliophthora perniciosa,Thielaviopsis punctulata,0.274363916,2.78E-09,-0.02349139,0.661406621,-4.272231673,1.94E-05,0.028216216,0.368575335,+/0
[Candida] arabinofermentans,Hyaloscypha variabilis,0.172547728,0.000220641,0.437445133,0,4.128032057,3.66E-05,0.029945946,0.368575335,+/+
Pichia kudriavzevii,Aspergillus ochraceoroseus,0.178335191,0.000133437,0.436451875,0,4.027218504,5.64E-05,0.030954955,0.368575335,+/+
Aspergillus rambellii,Phytopythium vexans,-0.072691098,0.121953451,0.194585259,0.000249862,3.779927441,0.000156874,0.034126126,0.368575335,0/+
Sphaerulina musiva,Trichoderma atroviride,-0.093481245,0.046513815,0.172246611,0.0012159,3.749370738,0.000177279,0.034522523,0.368575335,-/+
Rhizophagus irregularis,Erysiphe pulchra,-0.088968371,0.05819776,0.174873038,0.001019023,3.723564886,0.000196429,0.034990991,0.368575335,0/+
Phytopythium vexans,Thielaviopsis punctulata,-0.106992605,0.022608618,0.155512381,0.003537248,3.699687382,0.000215865,0.035315315,0.368575335,-/+
Erysiphe pulchra,Albugo candida,-0.065737825,0.16200936,0.19529467,0.000236905,3.69241181,0.000222137,0.035423423,0.368575335,0/+
Cordyceps sp. RAO-2017,Thielaviopsis punctulata,-0.060330268,0.199457446,0.198433482,0.000186755,3.662110336,0.000250146,0.035747748,0.368575335,0/+
Naumovozyma dairenensis,Choanephora cucurbitarum,0.046385154,0.32406075,0.285123338,5.69E-08,3.456624179,0.000546987,0.038594595,0.368575335,0/+
Sphaerulina musiva,Colletotrichum fioriniae,-0.09775995,0.037320036,0.141817893,0.007881109,3.372907865,0.000743788,0.040252252,0.368575335,-/+
Aspergillus ochraceoroseus,Thielaviopsis punctulata,0.22433798,1.38E-06,-0.007993833,0.881539189,-3.307927465,0.000939891,0.04154955,0.368575335,+/0
Colletotrichum fioriniae,Baudoinia panamericana,0.079856727,0.089214915,0.305681896,5.26E-09,3.301412487,0.000961993,0.04154955,0.368575335,0/+
Aspergillus rambellii,Aspergillus ochraceoroseus,0.209637673,6.65E-06,-0.021930152,0.682644557,-3.28709885,0.001012253,0.041873874,0.368575335,+/0
Moniliophthora perniciosa,Phytopythium vexans,-0.013082246,0.781019674,0.215410443,4.84E-05,3.247820259,0.001162927,0.042594595,0.368575335,0/+
Trichoderma atroviride,Aspergillus ochraceoroseus,-0.031949397,0.497105366,0.195239305,0.000237893,3.217255982,0.001294231,0.043423423,0.368575335,0/+
Leucoagaricus sp. SymC.cos,Edhazardia aedis,0.358504542,3.11E-15,0.147906247,0.005563811,-3.167275982,0.001538742,0.044792793,0.368575335,+/+
Erysiphe pulchra,Phytopythium vexans,-0.123973192,0.008182197,0.098271241,0.066304893,3.125740348,0.001773581,0.045693694,0.368575335,-/0
Phytophthora capsici,Choanephora cucurbitarum,0.152277862,0.001135193,-0.068846177,0.19882321,-3.114861158,0.001840315,0.045945946,0.368575335,+/0
Rhizophagus clarus,Schizosaccharomyces pombe,0.315454253,6.01E-12,0.108490903,0.042518529,-3.048265582,0.002301664,0.047495495,0.368575335,+/+
Pichia kudriavzevii,Schizosaccharomyces pombe,0.222686762,1.65E-06,0.009003996,0.866701171,-3.045544792,0.002322592,0.047567568,0.368575335,+/0
Lipomyces starkeyi,Edhazardia aedis,0.222900947,1.61E-06,0.01158482,0.829015759,-3.012555225,0.002590583,0.048396396,0.368575335,+/0
Erysiphe pulchra,Baudoinia panamericana,-0.069381043,0.13993726,0.143621116,0.007118289,2.9984446,0.002713615,0.048756757,0.368575335,0/+
Naumovozyma dairenensis,[Candida] arabinofermentans,0.204221254,1.16E-05,0.397315432,1.11E-14,2.987378492,0.002813811,0.049189189,0.368575335,+/+
Sphaerulina musiva,Pseudocercospora musae,-0.125874299,0.007245759,0.083592376,0.11852165,2.945505169,0.003224278,0.050414414,0.368575335,-/0
Albugo candida,Hyaloscypha variabilis,0.204986866,1.07E-05,0.000779096,0.988412404,-2.900974844,0.003720037,0.051927928,0.368575335,+/0
Aspergillus rambellii,Trichoderma atroviride,-0.087262608,0.063204842,0.117469675,0.027991334,2.877813369,0.00400442,0.052684685,0.368575335,0/+
Sphaerulina musiva,Tuber magnatum,-0.042336861,0.368120313,0.157591275,0.003114455,2.818691417,0.004821985,0.054054054,0.36892252,0/+
Erysiphe pulchra,Aspergillus ochraceoroseus,0.253443623,4.38E-08,0.061435232,0.251662998,-2.76686072,0.005659893,0.05581982,0.369739082,+/0
Rhizophagus clarus,Pichia kudriavzevii,0.267145184,7.39E-09,0.07626011,0.154543133,-2.764086679,0.005708237,0.055891892,0.369739082,+/0
Sphaerulina musiva,Aspergillus ochraceoroseus,0.24392861,1.42E-07,0.053897667,0.314676894,-2.730735886,0.006319309,0.057189189,0.371903106,+/0
Lipomyces starkeyi,Aspergillus ochraceoroseus,-0.044666276,0.342332336,0.144891355,0.00662128,2.669358824,0.007599621,0.059567568,0.372330711,0/+
Lipomyces starkeyi,Hyaloscypha variabilis,0.149458903,0.001404429,-0.039157528,0.465249767,-2.657458611,0.007873226,0.06018018,0.372330711,+/0
Moniliophthora perniciosa,Trichoderma atroviride,-0.000963083,0.983673142,0.185703253,0.000479086,2.644600666,0.008178738,0.060864865,0.372330711,0/+
Colletotrichum fioriniae,[Candida] arabinofermentans,0.002334064,0.960444727,0.187687991,0.000415274,2.627225436,0.008608428,0.061441441,0.372330711,0/+
Aspergillus ochraceoroseus,Edhazardia aedis,0.017586299,0.708618589,0.199957102,0.00016617,2.592133767,0.009538268,0.062810811,0.373850444,0/+
Aspergillus ochraceoroseus,Colletotrichum fioriniae,-0.043962652,0.349997622,0.139638512,0.008899781,2.584405415,0.009754706,0.063207207,0.373850444,0/+
Erysiphe pulchra,Tuber magnatum,-0.050284295,0.285004738,0.12851776,0.016140169,2.514543422,0.011918662,0.066558559,0.375646079,0/+
Baudoinia panamericana,Hyaloscypha variabilis,0.224479371,1.35E-06,0.049624866,0.35463024,-2.502547558,0.012330306,0.066918919,0.375646079,+/0
Pseudocercospora musae,Baudoinia panamericana,0.123239812,0.008571366,0.291473165,2.78E-08,2.46898567,0.013549664,0.068396396,0.375646079,+/+
Aspergillus rambellii,Leucoagaricus sp. SymC.cos,-0.103455565,0.027510507,0.071206175,0.183825654,2.452852706,0.014172836,0.069081081,0.375646079,-/0
Erysiphe pulchra,[Candida] arabinofermentans,-0.061809823,0.1886358,0.111822911,0.036519654,2.439231169,0.014718549,0.069513514,0.375646079,0/+
Sphaerulina musiva,Coniochaeta ligniaria,-0.067819286,0.149098798,0.104064296,0.051752784,2.413809868,0.015786698,0.070558559,0.378686459,0/0
Pichia kudriavzevii,Colletotrichum fioriniae,0.04011889,0.393764093,0.207510237,9.19E-05,2.386666583,0.017001903,0.071783784,0.38056368,0/+
Lipomyces starkeyi,Thielaviopsis punctulata,-0.112909823,0.016089913,0.056734599,0.289844442,2.383322835,0.017157141,0.071927928,0.38056368,-/0
Rhizophagus irregularis,Albugo candida,0.301941474,5.04E-11,0.140999762,0.008250638,-2.376601754,0.017472941,0.072288288,0.38056368,+/+
Rhizophagus irregularis,Pichia kudriavzevii,0.240169958,2.23E-07,0.075709108,0.157552831,-2.368076362,0.017880845,0.072756757,0.38056368,+/0
Rhizophagus clarus,Lipomyces starkeyi,0.158753627,0.000686699,-0.008619768,0.872339767,-2.36286146,0.018134447,0.072864865,0.38056368,+/0
Coniochaeta ligniaria,Thielaviopsis punctulata,-0.094113161,0.045046798,0.072869648,0.173767167,2.344148336,0.019070585,0.07409009,0.38056368,-/0
Trichoderma atroviride,Choanephora cucurbitarum,0.209470582,6.76E-06,0.047290862,0.37774454,-2.31473795,0.020627278,0.076072072,0.382107964,+/0
Cordyceps sp. RAO-2017,Colletotrichum fioriniae,0.236790936,3.32E-07,0.076921,0.150990799,-2.300832291,0.021401112,0.076864865,0.38277774,+/0
Phytophthora capsici,Colletotrichum salicis,0.114947823,0.014261802,0.269200811,3.17E-07,2.24825325,0.024560046,0.080468468,0.383187133,+/+
Rhizophagus clarus,Paracoccidioides brasiliensis,0.165807605,0.000388528,0.009987396,0.852301011,-2.203735509,0.02754295,0.083567568,0.383187133,+/0
[Candida] arabinofermentans,Choanephora cucurbitarum,0.0558962,0.234580624,0.209282999,7.98E-05,2.191159214,0.028440273,0.08436036,0.384579024,0/+
Lipomyces starkeyi,Coniochaeta ligniaria,0.077205483,0.100391939,-0.077909461,0.14579385,-2.176598462,0.02951054,0.085261261,0.385036385,0/0
Pneumocystis murina,Pichia kudriavzevii,0.121069871,0.009821196,-0.032399248,0.545760729,-2.157695318,0.030951528,0.086810811,0.389032153,+/0
Rhizophagus irregularis,Colletotrichum salicis,-0.105173245,0.025026342,0.047560337,0.375029621,2.144848209,0.031964985,0.087855856,0.389268994,-/0
Hyaloscypha variabilis,Schizosaccharomyces pombe,0.178362709,0.000133114,0.028281313,0.597979954,-2.12863659,0.033284339,0.089081081,0.389268994,+/0
Colletotrichum fioriniae,Hyaloscypha variabilis,0.142741727,0.002298505,-0.007734902,0.885349437,-2.121019044,0.0339202,0.08954955,0.389268994,+/0
Erysiphe pulchra,Colletotrichum fioriniae,-0.107347849,0.022160917,0.043604927,0.41607927,2.120142217,0.033994054,0.08954955,0.389268994,-/0
Pseudocercospora musae,Hyaloscypha variabilis,0.170300982,0.00026707,0.02252479,0.674524877,-2.092867451,0.036360989,0.091387387,0.389268994,+/0
Sphaerulina musiva,Cordyceps sp. RAO-2017,-0.048998229,0.297519969,0.097384299,0.068804195,2.054824183,0.03989599,0.094594595,0.392996863,0/0
Trichoderma atroviride,Paracoccidioides brasiliensis,0.067345615,0.151965731,0.209353839,7.93E-05,2.031246371,0.042230009,0.096540541,0.395014214,0/+
Erysiphe pulchra,Cordyceps sp. RAO-2017,-0.087338687,0.062974194,0.056806383,0.289233628,2.022586657,0.043115781,0.097153153,0.395014214,0/0
Colletotrichum salicis,Baudoinia panamericana,-0.038461032,0.413618108,0.104532003,0.050704173,2.008104877,0.044632148,0.09827027,0.395014214,0/0
Aspergillus rambellii,Paracoccidioides brasiliensis,-0.067753748,0.149493002,0.073431391,0.170464677,1.980464437,0.047651366,0.100684685,0.396330551,0/0
Sphaerulina musiva,Leucoagaricus sp. SymC.cos,-0.10609722,0.023771954,0.034133053,0.524468775,1.969580998,0.048886411,0.101621622,0.397356788,-/0
Aspergillus kawachii,Colletotrichum salicis,-0.073834018,0.116180405,0.066384592,0.215395069,1.966873271,0.049197823,0.10209009,0.398378861,0/0
Albugo candida,Baudoinia panamericana,0.009810824,0.83486149,0.147441825,0.005716125,1.942538077,0.052071995,0.104468468,0.39996775,0/+
Pichia kudriavzevii,Thielaviopsis punctulata,-0.055095352,0.241363471,0.083341405,0.119635381,1.942161534,0.052117548,0.104540541,0.39996775,0/0
Erysiphe pulchra,Schizosaccharomyces pombe,-0.086892205,0.06433774,0.05144665,0.3372207,1.941007984,0.052257309,0.104648649,0.39996775,0/0
Erysiphe pulchra,Naumovozyma dairenensis,-0.065528973,0.163349845,0.071885164,0.179669363,1.927401464,0.053929617,0.10572973,0.39996775,0/0
Pichia kudriavzevii,Edhazardia aedis,0.214688255,3.92E-06,0.080550355,0.132577982,-1.92352738,0.054413851,0.106162162,0.39996775,+/0
Albugo candida,Phytopythium vexans,-0.03682652,0.433759138,0.099322234,0.063440224,1.911459099,0.055945608,0.107495495,0.39996775,0/0
Moniliophthora perniciosa,Pseudocercospora musae,-0.031437867,0.504022646,0.103702402,0.052576502,1.897886859,0.057710988,0.108756757,0.39996775,0/0
Phytopythium vexans,Choanephora cucurbitarum,0.08953087,0.056620429,-0.044459762,0.406990911,-1.880179433,0.060083628,0.110594595,0.39996775,0/0
Sphaerulina musiva,Lipomyces starkeyi,-0.127384101,0.006571644,0.005974135,0.911325324,1.87729132,0.060478177,0.111027027,0.39996775,-/0
Rhizophagus clarus,Leucoagaricus sp. SymC.cos,0.279293741,1.40E-09,0.152060398,0.004355305,-1.871869878,0.061224608,0.111459459,0.39996775,+/+
Sphaerulina musiva,Baudoinia panamericana,-0.088674705,0.059035593,0.044407999,0.407537863,1.867367443,0.061850293,0.111783784,0.39996775,0/0
Aspergillus rambellii,Pneumocystis murina,-0.036823186,0.433800793,0.095677338,0.07383105,1.859879345,0.062902598,0.112612613,0.39996775,0/0
Phytophthora capsici,Aspergillus ochraceoroseus,0.003480575,0.941044317,0.135403581,0.011219221,1.859164772,0.063003787,0.112684685,0.39996775,0/+
Schizosaccharomyces pombe,Tuber magnatum,0.226206595,1.12E-06,0.097212454,0.069297238,-1.857872199,0.063187165,0.112828829,0.39996775,+/0
Rhizophagus irregularis,Cordyceps sp. RAO-2017,-0.220331269,2.14E-06,-0.091914664,0.085969878,1.846137023,0.064872312,0.114126126,0.39996775,-/0
Pseudocercospora musae,Thielaviopsis punctulata,-0.139465288,0.002901361,-0.008896565,0.868277066,1.841291473,0.065578857,0.114810811,0.39996775,-/0
Pseudocercospora musae,Phytopythium vexans,0.117939709,0.011909024,-0.012756145,0.812034993,-1.837994612,0.066063199,0.115171171,0.39996775,+/0
Paracoccidioides brasiliensis,Edhazardia aedis,0.198655503,2.01E-05,0.070740325,0.186717988,-1.827152097,0.067676904,0.116324324,0.40249025,+/0
Albugo candida,Schizosaccharomyces pombe,0.137274505,0.003381246,0.008272149,0.877446718,-1.818757862,0.06894838,0.117621622,0.403252735,+/0
Colletotrichum salicis,Thielaviopsis punctulata,-0.096027654,0.040837562,0.033226149,0.535552942,1.814395887,0.069616798,0.118198198,0.403252735,-/0
Trichoderma atroviride,Colletotrichum salicis,0.120319501,0.010289629,-0.008403256,0.875519993,-1.810836277,0.070166199,0.118522523,0.403252735,+/0
Pichia kudriavzevii,Colletotrichum salicis,-0.018101979,0.70048039,0.110611053,0.038612652,1.808886761,0.070468598,0.118774775,0.403252735,0/+
Paracoccidioides brasiliensis,Thielaviopsis punctulata,-0.080052946,0.088429088,0.048649395,0.364180307,1.805287607,0.071029688,0.119099099,0.403252735,0/0
Trichoderma atroviride,Pseudocercospora musae,0.236619476,3.39E-07,0.112013494,0.03619942,-1.802375699,0.071486316,0.119531532,0.403252735,+/+
Erysiphe pulchra,Coniochaeta ligniaria,-0.103231926,0.027849041,0.02505428,0.640414581,1.8017597,0.071583221,0.119675676,0.403252735,-/0
Moniliophthora perniciosa,Edhazardia aedis,-0.027521415,0.558614572,0.100556401,0.060207081,1.79847221,0.072102209,0.120072072,0.403252735,0/0
Phytophthora capsici,Thielaviopsis punctulata,0.013523219,0.773835353,0.140961006,0.00826852,1.797857697,0.072199561,0.120108108,0.403252735,0/+
Sphaerulina musiva,Rhizophagus clarus,-0.123315414,0.008530499,0.004313073,0.935917596,1.796141739,0.072471978,0.12036036,0.403395644,-/0
Hyaloscypha variabilis,Tuber magnatum,0.231651427,6.03E-07,0.108332643,0.042822977,-1.780947906,0.074920961,0.121765766,0.404362686,+/+
Rhizophagus irregularis,Baudoinia panamericana,0.045532291,0.333046051,0.17103741,0.001317819,1.78090531,0.074927921,0.121765766,0.404362686,0/+
[Candida] arabinofermentans,Edhazardia aedis,0.417949651,0,0.308558474,3.71E-09,-1.768054778,0.077051746,0.123171171,0.404362686,+/+
Rhizophagus irregularis,Pseudocercospora musae,0.068235748,0.146612284,0.19176025,0.000308313,1.76200952,0.078067689,0.123891892,0.404440507,0/+
Erysiphe pulchra,Paracoccidioides brasiliensis,-0.085638695,0.068296239,0.039722041,0.458835737,1.758787215,0.078613657,0.12418018,0.404440507,0/0
Aspergillus ochraceoroseus,[Candida] arabinofermentans,0.107686156,0.021741724,-0.016954805,0.751939233,-1.751362706,0.079883453,0.124864865,0.404440507,+/0
Aspergillus rambellii,Edhazardia aedis,-0.124958062,0.007684394,-0.001365255,0.979695857,1.739985804,0.081861511,0.126018018,0.404440507,-/0
Pneumocystis murina,Coniochaeta ligniaria,0.156425189,0.000824559,0.033485563,0.532370426,-1.739602919,0.081928766,0.126018018,0.404440507,+/0
Albugo candida,Tuber magnatum,0.225578051,1.20E-06,0.105135726,0.049376874,-1.736491287,0.082477004,0.126306306,0.404440507,+/+
Phytophthora capsici,Trichoderma atroviride,0.11329868,0.015726032,-0.006928958,0.897225692,-1.690509064,0.090930606,0.13218018,0.409057242,+/0
Trichophyton mentagrophytes,Trichoderma atroviride,0.127218549,0.006642713,0.007524316,0.888450239,-1.685899684,0.091815123,0.132936937,0.409845995,+/0
Moniliophthora perniciosa,Hyaloscypha variabilis,0.14328277,0.002210753,0.024847678,0.643173658,-1.672394321,0.094446591,0.134666667,0.413192269,+/0
Rhizophagus irregularis,Moniliophthora perniciosa,-0.119493816,0.010827888,-0.001230106,0.981705426,1.664196518,0.096073164,0.13581982,0.414088728,-/0
Pichia kudriavzevii,Lipomyces starkeyi,0.147962678,0.001570082,0.260423134,7.81E-07,1.645543638,0.099857751,0.138846847,0.417795068,+/+
Aspergillus rambellii,Coniochaeta ligniaria,-0.089706891,0.056134186,0.027216255,0.611844684,1.640870042,0.100824395,0.139207207,0.417795068,0/0
Aspergillus rambellii,Pseudocercospora musae,-0.122001758,0.009265874,-0.005745016,0.914712976,1.636609758,0.101712035,0.140144144,0.419406598,-/0
Moniliophthora perniciosa,Paracoccidioides brasiliensis,-0.085562749,0.068542343,0.031057445,0.562526572,1.636224056,0.101792704,0.14018018,0.419406598,0/0
Phytopythium vexans,Aspergillus ochraceoroseus,-0.032707053,0.486953155,0.083633952,0.118337934,1.632143093,0.102649345,0.140720721,0.419599568,0/0
Paracoccidioides brasiliensis,Tuber magnatum,0.273129698,3.29E-09,0.162524905,0.0022885,-1.628154719,0.103492083,0.141117117,0.419599568,+/+
Trichoderma atroviride,Phytopythium vexans,0.364955393,8.88E-16,0.261355038,7.11E-07,-1.610859289,0.107210395,0.143207207,0.423197901,+/+
Sphaerulina musiva,Edhazardia aedis,-0.155654328,0.000875564,-0.042259118,0.430626735,1.605496415,0.108384601,0.144108108,0.423906705,-/0
Moniliophthora perniciosa,[Candida] arabinofermentans,-0.071824786,0.126476362,0.042157247,0.431739741,1.598287521,0.109979003,0.145153153,0.423995786,0/0
Paracoccidioides brasiliensis,Coniochaeta ligniaria,0.126474232,0.006970819,0.013757288,0.79759048,-1.588009233,0.112284251,0.14627027,0.423995786,+/0
Moniliophthora perniciosa,Aspergillus ochraceoroseus,0.090832585,0.053105863,-0.022287023,0.677767084,-1.587692419,0.112355908,0.146342342,0.423995786,0/0
Pichia kudriavzevii,[Candida] arabinofermentans,0.210206136,6.27E-06,0.100577378,0.060153326,-1.575005658,0.115255139,0.148756757,0.42680481,+/0
Rhizophagus clarus,Naumovozyma dairenensis,0.20511765,1.06E-05,0.309471179,3.32E-09,1.566923695,0.117132528,0.15009009,0.427835086,+/+
Erysiphe pulchra,Leucoagaricus sp. SymC.cos,-0.073541157,0.117638884,0.038082004,0.477606134,1.565289489,0.117515047,0.150342342,0.427835086,0/0
Erysiphe pulchra,Hyaloscypha variabilis,-0.094262698,0.044705391,0.016310911,0.761068598,1.552421897,0.120561307,0.152252252,0.429476069,-/0
Lipomyces starkeyi,Schizosaccharomyces pombe,0.128977334,0.005921751,0.019474801,0.716551668,-1.543553709,0.122696487,0.154018018,0.430043043,+/0
Pneumocystis murina,Edhazardia aedis,0.236967478,3.25E-07,0.336052282,1.10E-10,1.513505981,0.130151183,0.159423423,0.438735035,+/+
Moniliophthora perniciosa,Leucoagaricus sp. SymC.cos,-0.036465731,0.438279848,0.07046848,0.188421188,1.49936974,0.133777739,0.161693694,0.442582414,0/0
Cordyceps sp. RAO-2017,Colletotrichum salicis,0.194173232,3.11E-05,0.29410323,2.06E-08,1.489769305,0.136284905,0.162882883,0.442905759,+/+
Phytophthora capsici,Baudoinia panamericana,0.07801221,0.096879025,-0.027876651,0.603231038,-1.485191311,0.137493153,0.163459459,0.442905759,0/0
Paracoccidioides brasiliensis,Phytopythium vexans,0.053522731,0.255080575,0.158108203,0.003016711,1.482627818,0.138173322,0.163855856,0.443260872,0/+
Tuber magnatum,Edhazardia aedis,0.276792528,1.98E-09,0.176886242,0.000888489,-1.476560296,0.139793541,0.164972973,0.443260872,+/+
Erysiphe pulchra,Colletotrichum salicis,-0.097840623,0.037162691,0.006798903,0.899144392,1.46976892,0.14162435,0.166198198,0.443611646,-/0
Tuber magnatum,Choanephora cucurbitarum,0.062330504,0.184932035,0.165224936,0.001926338,1.46120563,0.143959018,0.167963964,0.443611646,0/+
Phytophthora capsici,Pichia kudriavzevii,-0.028024159,0.5514496,0.075483845,0.158795932,1.451641632,0.146601277,0.169369369,0.443611646,0/0
Sphaerulina musiva,Phytophthora capsici,-0.007249839,0.877569934,0.096044333,0.072725781,1.450690264,0.146866128,0.169693694,0.443611646,0/0
Moniliophthora perniciosa,Rhizophagus clarus,-0.07154383,0.127970823,0.031433034,0.557808723,1.443945947,0.148754181,0.171027027,0.44488121,0/0
Phytophthora capsici,Aspergillus kawachii,-0.086773808,0.064703372,0.015864222,0.767421532,1.440423653,0.149747576,0.171495495,0.44488121,0/0
Colletotrichum fioriniae,Thielaviopsis punctulata,-0.078010499,0.096886371,0.024681004,0.645403083,1.44038446,0.149758658,0.171495495,0.44488121,0/0
Debaryomyces hansenii,Edhazardia aedis,-0.019738712,0.67488028,0.082792975,0.122097537,1.438547989,0.150278632,0.17181982,0.44488121,0/0
Rhizophagus irregularis,Trichoderma atroviride,-0.014231359,0.762338872,-0.115890944,0.030183514,-1.430950437,0.15244442,0.173189189,0.444957416,0/-
Albugo candida,Leucoagaricus sp. SymC.cos,0.147574967,0.001615838,0.046815202,0.382566086,-1.425760211,0.15393757,0.17409009,0.444957416,+/0
Sphaerulina musiva,Paracoccidioides brasiliensis,-0.07692414,0.101640585,0.024677782,0.645446208,1.425034115,0.15414734,0.174162162,0.444957416,0/0
Colletotrichum fioriniae,Colletotrichum salicis,0.139399733,0.002914771,0.039288799,0.463753837,-1.414462845,0.157226049,0.176108108,0.445399975,+/0
Pneumocystis murina,Tuber magnatum,0.247096144,9.64E-08,0.150218436,0.004858428,-1.413755887,0.15743359,0.176216216,0.445399975,+/+
Rhizophagus irregularis,Aspergillus ochraceoroseus,0.03408386,0.468794041,-0.066281611,0.216109323,-1.407064145,0.159408369,0.177513514,0.445399975,0/0
Pseudocercospora musae,Coniochaeta ligniaria,0.129708968,0.005643136,0.226876603,1.82E-05,1.406703891,0.159515212,0.177621622,0.445399975,+/+
Cordyceps sp. RAO-2017,Lipomyces starkeyi,-0.134506853,0.004090054,-0.035042416,0.513473256,1.404181761,0.160264732,0.178162162,0.445399975,-/0
Sphaerulina musiva,Schizosaccharomyces pombe,-0.067965153,0.148224264,0.032039689,0.550229118,1.402089286,0.160888586,0.178558559,0.445399975,0/0
Rhizophagus irregularis,Colletotrichum fioriniae,-0.00683757,0.884481874,0.092749093,0.083147935,1.39835515,0.162006444,0.179135135,0.445399975,0/0
Aspergillus kawachii,Paracoccidioides brasiliensis,0.14066187,0.00266625,0.041860493,0.434991413,-1.396417953,0.162588672,0.179459459,0.445399975,+/0
Paracoccidioides brasiliensis,Lipomyces starkeyi,0.163315195,0.000476389,0.065264389,0.223255929,-1.392465924,0.163781354,0.179891892,0.445399975,+/0
Moniliophthora perniciosa,Colletotrichum fioriniae,-0.019212744,0.683067848,0.079852329,0.135977816,1.389724608,0.164612519,0.180468468,0.44625321,0/0
Phytopythium vexans,Colletotrichum fioriniae,0.152171123,0.001144454,0.054858356,0.306116266,-1.378675164,0.16799493,0.182882883,0.449005296,+/0
Rhizophagus clarus,Aspergillus ochraceoroseus,0.024133016,0.608045095,0.121085456,0.02347958,1.366015501,0.171934098,0.185441441,0.449005296,0/+
Baudoinia panamericana,Thielaviopsis punctulata,-0.077880793,0.097444509,0.019423456,0.717266966,1.364894349,0.172286259,0.18554955,0.449005296,0/0
Moniliophthora perniciosa,Tuber magnatum,-0.069911415,0.136926215,0.026660606,0.619133789,1.354081152,0.175710489,0.18763964,0.449005296,0/0
Phytophthora capsici,Albugo candida,-0.061466468,0.191107845,0.035004422,0.513930256,1.352263535,0.176291025,0.188036036,0.449005296,0/0
Trichoderma atroviride,Hyaloscypha variabilis,0.118063555,0.011819497,0.022177288,0.679265441,-1.350485639,0.176860257,0.188432432,0.449005296,+/0
Moniliophthora perniciosa,Albugo candida,-0.05072376,0.280810681,0.045380475,0.397335233,1.346888976,0.178015992,0.189117117,0.449005296,0/0
Rhizophagus irregularis,Choanephora cucurbitarum,0.073027773,0.120230103,0.16765103,0.00164645,1.345653434,0.17841431,0.189297297,0.449005296,0/+
Moniliophthora perniciosa,Naumovozyma dairenensis,-0.069056355,0.141805488,0.026522258,0.620954524,1.34011001,0.180209582,0.19045045,0.449005296,0/0
Rhizophagus irregularis,Thielaviopsis punctulata,-0.082483851,0.079147547,0.012022472,0.822661326,1.326103378,0.184805457,0.193765766,0.451493364,0/0
Phytophthora capsici,Paracoccidioides brasiliensis,-0.033901127,0.47118246,0.060351289,0.260141443,1.321119534,0.186461511,0.194918919,0.451493364,0/0
Aspergillus ochraceoroseus,Schizosaccharomyces pombe,0.072073011,0.125167303,-0.021970947,0.682086329,-1.318792556,0.187238473,0.195423423,0.451493364,0/0
Colletotrichum fioriniae,Choanephora cucurbitarum,0.121396246,0.00962343,0.028533192,0.594721916,-1.308769872,0.190612315,0.197621622,0.453316862,+/0
Aspergillus ochraceoroseus,Colletotrichum salicis,-0.040542198,0.388788386,0.05268852,0.325672116,1.306596637,0.191349739,0.197873874,0.453316862,0/0
Lipomyces starkeyi,[Candida] arabinofermentans,0.050998834,0.278206857,-0.041867886,0.434910236,-1.301467015,0.193098648,0.198990991,0.453316862,0/0
Pseudocercospora musae,Paracoccidioides brasiliensis,0.163407506,0.00047283,0.072169863,0.177947483,-1.296630752,0.194758266,0.200144144,0.453316862,+/0
Cordyceps sp. RAO-2017,Choanephora cucurbitarum,-0.080840621,0.085330373,0.011304177,0.833096422,1.292876748,0.196053691,0.200900901,0.453316862,0/0
Lipomyces starkeyi,Colletotrichum fioriniae,0.058104836,0.216574971,0.149152966,0.005172803,1.28981802,0.19711385,0.20172973,0.453316862,0/+
Pneumocystis murina,Hyaloscypha variabilis,0.07206834,0.125191838,-0.019744474,0.712798851,-1.287533731,0.197908321,0.202162162,0.453316862,0/0
Pneumocystis murina,Rhizophagus clarus,0.250636297,6.22E-08,0.334065289,1.43E-10,1.27864235,0.20102303,0.204108108,0.4540257,+/+
Lipomyces starkeyi,Naumovozyma dairenensis,0.165818461,0.000388181,0.076189554,0.154926081,-1.274730907,0.202404503,0.205009009,0.454488323,+/0
Leucoagaricus sp. SymC.cos,Schizosaccharomyces pombe,0.085993542,0.067155915,-0.004499157,0.933159125,-1.27024029,0.20399905,0.206378378,0.454488323,0/0
Rhizophagus clarus,Baudoinia panamericana,0.156062117,0.000848229,0.242952786,4.26E-06,1.268225851,0.204717308,0.207027027,0.454488323,+/+
Paracoccidioides brasiliensis,Colletotrichum salicis,0.10569686,0.024308647,0.015542025,0.772013609,-1.268058554,0.204777041,0.207099099,0.454488323,+/0
Rhizophagus irregularis,Schizosaccharomyces pombe,0.106822761,0.022825421,0.016682579,0.755794824,-1.268029273,0.204787497,0.207099099,0.454488323,+/0
Thielaviopsis punctulata,Choanephora cucurbitarum,-0.072992227,0.120411149,0.017373068,0.746027299,1.267319683,0.205041005,0.207207207,0.454488323,0/0
Aspergillus rambellii,Lipomyces starkeyi,-0.13833439,0.003140746,-0.049030205,0.360433206,1.262564324,0.206745796,0.208252252,0.454488323,-/0
Phytophthora capsici,Lipomyces starkeyi,-0.081922376,0.081217978,0.00693276,0.89716961,1.246904204,0.212432625,0.211963964,0.457231089,0/0
Pneumocystis murina,Aspergillus ochraceoroseus,0.092939241,0.047803833,0.004658474,0.930798087,-1.240048778,0.214957353,0.21372973,0.457231089,+/0
Sphaerulina musiva,Hyaloscypha variabilis,-0.062722369,0.182180144,0.025635541,0.632678711,1.238595895,0.215495189,0.214126126,0.457231089,0/0
Trichoderma atroviride,Albugo candida,0.092036671,0.050018489,0.003888175,0.942219001,-1.238087595,0.215683583,0.214126126,0.457231089,0/0
Rhizophagus clarus,Phytopythium vexans,-0.050532456,0.28263124,-0.138037986,0.009720827,-1.237242923,0.215996911,0.21427027,0.457231089,0/-
Coniochaeta ligniaria,Baudoinia panamericana,0.065008709,0.166725295,-0.023230706,0.664934534,-1.237047505,0.216069447,0.214306306,0.457231089,0/0
Trichoderma atroviride,Lipomyces starkeyi,0.055146119,0.240929451,0.14233746,0.007654167,1.233869121,0.217251678,0.214954955,0.457231089,0/+
Rhizophagus irregularis,[Candida] arabinofermentans,0.238782314,2.63E-07,0.319524565,9.51E-10,1.227240759,0.219732114,0.216900901,0.458039146,+/+
Pneumocystis murina,Paracoccidioides brasiliensis,0.136106993,0.003665416,0.219910508,3.32E-05,1.212816892,0.225199835,0.221189189,0.461522197,+/+
Aspergillus rambellii,Colletotrichum fioriniae,-0.113829478,0.015240983,-0.028942038,0.589450804,1.195587887,0.231857421,0.226486486,0.470533908,-/0
Phytophthora capsici,Coniochaeta ligniaria,0.136986542,0.003449414,0.218905903,3.61E-05,1.185485701,0.235825465,0.229477477,0.472839403,+/+
Cordyceps sp. RAO-2017,Coniochaeta ligniaria,0.176227298,0.000160554,0.256725847,1.13E-06,1.183528254,0.236599856,0.230054054,0.472839403,+/+
Aspergillus rambellii,Rhizophagus irregularis,-0.090234277,0.054698035,-0.006429519,0.904597047,1.177045599,0.239177306,0.23181982,0.475452728,0/0
Schizosaccharomyces pombe,Choanephora cucurbitarum,0.063044307,0.179942071,-0.020199833,0.706477708,-1.166960451,0.243226341,0.234990991,0.477595915,0/0
Rhizophagus irregularis,Hyaloscypha variabilis,0.084517029,0.07200552,0.166350011,0.001791537,1.165009503,0.244015146,0.235567568,0.478042796,0/+
Lipomyces starkeyi,Colletotrichum salicis,0.003362008,0.943049206,0.085781332,0.109147869,1.1571582,0.247207732,0.237765766,0.479632143,0/0
Rhizophagus clarus,Choanephora cucurbitarum,0.138226909,0.003164406,0.218057155,3.88E-05,1.155298708,0.247968125,0.238414414,0.479632143,+/+
Debaryomyces hansenii,Tuber magnatum,-0.048465125,0.302813569,0.033133526,0.53669156,1.143408143,0.252869173,0.241801802,0.484200452,0/0
Debaryomyces hansenii,Colletotrichum fioriniae,-0.047714652,0.310370759,0.033869247,0.527680897,1.143188778,0.25296022,0.241873874,0.484200452,0/0
Schizosaccharomyces pombe,Thielaviopsis punctulata,-0.108387966,0.020894004,-0.02778468,0.604427371,1.134653021,0.256520728,0.243855856,0.486000206,-/0
Pichia kudriavzevii,Albugo candida,0.257549811,2.60E-08,0.330242761,2.38E-10,1.114973879,0.264861615,0.249621622,0.492969912,+/+
Leucoagaricus sp. SymC.cos,Hyaloscypha variabilis,0.125581254,0.00738355,0.202238777,0.00013928,1.103765447,0.269694897,0.25236036,0.492969912,+/+
Pseudocercospora musae,Schizosaccharomyces pombe,0.212352937,5.01E-06,0.13666971,0.010475316,-1.09376432,0.274058357,0.255135135,0.493791379,+/+
Sphaerulina musiva,Colletotrichum salicis,-0.060214945,0.200319538,0.017589027,0.742980631,1.090612271,0.275443528,0.256072072,0.493896206,0/0
Trichoderma atroviride,Thielaviopsis punctulata,-0.081935614,0.081168665,-0.004727046,0.929782045,1.083805065,0.278451239,0.258378378,0.495995947,0/0
Naumovozyma dairenensis,Edhazardia aedis,0.224245278,1.39E-06,0.295556925,1.74E-08,1.071619548,0.28389095,0.262486486,0.500466948,+/+
Albugo candida,Edhazardia aedis,0.241070076,2.00E-07,0.168493171,0.001558362,-1.061424895,0.288496848,0.265801802,0.503637579,+/+
Rhizophagus irregularis,Tuber magnatum,0.204836525,1.09E-05,0.131770475,0.013619407,-1.0535832,0.292073784,0.26836036,0.505720497,+/+
Aspergillus rambellii,Albugo candida,-0.091005866,0.052652013,-0.017830378,0.739580482,1.028257736,0.303828606,0.275783784,0.509559902,0/0
Leucoagaricus sp. SymC.cos,[Candida] arabinofermentans,0.235340973,3.94E-07,0.164912488,0.001965386,-1.02794528,0.303975568,0.27581982,0.509559902,+/+
Baudoinia panamericana,Edhazardia aedis,0.135654111,0.003781351,0.063612267,0.23521902,-1.019451366,0.307988731,0.278558559,0.509952338,+/0
Rhizophagus clarus,Colletotrichum salicis,-0.037561731,0.424630527,0.035067614,0.513170294,1.017549125,0.308892275,0.279675676,0.510840845,0/0
Phytophthora capsici,Leucoagaricus sp. SymC.cos,0.063601481,0.176116881,-0.008786859,0.869886879,-1.014932111,0.31013819,0.28036036,0.510840845,0/0
Cordyceps sp. RAO-2017,Pichia kudriavzevii,-0.094677812,0.043769028,-0.022601877,0.67347499,1.013279299,0.310926772,0.281153153,0.510840845,-/0
Phytopythium vexans,Hyaloscypha variabilis,0.050301759,0.284837271,-0.021562178,0.687687641,-1.007023157,0.313923646,0.283063063,0.510840845,0/0
Hyaloscypha variabilis,Thielaviopsis punctulata,-0.104763093,0.025601219,-0.033355574,0.533963949,1.00521922,0.314791302,0.283783784,0.510980447,-/0
Colletotrichum salicis,Edhazardia aedis,0.003397635,0.942446748,0.074385587,0.164962627,0.996041583,0.319229941,0.286414414,0.511224325,0/0
Colletotrichum salicis,Choanephora cucurbitarum,0.02595177,0.581270391,0.096600216,0.071077353,0.993509593,0.320461678,0.287207207,0.511224325,0/0
Phytophthora capsici,Tuber magnatum,0.094893309,0.04328948,0.024260488,0.651041988,-0.993084556,0.32066875,0.287279279,0.511224325,+/0
Pseudocercospora musae,Colletotrichum fioriniae,0.22690098,1.03E-06,0.292814172,2.39E-08,0.990386689,0.321985149,0.288324324,0.511224325,+/+
Pichia kudriavzevii,Tuber magnatum,0.165630435,0.000394237,0.096454814,0.071505558,-0.986088347,0.324089761,0.290054054,0.511224325,+/0
Erysiphe pulchra,Pichia kudriavzevii,-0.036910391,0.432712095,0.033459519,0.532689507,0.985868902,0.324197449,0.290198198,0.511224325,0/0
Sphaerulina musiva,Albugo candida,-0.06833206,0.146041777,0.001911791,0.971570667,0.985187264,0.324532095,0.290306306,0.511224325,0/0
Erysiphe pulchra,Trichoderma atroviride,-0.096165854,0.040547015,-0.026148783,0.625881159,0.984608923,0.324816205,0.29045045,0.511224325,-/0
Paracoccidioides brasiliensis,Schizosaccharomyces pombe,0.150048861,0.001343649,0.080779083,0.131478302,-0.983568969,0.325327489,0.290846847,0.511303566,+/0
Pneumocystis murina,Baudoinia panamericana,-0.016179589,0.730985353,0.053680395,0.316634507,0.979061101,0.32754979,0.292864865,0.512239219,0/0
Pneumocystis murina,Colletotrichum fioriniae,-0.003262386,0.944734027,0.066441229,0.215002965,0.977501138,0.328321115,0.293405405,0.512239219,0/0
Aspergillus ochraceoroseus,Choanephora cucurbitarum,-0.053661161,0.253851883,0.015939232,0.76635362,0.975424135,0.329349916,0.294162162,0.512239219,0/0
Aspergillus rambellii,Rhizophagus clarus,-0.099468269,0.034106349,-0.030356398,0.571383547,0.97233218,0.33088532,0.295423423,0.512239219,-/0
Debaryomyces hansenii,Rhizophagus clarus,-0.0056758,0.904005169,0.06361206,0.235220546,0.971511335,0.331293712,0.29581982,0.512239219,0/0
Pseudocercospora musae,Edhazardia aedis,0.306585319,2.46E-11,0.243063589,4.22E-06,-0.962698048,0.335699077,0.299207207,0.514809179,+/+
Aspergillus rambellii,[Candida] arabinofermentans,-0.083079415,0.076998388,-0.014596592,0.785533715,0.961705652,0.336197483,0.299495495,0.514809179,0/0
Pseudocercospora musae,Naumovozyma dairenensis,0.043604689,0.353938603,0.111698021,0.036730804,0.959744811,0.337183665,0.300036036,0.514809179,0/+
Phytopythium vexans,[Candida] arabinofermentans,-0.061039757,0.194213038,-0.128719355,0.015972829,-0.956775549,0.338680556,0.300792793,0.514809179,0/-
Debaryomyces hansenii,Schizosaccharomyces pombe,-0.03408519,0.468776681,0.034103538,0.524827657,0.955284023,0.339434085,0.301369369,0.514809179,0/0
Rhizophagus clarus,[Candida] arabinofermentans,0.396576644,0,0.452025641,0,0.947552347,0.343357395,0.304144144,0.51825695,+/+
Paracoccidioides brasiliensis,[Candida] arabinofermentans,0.089511376,0.056674493,0.022447062,0.675584115,-0.942478704,0.345947609,0.305873874,0.519823099,0/0
Aspergillus kawachii,Lipomyces starkeyi,0.145361553,0.001901319,0.079633558,0.137057053,-0.932609614,0.351021568,0.309513514,0.521402524,+/0
Leucoagaricus sp. SymC.cos,Baudoinia panamericana,0.216776833,3.14E-06,0.152987985,0.004120182,-0.925283812,0.354818297,0.312432432,0.523080328,+/+
Rhizophagus clarus,Tuber magnatum,0.355544082,5.77E-15,0.297124434,1.45E-08,-0.916046143,0.359642694,0.315459459,0.523210082,+/+
[Candida] arabinofermentans,Baudoinia panamericana,0.503376438,0,0.453072202,0,-0.913885486,0.360777021,0.316324324,0.523210082,+/+
Pseudocercospora musae,Lipomyces starkeyi,0.296238205,1.20E-10,0.23629711,7.88E-06,-0.90384895,0.366075502,0.31963964,0.523549602,+/+
Tuber magnatum,Thielaviopsis punctulata,-0.06898434,0.142222434,-0.004842284,0.928074809,0.899780533,0.368237056,0.320864865,0.523549602,0/0
Pseudocercospora musae,Tuber magnatum,0.245311711,1.20E-07,0.304628559,5.97E-09,0.898993754,0.368655988,0.321225225,0.523549602,+/+
Pneumocystis murina,Phytopythium vexans,-0.056359181,0.23072131,0.007244558,0.892572185,0.89154468,0.372637033,0.324432432,0.525664402,0/0
Pseudocercospora musae,Leucoagaricus sp. SymC.cos,0.192594053,3.61E-05,0.130767068,0.014357295,-0.889386975,0.373795143,0.325477477,0.526179105,+/+
Paracoccidioides brasiliensis,Naumovozyma dairenensis,-0.015793698,0.737162047,0.046780264,0.382921711,0.87678158,0.380605286,0.329981982,0.528806161,0/0
Pneumocystis murina,Trichoderma atroviride,0.035819832,0.446440074,0.097829022,0.067541547,0.872556703,0.382904749,0.331495495,0.529200558,0/0
Pneumocystis murina,Lipomyces starkeyi,0.035089562,0.455769194,-0.026526286,0.620901478,-0.863156257,0.388051561,0.335423423,0.533083763,0/0
Phytophthora capsici,Hyaloscypha variabilis,0.072507165,0.12290305,0.011245189,0.833954701,-0.85969004,0.389959926,0.337477477,0.534397926,0/0
Rhizophagus irregularis,Coniochaeta ligniaria,-0.092602746,0.0486197,-0.031614761,0.555532911,0.857653101,0.391084044,0.338558559,0.534397926,-/0
Trichophyton mentagrophytes,Rhizophagus clarus,0.002350768,0.960161872,-0.058719002,0.273276776,-0.856167097,0.39190536,0.339171171,0.534397926,0/0
Rhizophagus irregularis,Rhizophagus clarus,0.383445495,0,0.434214271,0,0.854042132,0.393081645,0.339711712,0.534397926,+/+
Aspergillus kawachii,Baudoinia panamericana,0.030808182,0.512606706,-0.030114482,0.574455147,-0.853424061,0.393424183,0.34018018,0.534397926,0/0
Paracoccidioides brasiliensis,Albugo candida,0.066899445,0.154704289,0.007080262,0.894994272,-0.839106555,0.401409518,0.346054054,0.536353307,0/0
Aspergillus rambellii,Naumovozyma dairenensis,-0.083939472,0.073978675,-0.024214084,0.651665477,0.839099494,0.40141348,0.346054054,0.536353307,0/0
Cordyceps sp. RAO-2017,Albugo candida,-0.044722696,0.341722373,0.014928861,0.780774551,0.835792952,0.403271392,0.347279279,0.536353307,0/0
Phytopythium vexans,Tuber magnatum,-0.033472966,0.476804862,0.026027276,0.627487615,0.83349788,0.404563993,0.348648649,0.536353307,0/0
Debaryomyces hansenii,Hyaloscypha variabilis,-0.050209594,0.285721827,0.009236559,0.863291527,0.833078345,0.404800546,0.348792793,0.536353307,0/0
Albugo candida,Coniochaeta ligniaria,-0.06839305,0.145681376,-0.00932405,0.862009463,0.828695027,0.407277001,0.350306306,0.536353307,0/0
Pseudocercospora musae,Rhizophagus clarus,0.281572951,1.02E-09,0.226501241,1.89E-05,-0.824711991,0.409535122,0.352,0.537345824,+/+
Phytopythium vexans,Colletotrichum salicis,0.252160926,5.14E-08,0.196328866,0.000219136,-0.823543026,0.41019926,0.352576577,0.537373161,+/+
Rhizophagus irregularis,Debaryomyces hansenii,0.035504779,0.450451497,0.093945621,0.079232304,0.822086518,0.411027658,0.353261261,0.537455214,0/0
Lipomyces starkeyi,Leucoagaricus sp. SymC.cos,0.109003235,0.020174584,0.166464981,0.00177826,0.82050208,0.411929944,0.354126126,0.537550471,+/+
Rhizophagus irregularis,Lipomyces starkeyi,0.038499679,0.413148665,-0.020046127,0.70860918,-0.820178668,0.412114261,0.354306306,0.537550471,0/0
Trichoderma atroviride,Pichia kudriavzevii,0.08607742,0.066888664,0.027896572,0.60297204,-0.817652624,0.413555569,0.355459459,0.537604113,0/0
Colletotrichum fioriniae,Coniochaeta ligniaria,0.070954457,0.13115025,0.012883999,0.810186641,-0.814880261,0.415140853,0.356648649,0.537711749,0/0
Sphaerulina musiva,Choanephora cucurbitarum,-0.075230213,0.109420997,-0.017302503,0.747023669,0.813188737,0.416109856,0.357585586,0.538185009,0/0
Colletotrichum fioriniae,Schizosaccharomyces pombe,0.021844956,0.642483876,0.07880111,0.141223885,0.799857022,0.423793641,0.364576577,0.54147427,0/0
Naumovozyma dairenensis,Colletotrichum fioriniae,-0.006922355,0.883059666,0.050073975,0.3502868,0.798764135,0.42442719,0.364972973,0.54147427,0/0
Trichoderma atroviride,Coniochaeta ligniaria,-0.000836799,0.985813759,-0.057418407,0.284060953,-0.793253265,0.42763028,0.367351351,0.54147427,0/0
Phytopythium vexans,Edhazardia aedis,-0.049588418,0.291731847,0.006298391,0.906533778,0.783209119,0.433504321,0.372,0.541884879,0/0
Aspergillus kawachii,Cordyceps sp. RAO-2017,-0.057445425,0.22184373,-0.001655175,0.975385387,0.782172325,0.434113306,0.372108108,0.541884879,0/0
[Candida] arabinofermentans,Thielaviopsis punctulata,-0.087564679,0.062293147,-0.032035512,0.550281134,0.780624552,0.435023347,0.372936937,0.541884879,0/0
Debaryomyces hansenii,[Candida] arabinofermentans,0.044584932,0.343212996,-0.010999861,0.83752635,-0.778828884,0.436080521,0.373801802,0.541994404,0/0
Phytophthora capsici,Cordyceps sp. RAO-2017,0.20102503,1.59E-05,0.253603086,1.54E-06,0.776651018,0.437364693,0.374702703,0.541994404,+/+
Aspergillus kawachii,Colletotrichum fioriniae,-0.010540262,0.822779595,0.044769536,0.403726801,0.774982292,0.438350123,0.375675676,0.542125802,0/0
Rhizophagus irregularis,Leucoagaricus sp. SymC.cos,0.139611848,0.002871584,0.085161864,0.111739363,-0.772474275,0.439833578,0.376720721,0.542125802,+/0
Erysiphe pulchra,Choanephora cucurbitarum,-0.070975088,0.131037933,-0.015950768,0.766189424,0.7722147,0.439987276,0.376972973,0.542125802,0/0
Aspergillus kawachii,Debaryomyces hansenii,0.072696457,0.121925869,0.125969698,0.018391242,0.753659334,0.451053806,0.385225225,0.546043045,0/+
Aspergillus rambellii,Baudoinia panamericana,-0.086001687,0.067129925,-0.03260146,0.543255648,0.750636534,0.452871428,0.386414414,0.546043045,0/0
Lipomyces starkeyi,Choanephora cucurbitarum,0.198239162,2.09E-05,0.146471431,0.006046524,-0.747342603,0.454856782,0.387783784,0.546043045,+/+
Colletotrichum fioriniae,Leucoagaricus sp. SymC.cos,0.152168985,0.00114464,0.099711917,0.06240429,-0.74663249,0.455285431,0.388036036,0.546043045,+/0
Albugo candida,Aspergillus ochraceoroseus,0.225749207,1.18E-06,0.174668096,0.001033258,-0.745406714,0.456025886,0.388576577,0.546043045,+/+
Pneumocystis murina,Albugo candida,0.112833575,0.016162122,0.060068447,0.262385805,-0.744665409,0.456474015,0.388828829,0.546043045,+/0
Naumovozyma dairenensis,Tuber magnatum,0.111110907,0.017870936,0.163137469,0.002201278,0.742724969,0.457648209,0.389837838,0.546043045,+/+
Pneumocystis murina,Colletotrichum salicis,0.02714415,0.564020694,-0.02581733,0.630267464,-0.741845403,0.458181008,0.390414414,0.546043045,0/0
Moniliophthora perniciosa,Cordyceps sp. RAO-2017,0.020016417,0.670572682,-0.032794341,0.540871479,-0.739763126,0.459443737,0.391099099,0.546043045,0/0
Pichia kudriavzevii,Baudoinia panamericana,0.07068503,0.13262388,0.122923926,0.021436936,0.738648922,0.460120209,0.391495495,0.546043045,0/+
Rhizophagus clarus,Hyaloscypha variabilis,0.176051055,0.000163041,0.226618953,1.87E-05,0.738261942,0.460355289,0.391855856,0.546043045,+/+
Albugo candida,Colletotrichum salicis,0.015774781,0.73746527,0.068340486,0.202149546,0.737604995,0.460754519,0.392288288,0.546043045,0/0
Phytophthora capsici,Edhazardia aedis,-0.086706559,0.064911806,-0.034339894,0.521957263,0.736209398,0.461603274,0.392828829,0.546043045,0/0
Rhizophagus clarus,Thielaviopsis punctulata,-0.147082264,0.00167575,-0.095482814,0.074422418,0.733560594,0.463216585,0.394414414,0.547164878,-/0
Aspergillus kawachii,Thielaviopsis punctulata,-0.025347472,0.590105452,0.026985617,0.61486565,0.733039486,0.463534347,0.394666667,0.547164878,0/0
Moniliophthora perniciosa,Phytophthora capsici,0.002305476,0.960928809,-0.049865034,0.352303322,-0.73117463,0.464672495,0.395927928,0.547164878,0/0
Colletotrichum salicis,Tuber magnatum,-0.001977132,0.966489765,0.050038336,0.350630244,0.729009465,0.465995873,0.397009009,0.547164878,0/0
Debaryomyces hansenii,Choanephora cucurbitarum,-0.008362687,0.858960191,0.043012577,0.422446346,0.719832909,0.47162788,0.401693694,0.549298333,0/0
Naumovozyma dairenensis,Phytopythium vexans,-0.065612238,0.162814426,-0.014329714,0.789362061,0.719467758,0.471852761,0.402018018,0.549298333,0/0
Cordyceps sp. RAO-2017,Hyaloscypha variabilis,0.024370753,0.604514268,-0.026133236,0.626086618,-0.707407911,0.479313022,0.407711712,0.550038741,0/0
Pichia kudriavzevii,Choanephora cucurbitarum,0.049611611,0.291505943,0.099705999,0.062419918,0.705604824,0.480433923,0.40836036,0.550385473,0/0
Phytophthora capsici,Naumovozyma dairenensis,-0.096408107,0.040041925,-0.046994515,0.38074408,0.695708286,0.486611536,0.412540541,0.550385473,-/0
Pneumocystis murina,Pseudocercospora musae,0.184748659,7.50E-05,0.231707025,1.19E-05,0.687565463,0.491726464,0.417045045,0.550385473,+/+
Pseudocercospora musae,Albugo candida,0.16492516,0.000417747,0.21225134,6.27E-05,0.687348141,0.491863369,0.417117117,0.550385473,+/+
Pseudocercospora musae,Colletotrichum salicis,0.061176071,0.193217092,0.109877819,0.039927646,0.687184946,0.491966189,0.417225225,0.550385473,0/+
Edhazardia aedis,Choanephora cucurbitarum,0.137325757,0.003369242,0.185090651,0.000500551,0.686894377,0.49214929,0.417333333,0.550385473,+/+
Aspergillus ochraceoroseus,Tuber magnatum,0.005915191,0.899977121,0.05428084,0.311243861,0.678058635,0.497734516,0.422234234,0.552219683,0/0
Aspergillus ochraceoroseus,Leucoagaricus sp. SymC.cos,-0.037028548,0.431239495,0.01130205,0.833127365,0.677064781,0.498364853,0.422630631,0.552219683,0/0
Phytopythium vexans,Baudoinia panamericana,0.078211773,0.096025319,0.030165473,0.57380708,-0.674952881,0.499705702,0.42363964,0.552219683,0/0
Rhizophagus irregularis,Edhazardia aedis,0.297092292,1.05E-10,0.340288619,6.17E-11,0.673473091,0.500646363,0.424504505,0.552219683,+/+
Sphaerulina musiva,Pichia kudriavzevii,-0.061293669,0.192360894,-0.013336657,0.803651249,0.672655435,0.501166526,0.424792793,0.552219683,0/0
Aspergillus kawachii,Hyaloscypha variabilis,0.029824643,0.526165006,-0.018187288,0.734561624,-0.672510234,0.501258927,0.424828829,0.552219683,0/0
Hyaloscypha variabilis,Edhazardia aedis,0.202313561,1.40E-05,0.155986078,0.003436578,-0.670422085,0.50258876,0.426342342,0.55236778,+/+
Moniliophthora perniciosa,Coniochaeta ligniaria,-0.030503812,0.516783036,0.017014551,0.751093857,0.665601882,0.505665603,0.429045045,0.552474085,0/0
Aspergillus kawachii,Albugo candida,0.003707283,0.937211904,0.050563149,0.345594277,0.656772863,0.511326976,0.433657658,0.556180014,0/0
Pseudocercospora musae,Cordyceps sp. RAO-2017,-0.030080652,0.522618354,0.016608724,0.756841891,0.653985729,0.513121,0.435315315,0.556451176,0/0
Trichoderma atroviride,Schizosaccharomyces pombe,0.118650984,0.011402907,0.072510137,0.175905567,-0.652234207,0.514250096,0.436396396,0.557092769,+/0
Leucoagaricus sp. SymC.cos,Tuber magnatum,0.107629636,0.021811275,0.061761247,0.24915092,-0.647098723,0.517568052,0.439063063,0.557341582,+/0
Pneumocystis murina,Leucoagaricus sp. SymC.cos,0.058298876,0.215041808,0.012210351,0.81993697,-0.646341235,0.518058389,0.439423423,0.557341582,0/0
Aspergillus kawachii,Phytopythium vexans,-0.062050549,0.186916722,-0.016055096,0.764704946,0.64521802,0.51878591,0.43981982,0.557341582,0/0
Phytopythium vexans,Schizosaccharomyces pombe,0.005806379,0.901807704,-0.040141471,0.454102283,-0.643756031,0.51973365,0.440648649,0.557341582,0/0
Debaryomyces hansenii,Colletotrichum salicis,-0.036910174,0.432714796,0.008745751,0.870490227,0.639602832,0.522430841,0.442738739,0.558654538,0/0
Pichia kudriavzevii,Coniochaeta ligniaria,0.010510572,0.823270551,-0.03481477,0.516214575,-0.634937851,0.52546895,0.445477477,0.558853998,0/0
Rhizophagus irregularis,Naumovozyma dairenensis,0.139341714,0.002926686,0.183449876,0.000562518,0.634327121,0.525867361,0.445693694,0.558853998,+/+
Pichia kudriavzevii,Naumovozyma dairenensis,0.220764569,2.04E-06,0.263186812,5.90E-07,0.631154062,0.527939795,0.447459459,0.559338472,+/+
Paracoccidioides brasiliensis,Aspergillus ochraceoroseus,-0.015099683,0.748313114,0.029898792,0.577200313,0.630298765,0.528499131,0.448036036,0.559695536,0/0
Erysiphe pulchra,Aspergillus kawachii,-0.024724492,0.599277638,-0.069566097,0.194156712,-0.629466583,0.529043639,0.448720721,0.559896958,0/0
Trichophyton mentagrophytes,Pichia kudriavzevii,0.02747612,0.559262311,-0.017392349,0.745755131,-0.628458697,0.529703496,0.449081081,0.559896958,0/0
Trichoderma atroviride,Tuber magnatum,0.052262992,0.266451437,0.096806076,0.070474684,0.627371936,0.530415459,0.449837838,0.559896958,0/0
Naumovozyma dairenensis,Leucoagaricus sp. SymC.cos,0.115544876,0.013762043,0.159318808,0.002798613,0.624920045,0.532023535,0.451351351,0.559896958,+/+
Coniochaeta ligniaria,Tuber magnatum,0.201367543,1.54E-05,0.158323441,0.00297684,-0.623050113,0.533251591,0.453045045,0.559896958,+/+
Pneumocystis murina,Thielaviopsis punctulata,-0.100425024,0.032411745,-0.056718807,0.289978938,0.6159643,0.537918082,0.456756757,0.560393155,-/0
Cordyceps sp. RAO-2017,Baudoinia panamericana,-0.010635451,0.821205972,0.033279397,0.534898912,0.615160549,0.538448698,0.457333333,0.560393155,0/0
Trichoderma atroviride,Baudoinia panamericana,0.079367895,0.091197007,0.03586338,0.503650244,-0.611363658,0.540958857,0.459531532,0.560453847,0/0
Cordyceps sp. RAO-2017,Leucoagaricus sp. SymC.cos,-0.120098028,0.010431626,-0.07694544,0.150860632,0.610330724,0.541642748,0.460144144,0.560453847,-/0
Aspergillus rambellii,Tuber magnatum,-0.054994671,0.242225836,-0.011523564,0.829906058,0.609539311,0.542167025,0.460396396,0.560453847,0/0
Rhizophagus irregularis,Paracoccidioides brasiliensis,0.0781823,0.096151019,0.034917124,0.514981098,-0.607924909,0.543237278,0.46154955,0.560453847,0/0
Pichia kudriavzevii,Hyaloscypha variabilis,0.028376903,0.546449414,0.071671738,0.180968239,0.607917315,0.543242315,0.46154955,0.560453847,0/0
Aspergillus kawachii,Edhazardia aedis,0.066238615,0.158828842,0.023306493,0.663908121,-0.602521796,0.546826859,0.46436036,0.560453847,0/0
Phytophthora capsici,Pseudocercospora musae,-0.062714847,0.18223268,-0.105423983,0.048753443,-0.602450103,0.546874568,0.464468468,0.560453847,0/-
Debaryomyces hansenii,Leucoagaricus sp. SymC.cos,0.010086478,0.830291018,-0.032820596,0.540547359,-0.601039843,0.547813449,0.465189189,0.560453847,0/0
Cordyceps sp. RAO-2017,Schizosaccharomyces pombe,-0.08599367,0.067155506,-0.043309069,0.419252321,0.600356476,0.548268688,0.465513514,0.560453847,0/0
Debaryomyces hansenii,Naumovozyma dairenensis,0.057326373,0.222804631,0.014582019,0.785742627,-0.599457871,0.548867596,0.46590991,0.560453847,0/0
Erysiphe pulchra,Debaryomyces hansenii,-0.013429971,0.775352957,0.028541585,0.594613496,0.587888839,0.556606908,0.473081081,0.561854808,0/0
Colletotrichum salicis,Schizosaccharomyces pombe,-0.055515419,0.237788709,-0.013638972,0.799294059,0.587225358,0.557052364,0.473297297,0.561854808,0/0
Debaryomyces hansenii,Phytopythium vexans,-0.056394196,0.230431277,-0.015349424,0.774762449,0.575612188,0.564877341,0.479747748,0.562292755,0/0
Erysiphe pulchra,Phytophthora capsici,-0.046031781,0.327764426,-0.086513311,0.106146957,-0.56948299,0.569028411,0.483567568,0.56474672,0/0
Aspergillus rambellii,Pichia kudriavzevii,-0.062864741,0.181187868,-0.022304616,0.677526974,0.569113939,0.56927882,0.483783784,0.56474672,0/0
Naumovozyma dairenensis,Coniochaeta ligniaria,-0.071381647,0.128839715,-0.031330214,0.559098351,0.56243895,0.573816988,0.487927928,0.567727765,0/0
Trichophyton mentagrophytes,Choanephora cucurbitarum,-0.008164473,0.862269444,-0.048061766,0.370009846,-0.55923742,0.575999698,0.489693694,0.568666294,0/0
Naumovozyma dairenensis,Thielaviopsis punctulata,-0.07281057,0.121339712,-0.033074285,0.537420445,0.558104833,0.576772801,0.490594595,0.569243199,0/0
Lipomyces starkeyi,Phytopythium vexans,-0.01465004,0.755566025,0.024535765,0.647348392,0.548840986,0.58311458,0.49581982,0.570820642,0/0
Pneumocystis murina,[Candida] arabinofermentans,0.130007646,0.005532825,0.091473225,0.087493647,-0.54640718,0.584786075,0.497369369,0.571246881,+/0
Moniliophthora perniciosa,Colletotrichum salicis,-0.050578991,0.282187652,-0.011707657,0.827231104,0.544950936,0.585787263,0.49827027,0.571826864,0/0
Aspergillus ochraceoroseus,Hyaloscypha variabilis,0.038481596,0.413368274,0.000353139,0.994747566,-0.534216487,0.593191764,0.505765766,0.575157248,0/0
Pichia kudriavzevii,Paracoccidioides brasiliensis,0.020718093,0.659736923,-0.017238043,0.747934209,-0.531602506,0.595001329,0.507243243,0.575157248,0/0
Coniochaeta ligniaria,Leucoagaricus sp. SymC.cos,0.024053112,0.609233864,-0.013889713,0.795684885,-0.531428155,0.595122115,0.507351351,0.575157248,0/0
Paracoccidioides brasiliensis,Choanephora cucurbitarum,0.021968264,0.640607357,0.059686785,0.265435355,0.529154722,0.596698123,0.508648649,0.575271951,0/0
Thielaviopsis punctulata,Edhazardia aedis,-0.15538895,0.000893787,-0.118606798,0.026498311,0.525014032,0.599573437,0.511099099,0.576633672,-/-
Baudoinia panamericana,Tuber magnatum,0.201544449,1.51E-05,0.237211646,7.25E-06,0.524806937,0.599717409,0.511315315,0.576633672,+/+
Cordyceps sp. RAO-2017,Aspergillus ochraceoroseus,-0.027998242,0.551817859,0.009326626,0.861971731,0.522803089,0.60111129,0.512432432,0.576907904,0/0
Erysiphe pulchra,Trichophyton mentagrophytes,-0.012622841,0.788524148,-0.049371937,0.357091225,-0.515186914,0.606422413,0.518126126,0.579230225,0/0
Trichophyton mentagrophytes,Cordyceps sp. RAO-2017,-0.007990816,0.865170694,-0.044716353,0.404286086,-0.514719282,0.606749198,0.518342342,0.579230225,0/0
Sphaerulina musiva,Naumovozyma dairenensis,-0.068574259,0.14461458,-0.032314235,0.546815601,0.509136667,0.610656432,0.521837838,0.57962525,0/0
Trichophyton mentagrophytes,Colletotrichum salicis,-0.009343771,0.84261807,0.025820752,0.630222118,0.492527556,0.622346446,0.532864865,0.581895734,0/0
Aspergillus kawachii,Schizosaccharomyces pombe,0.054616491,0.245484359,0.019610987,0.71465561,-0.490943116,0.623466681,0.53372973,0.581895734,0/0
Rhizophagus irregularis,Sphaerulina musiva,-0.115593312,0.013722184,-0.14970229,0.005008505,-0.486268168,0.626777045,0.536792793,0.581895734,-/-
Pneumocystis murina,Choanephora cucurbitarum,0.017958202,0.702746013,-0.016692574,0.755653157,-0.485297611,0.62746525,0.537621622,0.581895734,0/0
Rhizophagus irregularis,Pneumocystis murina,0.130348798,0.005409203,0.16421438,0.002055258,0.484820115,0.627803952,0.537945946,0.581895734,+/+
Pneumocystis murina,Naumovozyma dairenensis,0.021281292,0.651090678,0.055641313,0.299254143,0.481937752,0.629850166,0.539927928,0.581895734,0/0
Cordyceps sp. RAO-2017,Tuber magnatum,-0.081720724,0.081972174,-0.047465634,0.375982373,0.481765658,0.629972428,0.540072072,0.581895734,0/0
Moniliophthora perniciosa,Schizosaccharomyces pombe,0.001045192,0.9822814,-0.033031744,0.537944157,-0.477381174,0.633090717,0.542846847,0.581895734,0/0
Pseudocercospora musae,Pichia kudriavzevii,0.141065258,0.002590989,0.10780749,0.043846404,-0.473113449,0.636132243,0.546018018,0.581895734,+/+
Trichophyton mentagrophytes,Albugo candida,-0.018573835,0.693063676,0.01520125,0.776879138,0.473032021,0.636190335,0.54609009,0.581895734,0/0
Coniochaeta ligniaria,[Candida] arabinofermentans,0.031116192,0.508398346,-0.002608506,0.961217208,-0.472420881,0.636626403,0.546306306,0.581895734,0/0
Pneumocystis murina,Cordyceps sp. RAO-2017,-0.080044599,0.088462405,-0.046479777,0.385988617,0.471975106,0.636944557,0.546630631,0.581895734,0/0
Albugo candida,Thielaviopsis punctulata,-0.063695844,0.175475077,-0.030220157,0.57311244,0.4698733,0.638445541,0.548288288,0.581895734,0/0
Debaryomyces hansenii,Paracoccidioides brasiliensis,0.018697373,0.691126682,-0.014359384,0.7889362,-0.46297059,0.643385448,0.553801802,0.58346285,0/0
Sphaerulina musiva,Aspergillus kawachii,-0.027119796,0.564370537,-0.060006491,0.262879197,-0.461462353,0.644466925,0.554810811,0.584000149,0/0
Aspergillus rambellii,Cordyceps sp. RAO-2017,-0.083570832,0.075260966,-0.050779792,0.343528882,0.461328992,0.644562587,0.554918919,0.584000149,0/0
Trichoderma atroviride,[Candida] arabinofermentans,-0.00109081,0.981508197,-0.033770114,0.528890533,-0.4578203,0.647081551,0.557657658,0.585920838,0/0
Pichia kudriavzevii,Leucoagaricus sp. SymC.cos,0.034208671,0.467166532,0.066176153,0.216842519,0.448841429,0.653546051,0.564216216,0.590554081,0/0
Paracoccidioides brasiliensis,Baudoinia panamericana,0.036124261,0.442583255,0.004459076,0.933753214,-0.443658517,0.657289492,0.568144144,0.590993584,0/0
Rhizophagus irregularis,Phytophthora capsici,-0.051460397,0.273874645,-0.082637546,0.122802451,-0.438612238,0.660942528,0.571495495,0.591339151,0/0
Albugo candida,Choanephora cucurbitarum,0.031622035,0.50152637,0.000346876,0.994840727,-0.438124487,0.661296045,0.571891892,0.591339151,0/0
Aspergillus kawachii,Trichoderma atroviride,0.009831443,0.834519426,-0.021277529,0.691598274,-0.435698908,0.663055198,0.573657658,0.592152504,0/0
Rhizophagus clarus,Colletotrichum fioriniae,0.062552229,0.183371221,0.092363353,0.084443034,0.420026362,0.674466195,0.584072072,0.595910826,0/0
Trichophyton mentagrophytes,Lipomyces starkeyi,-0.019929945,0.671912826,-0.049834501,0.352598609,-0.419324509,0.674978987,0.584468468,0.595910826,0/0
Trichoderma atroviride,Rhizophagus clarus,0.076001339,0.105822825,0.046582785,0.384935593,-0.413560835,0.679195761,0.588252252,0.596189667,0/0
Paracoccidioides brasiliensis,Colletotrichum fioriniae,0.059459118,0.206036913,0.088259912,0.099249411,0.405566937,0.685060826,0.594882883,0.598662589,0/0
Trichophyton mentagrophytes,Leucoagaricus sp. SymC.cos,-0.029793865,0.526592215,-0.058691493,0.273501947,-0.405504068,0.685107029,0.594990991,0.598662589,0/0
Cordyceps sp. RAO-2017,Phytopythium vexans,0.340373054,8.90E-14,0.314575628,1.77E-09,-0.404699713,0.685698253,0.595603604,0.598965716,+/+
Trichophyton mentagrophytes,Phytopythium vexans,-0.033839964,0.471983385,-0.005148919,0.923533684,0.401969273,0.68770664,0.59790991,0.600343572,0/0
Aspergillus rambellii,Hyaloscypha variabilis,-0.034754446,0.460086583,-0.006342331,0.905884733,0.398077683,0.690572924,0.600936937,0.601320689,0/0
Paracoccidioides brasiliensis,Leucoagaricus sp. SymC.cos,0.102642917,0.028757832,0.074877974,0.162176045,-0.391933587,0.695107285,0.605045045,0.601320689,+/0
Debaryomyces hansenii,Albugo candida,0.04627256,0.325237871,0.018365969,0.732053235,-0.391237578,0.695621634,0.605657658,0.601320689,0/0
Naumovozyma dairenensis,Baudoinia panamericana,0.163462027,0.000470739,0.190235259,0.000344937,0.387063559,0.698709154,0.608324324,0.601320689,+/+
Phytophthora capsici,Trichophyton mentagrophytes,-0.011658624,0.804337816,0.015849129,0.767636465,0.385244082,0.700056586,0.609585586,0.601320689,0/0
Colletotrichum fioriniae,Tuber magnatum,0.09625999,0.040350109,0.123243023,0.021098557,0.382501652,0.702089304,0.611711712,0.601320689,+/+
Cordyceps sp. RAO-2017,Paracoccidioides brasiliensis,-0.041132712,0.381911341,-0.013939024,0.794975613,0.381132482,0.703104946,0.612756757,0.601320689,0/0
Trichophyton mentagrophytes,Colletotrichum fioriniae,-0.01132286,0.809863673,-0.038414034,0.473772577,-0.3796424,0.704210883,0.613981982,0.601626105,0/0
Aspergillus rambellii,Colletotrichum salicis,-0.086952397,0.064152511,-0.060199573,0.261343659,0.37670832,0.706390379,0.616432432,0.60320035,0/0
Leucoagaricus sp. SymC.cos,Thielaviopsis punctulata,-0.095515522,0.041929629,-0.068903323,0.198449833,0.375235507,0.707485325,0.617693694,0.603203638,-/0
Trichophyton mentagrophytes,Coniochaeta ligniaria,0.011551519,0.806099456,0.038282203,0.475292655,0.374590956,0.7079647,0.618198198,0.603203638,0/0
Phytophthora capsici,Schizosaccharomyces pombe,-0.033227955,0.480038636,-0.006701188,0.900586352,0.37165034,0.710153204,0.620072072,0.603220994,0/0
[Candida] arabinofermentans,Schizosaccharomyces pombe,0.149885717,0.00136021,0.175563463,0.000972387,0.369394518,0.711833684,0.621513514,0.603639038,+/+
Moniliophthora perniciosa,Baudoinia panamericana,-0.018247157,0.69819539,-0.044414934,0.407464561,-0.366834207,0.71374269,0.62363964,0.603639038,0/0
Albugo candida,[Candida] arabinofermentans,0.118791773,0.011305014,0.144035412,0.006952639,0.359744547,0.719038175,0.630234234,0.606828716,+/+
Coniochaeta ligniaria,Colletotrichum salicis,0.090523584,0.053923265,0.115639458,0.030545945,0.355519425,0.722200495,0.63354955,0.607008244,0/+
Moniliophthora perniciosa,Choanephora cucurbitarum,0.00410509,0.930490671,-0.021270612,0.691693406,-0.355406137,0.722285352,0.633585586,0.607008244,0/0
Aspergillus kawachii,[Candida] arabinofermentans,0.033962657,0.470377482,0.008650616,0.871886831,-0.354649349,0.722852301,0.634162162,0.607008244,0/0
Pneumocystis murina,Debaryomyces hansenii,0.013266123,0.778021643,-0.011203128,0.834566808,-0.342684437,0.731835872,0.644468468,0.610451785,0/0
Debaryomyces hansenii,Coniochaeta ligniaria,-0.019475763,0.678968805,-0.043842699,0.413539443,-0.341593512,0.73265682,0.645405405,0.610976555,0/0
Colletotrichum salicis,Hyaloscypha variabilis,0.002956291,0.949912237,0.027308176,0.610642501,0.341118355,0.733014484,0.645981982,0.610982926,0/0
Phytopythium vexans,Coniochaeta ligniaria,0.111659405,0.017310481,0.135424632,0.01120648,0.337983229,0.735375826,0.648576577,0.611932687,+/+
Trichophyton mentagrophytes,Tuber magnatum,0.003171437,0.946272382,-0.020651335,0.700229952,-0.333654956,0.738639944,0.652216216,0.612662443,0/0
Debaryomyces hansenii,Pseudocercospora musae,-0.028622342,0.542983546,-0.052162469,0.330532419,-0.330209627,0.741241573,0.655207207,0.613243288,0/0
Aspergillus rambellii,Trichophyton mentagrophytes,0.01631168,0.728875035,0.039641505,0.459747765,0.326981268,0.743682053,0.658054054,0.613341354,0/0
Phytophthora capsici,Phytopythium vexans,0.267564014,6.99E-09,0.24583727,3.25E-06,-0.325742232,0.744619389,0.659099099,0.613341354,+/+
Debaryomyces hansenii,Thielaviopsis punctulata,0.000198078,0.996641814,-0.023047667,0.667416083,-0.325590179,0.744734443,0.659315315,0.613341354,0/0
Trichophyton mentagrophytes,Edhazardia aedis,-0.039046226,0.40654349,-0.062044101,0.246985598,-0.322901176,0.746770086,0.66172973,0.614336734,0/0
Aspergillus rambellii,Aspergillus kawachii,-0.039652849,0.399286317,-0.062515545,0.243405803,-0.321020668,0.748194728,0.663495495,0.614555486,0/0
Cordyceps sp. RAO-2017,Edhazardia aedis,-0.119744148,0.010662122,-0.097123429,0.069553795,0.320563632,0.748541101,0.663855856,0.614593362,-/0
Debaryomyces hansenii,Baudoinia panamericana,0.002065851,0.964987018,-0.020678807,0.699850458,-0.318557122,0.750062373,0.665621622,0.615148294,0/0
Aspergillus kawachii,Rhizophagus clarus,0.020109145,0.669136721,-0.00223926,0.966703654,-0.313004694,0.754277096,0.67045045,0.615867427,0/0
Leucoagaricus sp. SymC.cos,Colletotrichum salicis,0.012894771,0.784079711,-0.009050614,0.866017504,-0.307336249,0.758587447,0.675783784,0.615867427,0/0
Moniliophthora perniciosa,Lipomyces starkeyi,0.009644482,0.837622222,-0.012275674,0.818990245,-0.306982301,0.758856844,0.676108108,0.615867427,0/0
Aspergillus kawachii,Pneumocystis murina,-0.016451491,0.726643603,-0.038268797,0.475447379,-0.30577024,0.759779589,0.676756757,0.615867427,0/0
Phytophthora capsici,Debaryomyces hansenii,-0.043355597,0.356697401,-0.021662286,0.68631427,0.304126127,0.761031802,0.677837838,0.616370069,0/0
Naumovozyma dairenensis,Schizosaccharomyces pombe,0.116582814,0.012929854,0.095149176,0.075445666,-0.303570742,0.761454945,0.67827027,0.616370069,+/0
Aspergillus kawachii,Coniochaeta ligniaria,-0.022933763,0.625994027,-0.001392826,0.979285902,0.301715218,0.762869166,0.67963964,0.617322865,0/0
Aspergillus kawachii,Tuber magnatum,0.025532626,0.58739188,0.046968466,0.381008443,0.300593699,0.763724337,0.680720721,0.617430273,0/0
Debaryomyces hansenii,Trichoderma atroviride,-0.039684362,0.398911449,-0.018285458,0.733183129,0.299933351,0.764227995,0.681333333,0.6176947,0/0
Colletotrichum salicis,[Candida] arabinofermentans,-0.03149029,0.503311421,-0.010497661,0.84484804,0.294120861,0.76866555,0.686702703,0.618911538,0/0
Debaryomyces hansenii,Cordyceps sp. RAO-2017,-0.017924063,0.703284356,-0.038575364,0.47191599,-0.289441772,0.772243332,0.690810811,0.618911538,0/0
Pneumocystis murina,Schizosaccharomyces pombe,0.068914583,0.142627198,0.048326336,0.36737809,-0.289322035,0.772334951,0.690882883,0.618911538,0/0
Lipomyces starkeyi,Tuber magnatum,0.156835267,0.000798558,0.176175469,0.000932701,0.278572676,0.780572784,0.700072072,0.622940663,+/+
Trichophyton mentagrophytes,Hyaloscypha variabilis,-0.035462175,0.450995508,-0.015640579,0.770608134,0.277771755,0.781187574,0.700864865,0.623133798,0/0
Trichophyton mentagrophytes,Thielaviopsis punctulata,-0.01087586,0.817234839,0.008775417,0.870054812,0.275205291,0.783158522,0.703243243,0.623362546,0/0
Trichoderma atroviride,Edhazardia aedis,0.041939003,0.372642384,0.061279028,0.252872819,0.271569261,0.785953237,0.70609009,0.623362546,0/0
Sphaerulina musiva,Trichophyton mentagrophytes,-0.014732888,0.754228022,0.004622732,0.931327713,0.271071159,0.786336303,0.706702703,0.623362546,0/0
Pseudocercospora musae,Choanephora cucurbitarum,0.175050923,0.000177854,0.156258632,0.003379839,-0.270601491,0.786697549,0.707135135,0.623395074,+/+
Debaryomyces hansenii,Pichia kudriavzevii,0.000939933,0.98406555,-0.018265104,0.73346886,-0.268975461,0.787948566,0.708396396,0.623712603,0/0
Cordyceps sp. RAO-2017,Naumovozyma dairenensis,-0.073093325,0.119896777,-0.091820055,0.086294641,-0.264052038,0.791739821,0.712756757,0.62554767,0/0
Phytopythium vexans,Leucoagaricus sp. SymC.cos,0.039760929,0.398001529,0.021014402,0.695220531,-0.26277642,0.792722911,0.71390991,0.625829718,0/0
Cordyceps sp. RAO-2017,[Candida] arabinofermentans,-0.071797241,0.126622275,-0.090082524,0.092436374,-0.257762825,0.796589956,0.718666667,0.627394713,0/0
Rhizophagus irregularis,Phytopythium vexans,-0.187384157,5.89E-05,-0.20507831,0.000111506,-0.257720368,0.796622725,0.718774775,0.627394713,-/-
Trichophyton mentagrophytes,Debaryomyces hansenii,0.005906202,0.900128326,-0.012370951,0.817609871,-0.255962739,0.797979609,0.720864865,0.628363779,0/0
Moniliophthora perniciosa,Debaryomyces hansenii,-0.026541576,0.572707162,-0.008612785,0.872442318,0.251158824,0.801691318,0.725009009,0.629978031,0/0
Trichophyton mentagrophytes,Naumovozyma dairenensis,-0.023459,0.618104885,-0.041081187,0.443597329,-0.24704448,0.804873801,0.729153153,0.631765864,0/0
Leucoagaricus sp. SymC.cos,Choanephora cucurbitarum,0.293692522,1.75E-10,0.277875979,1.26E-07,-0.24120093,0.80939939,0.734846847,0.632774939,+/+
Albugo candida,Lipomyces starkeyi,0.07690483,0.101726736,0.093991572,0.079084959,0.241048463,0.809517555,0.735135135,0.632774939,0/0
Rhizophagus irregularis,Aspergillus kawachii,0.079721331,0.08976042,0.062907093,0.240460404,-0.236675648,0.812908428,0.739315315,0.633441571,0/0
Aspergillus kawachii,Leucoagaricus sp. SymC.cos,0.018659134,0.691726027,0.001859016,0.972355144,-0.23529886,0.81397678,0.740612613,0.633628081,0/0
Moniliophthora perniciosa,Trichophyton mentagrophytes,-0.00885469,0.850756809,-0.025515163,0.634277545,-0.233387313,0.815460664,0.742342342,0.633628081,0/0
Rhizophagus clarus,Edhazardia aedis,0.590177135,0,0.600754948,0,0.229522336,0.818462962,0.74572973,0.633952211,+/+
Debaryomyces hansenii,Lipomyces starkeyi,-0.033860107,0.471719521,-0.018411842,0.73140971,0.216489437,0.828606258,0.75845045,0.637890538,0/0
Sphaerulina musiva,Pneumocystis murina,-0.066065043,0.159925821,-0.081272339,0.129130804,-0.214129021,0.830446445,0.760972973,0.637890538,0/0
Trichoderma atroviride,Leucoagaricus sp. SymC.cos,0.174214719,0.000191197,0.188730901,0.000385001,0.210211314,0.833502749,0.764792793,0.638311215,+/+
Rhizophagus irregularis,Trichophyton mentagrophytes,-0.000423099,0.992826927,-0.014850119,0.781901654,-0.202051028,0.839876832,0.773225225,0.640192322,0/0
Trichophyton mentagrophytes,Paracoccidioides brasiliensis,-0.016907681,0.719378789,-0.00249619,0.962885868,0.201840763,0.840041213,0.773369369,0.640192322,0/0
Trichophyton mentagrophytes,Pseudocercospora musae,-0.024038548,0.60945065,-0.037858619,0.480194768,-0.193724681,0.846391465,0.78190991,0.641878615,0/0
Lipomyces starkeyi,Baudoinia panamericana,0.094697701,0.043724581,0.108252143,0.042978539,0.19179416,0.847903446,0.783279279,0.641878615,+/+
Aspergillus kawachii,Aspergillus ochraceoroseus,-0.023086815,0.623690701,-0.036410497,0.497159145,-0.186752658,0.851854568,0.788756757,0.643389496,0/0
Aspergillus rambellii,Phytophthora capsici,-0.026870968,0.567950944,-0.014110445,0.792511269,0.178775629,0.858113882,0.797657658,0.648302802,0/0
Phytophthora capsici,[Candida] arabinofermentans,-0.086846831,0.064477663,-0.099269302,0.063582023,-0.175486079,0.860697708,0.801261261,0.650121954,0/0
Trichoderma atroviride,Cordyceps sp. RAO-2017,-0.04220884,0.369571668,-0.054432453,0.309892309,-0.171582036,0.863766131,0.805333333,0.651252026,0/0
Trichophyton mentagrophytes,Baudoinia panamericana,-0.01606474,0.732821876,-0.02764464,0.606251,-0.162244034,0.871113685,0.81445045,0.653563449,0/0
Baudoinia panamericana,Schizosaccharomyces pombe,0.086463922,0.065668443,0.097043704,0.069784209,0.14941844,0.881223462,0.828252252,0.656879498,0/0
Erysiphe pulchra,Lipomyces starkeyi,-0.105816845,0.024146717,-0.095256803,0.075114338,0.149394108,0.881242661,0.828252252,0.656879498,-/0
Cordyceps sp. RAO-2017,Rhizophagus clarus,-0.126835925,0.00680961,-0.137054723,0.010257937,-0.145640767,0.884204983,0.832036036,0.656879498,-/-
Aspergillus rambellii,Debaryomyces hansenii,-0.016287794,0.729256485,-0.026616041,0.619720037,-0.144704465,0.884944214,0.833153153,0.656879498,0/0
Pseudocercospora musae,[Candida] arabinofermentans,0.177241898,0.000146914,0.187147728,0.000431813,0.143485389,0.88590685,0.834738739,0.657094351,+/+
Aspergillus ochraceoroseus,Coniochaeta ligniaria,-0.059087424,0.208891489,-0.048879924,0.361909061,0.143364718,0.886002146,0.834774775,0.657094351,0/0
Trichoderma atroviride,Naumovozyma dairenensis,-0.007335637,0.876132615,-0.0175413,0.743653611,-0.142943275,0.886334981,0.835135135,0.657109143,0/0
Trichoderma atroviride,Colletotrichum fioriniae,0.135528004,0.00381422,0.145415862,0.006425284,0.141257989,0.887666137,0.837117117,0.658130277,+/+
[Candida] arabinofermentans,Tuber magnatum,0.259457055,2.03E-08,0.268759342,3.32E-07,0.140038492,0.888629577,0.838522523,0.65818761,+/+
Coniochaeta ligniaria,Hyaloscypha variabilis,0.117171673,0.012477726,0.108081444,0.04330998,-0.128935859,0.897408402,0.850702703,0.660830463,+/+
Rhizophagus clarus,Albugo candida,0.174975048,0.000179027,0.183883572,0.000545482,0.12890589,0.897432116,0.850738739,0.660830463,+/+
Trichophyton mentagrophytes,[Candida] arabinofermentans,-0.037653175,0.42350301,-0.028492139,0.59525239,0.128432372,0.897806814,0.851099099,0.660830463,0/0
Coniochaeta ligniaria,Edhazardia aedis,0.063013331,0.180156522,0.072140711,0.17812323,0.128406976,0.897826911,0.851099099,0.660830463,0/0
Trichophyton mentagrophytes,Schizosaccharomyces pombe,-0.024384294,0.604313428,-0.015749221,0.769059649,0.120974878,0.903710934,0.859459459,0.662831711,0/0
Rhizophagus clarus,Coniochaeta ligniaria,0.106152294,0.023698933,0.098180678,0.066556624,-0.112812527,0.910179187,0.86818018,0.663305745,+/0
Trichophyton mentagrophytes,Aspergillus ochraceoroseus,-0.012805897,0.785531504,-0.020744107,0.698948684,-0.111198432,0.911458995,0.869585586,0.663852216,0/0
Moniliophthora perniciosa,Pichia kudriavzevii,-0.007702759,0.869987177,9.45E-05,0.998594078,0.10919515,0.913047707,0.871675676,0.664656558,0/0
Paracoccidioides brasiliensis,Hyaloscypha variabilis,0.088732289,0.058870523,0.096000243,0.072857849,0.102656582,0.918235534,0.880036036,0.66759154,0/0
Coniochaeta ligniaria,Choanephora cucurbitarum,0.01801776,0.701807179,0.010830125,0.839999439,-0.100676898,0.919806951,0.882306306,0.66825972,0/0
Debaryomyces hansenii,Aspergillus ochraceoroseus,-0.005885798,0.90047156,0.000225065,0.996652473,0.085577368,0.93180239,0.90018018,0.672140508,0/0
Naumovozyma dairenensis,Colletotrichum salicis,-0.039392438,0.402392102,-0.033369651,0.533791274,0.084455053,0.932694638,0.901333333,0.672140508,0/0
Aspergillus kawachii,Pseudocercospora musae,0.01739919,0.71157973,0.023060623,0.667240318,0.079315279,0.936781854,0.906522523,0.67334626,0/0
Aspergillus kawachii,Pichia kudriavzevii,0.014151299,0.763636059,0.01970078,0.713406432,0.077737299,0.938037024,0.908216216,0.673804578,0/0
Coniochaeta ligniaria,Schizosaccharomyces pombe,0.107060695,0.022522206,0.102764384,0.054762475,-0.060835149,0.951490497,0.926990991,0.677749824,+/0
Aspergillus rambellii,Choanephora cucurbitarum,-0.059465832,0.205985612,-0.055226734,0.302874829,0.059560204,0.952505915,0.92836036,0.677749824,0/0
Phytophthora capsici,Pneumocystis murina,-0.027483179,0.559161343,-0.023255743,0.66459538,0.059239155,0.952761623,0.928756757,0.677749824,0/0
Pseudocercospora musae,Aspergillus ochraceoroseus,0.006243091,0.894463998,0.009851881,0.8542826,0.050540764,0.959691466,0.939099099,0.680665461,0/0
Sphaerulina musiva,Debaryomyces hansenii,-0.017902057,0.703631452,-0.021338954,0.690753682,-0.048148835,0.961597627,0.94245045,0.680665461,0/0
Phytophthora capsici,Rhizophagus clarus,-0.024152853,0.60775013,-0.027500972,0.608124416,-0.046918353,0.962578301,0.944,0.680665461,0/0
Phytophthora capsici,Colletotrichum fioriniae,0.102004052,0.029772209,0.098780566,0.064903656,-0.045601279,0.96362805,0.945369369,0.680665461,+/0
Aspergillus kawachii,Naumovozyma dairenensis,0.014327475,0.760782425,0.016785206,0.754340582,0.03442637,0.972537156,0.959063063,0.684332807,0/0
Aspergillus rambellii,Schizosaccharomyces pombe,-0.055034763,0.241882174,-0.052686793,0.325687996,0.032976619,0.973693233,0.961045045,0.684332807,0/0
Colletotrichum fioriniae,Edhazardia aedis,0.084322497,0.072665262,0.082094428,0.125290531,-0.031419384,0.974935083,0.962774775,0.684332807,0/0
Moniliophthora perniciosa,Aspergillus kawachii,-0.028636065,0.54279009,-0.030804458,0.565715175,-0.030392996,0.97575363,0.964,0.684332807,0/0
Aspergillus kawachii,Choanephora cucurbitarum,0.000952018,0.9838607,0.00298895,0.95556628,0.028525285,0.977243202,0.967135135,0.684789575,0/0
Trichophyton mentagrophytes,Pneumocystis murina,0.008359209,0.859018231,0.010344481,0.847083986,0.027804155,0.977818352,0.968144144,0.685251805,0/0
Pichia kudriavzevii,Phytopythium vexans,-0.049981614,0.287917832,-0.048674116,0.363936321,0.018354832,0.985355786,0.979099099,0.688072079,0/0
Albugo candida,Colletotrichum fioriniae,0.165064605,0.000412998,0.164313799,0.002042234,-0.010807402,0.991377109,0.987207207,0.690362742,+/+
Trichophyton mentagrophytes,Aspergillus kawachii,-0.006876801,0.883823757,-0.006269261,0.906964102,0.008508351,0.9932114,0.989945946,0.691298719,0/0
Albugo candida,Naumovozyma dairenensis,0.321904923,2.10E-12,0.321549214,7.35E-10,-0.005556478,0.995566595,0.993621622,0.691905871,+/+
Sphaerulina musiva,[Candida] arabinofermentans,-0.099967009,0.033213794,-0.09958802,0.062732137,0.005360729,0.995722777,0.99372973,0.691905871,-/0
Naumovozyma dairenensis,Aspergillus ochraceoroseus,0.125387766,0.007475809,0.125176685,0.019145522,-0.003003109,0.997603869,0.996540541,0.692159967,+/+
Aspergillus ochraceoroseus,Baudoinia panamericana,0.023480885,0.617777112,0.023419346,0.662380873,-0.000862262,0.999312015,0.998918919,0.692810933,0/0
