"Gene1","Gene2","CRC_cor","CRC_pVal","CTRL_cor","CTRL_pVal","zScoreDiff","pValDiff","empPVals","pValDiff_adj","Classes"
"Parvimonas micra","Porphyromonas asaccharolytica",0.16235415731099,0.000514951566448429,0.973737876080064,0,31.0471781426819,1.24543552558055e-211,4.96031746031746e-05,0.0880015843635275,"+/+"
"Gemella morbillorum","Porphyromonas asaccharolytica",0.15821478174439,0.000716556052700934,0.822670617264515,0,15.6399726430855,3.88895094100609e-55,0.000396825396825397,0.143002574590732,"+/+"
"Fusobacterium periodonticum","Prevotella intermedia",0.723985112675587,0,-0.00463978147658392,0.915536396639751,-14.3199819294481,1.64165895563465e-46,0.000545634920634921,0.143002574590732,"+/0"
"Parvimonas micra","Gemella morbillorum",0.409160543828703,0,0.857128136630568,0,13.1876993624592,1.03289546307595e-39,0.00064484126984127,0.143002574590732,"+/+"
"Streptococcus anginosus","Streptococcus equinus",0.377541295030528,0,0.755179105735312,0,9.14177594035436,6.14350172247057e-20,0.00203373015873016,0.360806495890463,"+/+"
"Fusobacterium nucleatum","Fusobacterium periodonticum",0.239842301673416,2.31628590086075e-07,0.613809082712715,0,7.31707842752714,2.53427754601672e-13,0.00431547619047619,0.446238122480542,"+/+"
"Clostridium beijerinckii","Adlercreutzia equolifaciens",0.451677730808162,0,0.0890731667263773,0.0413389123603967,-6.18301111765426,6.28902833093117e-10,0.00724206349206349,0.446238122480542,"+/+"
"Fusobacterium nucleatum","Parvimonas micra",0.60618326986055,0,0.297670264608455,3.33866267965277e-12,-6.15824171988762,7.35570257660628e-10,0.00744047619047619,0.446238122480542,"+/+"
"Streptococcus anginosus","Streptococcus milleri",0.881167906932222,0,0.768292255411942,0,-5.6747673632737,1.3887725602999e-08,0.00892857142857143,0.446238122480542,"+/+"
"Brachyspira pilosicoli","[Eubacterium] eligens",-0.020627213881484,0.661136401475463,0.313971817878867,1.78523862359725e-13,5.37539335619615,7.64156701879903e-08,0.00997023809523809,0.446238122480542,"0/+"
"Gemella morbillorum","Dialister pneumosintes",0.542406907876547,0,0.264319023551764,7.66994689982425e-10,-5.23909645722777,1.61364685999026e-07,0.010515873015873,0.446238122480542,"+/+"
"Gemella morbillorum","Fusobacterium periodonticum",0.316928209396901,4.73621142305092e-12,0.0257518106221812,0.556036150090397,-4.70490651039835,2.53982314608657e-06,0.0132440476190476,0.446238122480542,"+/0"
"Romboutsia ilealis","Adlercreutzia equolifaciens",0.284721890707484,6.48136433412105e-10,0.0109810264354978,0.801802688946112,-4.38386097373495,1.16594197386692e-05,0.0151289682539683,0.446238122480542,"+/0"
"Butyrivibrio proteoclasticus","Prevotella intermedia",0.0019595490614367,0.966787607914876,0.269784878430971,3.30614202681545e-10,4.27249816718835,1.93295142889099e-05,0.0161210317460317,0.446238122480542,"0/+"
"Gemella morbillorum","Streptococcus anginosus",0.285632412964715,5.68673552692189e-10,0.0217228994073727,0.61946665669387,-4.23214283480525,2.31475321993847e-05,0.0166666666666667,0.446238122480542,"+/0"
"Gemella morbillorum","Lactococcus garvieae",0.265515433551946,9.17821929569129e-09,0.0033587855093242,0.938801566260354,-4.17919756266355,2.9253947303124e-05,0.0169642857142857,0.446238122480542,"+/0"
"Anaerostipes hadrus","Pseudobutyrivibrio xylanivorans",0.49082398383853,0,0.265172155353398,6.73429978448326e-10,-4.12953901213755,3.63491322995146e-05,0.0172619047619048,0.446238122480542,"+/+"
"Gemella morbillorum","Prevotella intermedia",0.303713474625337,3.83677534188109e-11,0.0524855232378881,0.229923651344649,-4.06094107201779,4.88753077299203e-05,0.0181051587301587,0.446238122480542,"+/0"
"[Eubacterium] eligens","Streptococcus salivarius",0.281383756863219,1.04272723788768e-09,0.0311578951362266,0.476224313612143,-4.01341496908248,5.98465672568502e-05,0.0186507936507937,0.446238122480542,"+/0"
"Clostridium beijerinckii","Fusobacterium periodonticum",-0.0217737717890699,0.643568212124785,0.223599528209447,2.25744765103286e-07,3.87657705997324,0.000105936268821806,0.0200396825396825,0.446238122480542,"0/+"
"Fusobacterium nucleatum","Prevotella intermedia",0.272143725199095,3.76346642738667e-09,0.0323371309238655,0.459685962164476,-3.83940172080724,0.000123334486767496,0.0206845238095238,0.446238122480542,"+/0"
"Romboutsia ilealis","[Eubacterium] eligens",0.305812669343651,2.77116107838538e-11,0.0702055448982698,0.108107044449892,-3.82025551687765,0.000133313493064516,0.0208333333333333,0.446238122480542,"+/0"
"Streptococcus salivarius","Streptococcus milleri",0.68296440386617,0,0.530745606644701,0,-3.7870944722502,0.000152419160250817,0.0210813492063492,0.446238122480542,"+/+"
"Pseudobutyrivibrio xylanivorans","Streptococcus thermophilus",0.283275314891499,7.97060417667694e-10,0.0501451450365282,0.251401199951798,-3.74954388080009,0.000177156496952182,0.0214781746031746,0.446238122480542,"+/0"
"Butyrivibrio proteoclasticus","Clostridium beijerinckii",0.598981169257536,0,0.429073453041692,0,-3.62112164578047,0.000293328544702833,0.0233630952380952,0.446238122480542,"+/+"
"Dialister pneumosintes","Prevotella intermedia",0.338466772825651,1.24567023362943e-13,0.125797842147875,0.00388937871064687,-3.51372820663505,0.00044186467881963,0.0249503968253968,0.446238122480542,"+/+"
"Pseudobutyrivibrio xylanivorans","Clostridium beijerinckii",0.570816219754044,0,0.401078568870045,0,-3.4811718558697,0.000499225068757613,0.0253968253968254,0.446238122480542,"+/+"
"Anaerostipes hadrus","Romboutsia ilealis",0.335893810111884,1.95399252334028e-13,0.137069661800427,0.0016436627665648,-3.29015608143019,0.00100131823511204,0.0282242063492063,0.446238122480542,"+/+"
"Pseudobutyrivibrio xylanivorans","Streptococcus salivarius",0.27337107263539,3.18228421392064e-09,0.0727145300731977,0.0960461635084302,-3.23013686107131,0.00123730973506729,0.0286706349206349,0.446238122480542,"+/0"
"[Eubacterium] eligens","Clostridium beijerinckii",0.369581572671429,4.44089209850063e-16,0.179038767671494,3.69289151758156e-05,-3.21906923060847,0.0012860743118539,0.0287698412698413,0.446238122480542,"+/+"
"Fusobacterium periodonticum","Streptococcus salivarius",-0.0184527778977065,0.694963711528959,0.1846346815056,2.07111867487342e-05,3.19235619846364,0.00141117191490265,0.0293650793650794,0.446238122480542,"0/+"
"Anaerostipes hadrus","Clostridium beijerinckii",0.380102098669931,0,0.192824094460532,8.60915562039821e-06,-3.18735854449837,0.00143578669415138,0.0293650793650794,0.446238122480542,"+/+"
"Parvimonas micra","Lactococcus garvieae",0.202233314276686,1.41122226051671e-05,0.00198395471187066,0.963828489224911,-3.15882681389566,0.0015840559233927,0.0300595238095238,0.446238122480542,"+/0"
"Pseudobutyrivibrio xylanivorans","Prevotella intermedia",-0.0357281620143561,0.447605171242987,0.163957340911717,0.00016107343947902,3.12955238976814,0.00175072850563187,0.0308035714285714,0.446238122480542,"0/+"
"Streptococcus thermophilus","Escherichia coli",0.018795865892141,0.689583820018676,0.212650541005405,8.78035710361047e-07,3.06661208853151,0.00216499618917593,0.0322916666666667,0.446238122480542,"0/+"
"Romboutsia ilealis","Clostridium beijerinckii",0.557451083681072,0,0.40808071874961,0,-3.04597718434753,0.00231925433458651,0.0327876984126984,0.446238122480542,"+/+"
"Butyrivibrio proteoclasticus","Streptococcus thermophilus",0.219568338461481,2.32087377871615e-06,0.0290289840664653,0.506887420739285,-3.02022246672735,0.00252589080588299,0.0334325396825397,0.446238122480542,"+/0"
"Anaerostipes hadrus","Butyrivibrio proteoclasticus",0.424988999970794,0,0.259170167315801,1.66547020619134e-09,-2.93282090203039,0.00335897595747469,0.0357638888888889,0.446238122480542,"+/+"
"Streptococcus equinus","Streptococcus milleri",0.398083663725024,0,0.542320291479331,0,2.89425529280782,0.00380059019430612,0.0374007936507936,0.446238122480542,"+/+"
"[Eubacterium] eligens","Streptococcus equinus",0.180230129675326,0.000112789446020001,-0.003029571186355,0.944789910113459,-2.88154620679739,0.00395729207088295,0.0375992063492063,0.446238122480542,"+/0"
"Fusobacterium nucleatum","Clostridium beijerinckii",0.0103110531791588,0.826571676989661,0.191743769335642,9.68701161818686e-06,2.85954126896045,0.00424254212849309,0.0381944444444444,0.446238122480542,"0/+"
"Butyrivibrio proteoclasticus","Dialister pneumosintes",-0.0245197783747178,0.602305650645782,0.14829623608502,0.000652828363752356,2.70534794024342,0.00682328791671191,0.0433035714285714,0.446238122480542,"0/+"
"Butyrivibrio proteoclasticus","Streptococcus salivarius",0.209194696346468,6.95993536803385e-06,0.0390051391576999,0.372430869590546,-2.69572721448296,0.00702351583249391,0.0435019841269841,0.446238122480542,"+/0"
"Streptococcus salivarius","Streptococcus equinus",0.600118225712901,0,0.698809954376533,0,2.66982638115481,0.00758904768013726,0.0444444444444444,0.446238122480542,"+/+"
"Fusobacterium periodonticum","Bifidobacterium adolescentis",0.14236608767231,0.00236128820850023,-0.0265136275197199,0.544407138049163,-2.64214881398599,0.00823818503259485,0.0454861111111111,0.446238122480542,"+/0"
"Pseudobutyrivibrio xylanivorans","Dialister pneumosintes",-0.0289803583183503,0.537947610833265,0.138716777001057,0.00144134079414937,2.62263961806849,0.00872515100188902,0.0463789682539683,0.446238122480542,"0/+"
"Romboutsia ilealis","Lactobacillus ruminis",0.159173144679802,0.00066425639583878,-0.00606596965012542,0.889719766687255,-2.59151213360643,0.00955551718993038,0.0475694444444444,0.446238122480542,"+/0"
"Anaerostipes hadrus","Streptococcus thermophilus",0.231094171140545,6.42604454759166e-07,0.0735913107629035,0.0920939211041212,-2.51398950010326,0.0119373987895008,0.0507440476190476,0.446238122480542,"+/0"
"Fusobacterium nucleatum","Pseudobutyrivibrio xylanivorans",-0.0711048769562654,0.130333050512885,0.0845059538593784,0.0529753276104716,2.4255223957294,0.0152863725444614,0.0555059523809524,0.446238122480542,"0/0"
"Dialister pneumosintes","Streptococcus anginosus",0.149852356403176,0.00136361980472333,-0.00472921901028709,0.913914510532662,-2.42218737788256,0.0154273934238489,0.0556547619047619,0.446238122480542,"+/0"
"Pseudobutyrivibrio xylanivorans","Streptococcus milleri",0.169531970166879,0.000284956290772076,0.0162145156562662,0.710890749415838,-2.41052363370722,0.0159296392188547,0.0562996031746032,0.446238122480542,"+/0"
"Adlercreutzia equolifaciens","Ruminococcus bicirculans",0.242495101103311,1.68648124798665e-07,0.0923933988107164,0.0343038692061484,-2.40736501543354,0.01606810098355,0.0566964285714286,0.446238122480542,"+/+"
"Fusobacterium periodonticum","Streptococcus equinus",-0.024624290254992,0.600758910880029,0.129054383230928,0.00305294427284375,2.40179047793091,0.0163150501231597,0.0567956349206349,0.446238122480542,"0/+"
"Clostridium beijerinckii","Bifidobacterium longum",-0.0190204198172717,0.686071065322004,0.13441875135754,0.00202461042569846,2.39949718152401,0.0164176062095263,0.0571428571428571,0.446598348840457,"0/+"
"Fusobacterium nucleatum","Streptococcus anginosus",0.164724104691468,0.000424684536181053,0.014090776363114,0.747371877843806,-2.36663083484731,0.0179508282383942,0.0588293650793651,0.451817658247375,"+/0"
"Butyrivibrio proteoclasticus","Streptococcus equinus",0.20290720808228,1.3192662034367e-05,0.0567596437061946,0.194124543238718,-2.31677766144289,0.0205158465079414,0.0620039682539683,0.452192756575664,"+/0"
"Parvimonas micra","Fusobacterium periodonticum",0.158628202368398,0.00069354397771404,0.0114462580862982,0.793591166710864,-2.3104062324293,0.0208656743730956,0.0621031746031746,0.452192756575664,"+/0"
"Fusobacterium nucleatum","Butyrivibrio proteoclasticus",-0.0615831124806197,0.19026539034,0.0850569980644793,0.0514405431968987,2.2853898936077,0.0222899760809322,0.0638888888888889,0.452192756575664,"0/0"
"Anaerostipes hadrus","[Eubacterium] eligens",0.295428842168974,1.35106148491104e-10,0.156665821166604,0.00031410194049486,-2.27936916826474,0.0226451295002479,0.0643353174603175,0.452192756575664,"+/+"
"[Eubacterium] eligens","Streptococcus thermophilus",0.130836655077666,0.0052367374324902,-0.0140769650580062,0.747611085522051,-2.26586418308387,0.0234597001694488,0.065327380952381,0.452192756575664,"+/0"
"Clostridium beijerinckii","Lactobacillus ruminis",0.123540390054612,0.00840991224747789,-0.0180751363235959,0.679460089486973,-2.21271213421031,0.0269174982895581,0.067906746031746,0.453241242774559,"+/0"
"Butyrivibrio proteoclasticus","Lactobacillus ruminis",0.12725622639177,0.00662647840221631,-0.011341823788313,0.795432523385657,-2.1666760214419,0.0302595662092705,0.0710813492063492,0.463217130880546,"+/0"
"Pseudobutyrivibrio xylanivorans","Streptococcus equinus",0.226865953377879,1.0374468262242e-06,0.0926858927206894,0.0337361932217737,-2.14548975693039,0.031913709528319,0.0729166666666667,0.468704090631831,"+/+"
"Porphyromonas asaccharolytica","Streptococcus milleri",-0.0121941311324907,0.795544916444433,0.123162153989106,0.00471274439063007,2.11523816429964,0.034409653725146,0.0756944444444444,0.471497306637814,"0/+"
"Bifidobacterium catenulatum","Bifidobacterium angulatum",0.277825075113708,1.71913905333554e-09,0.148479055971084,0.000642733597612244,-2.1114034490785,0.0347376488707489,0.0758928571428571,0.471497306637814,"+/+"
"Fusobacterium nucleatum","Porphyromonas asaccharolytica",0.144734273685895,0.00199023502066042,0.274099934124705,1.67853730914658e-10,2.10821191838188,0.0350126628153025,0.0763888888888889,0.471497306637814,"+/+"
"Bifidobacterium catenulatum","Bifidobacterium pseudocatenulatum",0.389198483292037,0,0.272974199436458,2.00555572149597e-10,-2.03427553686658,0.0419238222430268,0.0816468253968254,0.471497306637814,"+/+"
"Pseudobutyrivibrio xylanivorans","Streptococcus anginosus",0.132607457986327,0.00465155353059954,0.0040037511572108,0.927080076046735,-2.0126367510438,0.0441528577347782,0.0830853174603175,0.471497306637814,"+/0"
"Gemella morbillorum","Streptococcus thermophilus",0.139090341960547,0.00297882380702452,0.0140698066420567,0.747735076685208,-1.95878317157059,0.050138185203606,0.0881944444444445,0.485921791920348,"+/0"
"Romboutsia ilealis","Fusobacterium periodonticum",-0.0107541674926725,0.819244401999697,0.109661057291049,0.0119286481388863,1.87994006122694,0.0601162472661549,0.0953869047619048,0.501609030872107,"0/+"
"Dialister pneumosintes","Bifidobacterium catenulatum",-0.0300483827602811,0.523064728142108,0.0869937354785613,0.0463376983305479,1.82414784805019,0.0681297234783787,0.101785714285714,0.508506452349248,"0/+"
"Clostridium beijerinckii","Streptococcus anginosus",0.116518283676333,0.0129802685175329,0.000979636122513422,0.982134634356086,-1.8054612286374,0.0710025373376172,0.103869047619048,0.508506452349248,"+/0"
"Pseudobutyrivibrio xylanivorans","Lactobacillus ruminis",0.104204476087959,0.0264024787681842,-0.0106029259705291,0.808492474094862,-1.79172871324884,0.0731764327527422,0.105555555555556,0.508506452349248,"+/0"
"Pseudobutyrivibrio xylanivorans","Butyrivibrio proteoclasticus",0.928909518532307,0,0.911550921882525,0,-1.76947405599257,0.0768147966198548,0.108878968253968,0.519256660424578,"+/+"
"Gemella morbillorum","Romboutsia ilealis",0.230573364702285,6.81997055496097e-07,0.121693137650279,0.00523707836643617,-1.74985858976829,0.0801427177383256,0.111359126984127,0.525434991744998,"+/+"
"Roseburia intestinalis","Bifidobacterium longum",0.0674177424209498,0.151526493521845,-0.0440980116563075,0.313217058047405,-1.7366542170871,0.082448223459287,0.113095238095238,0.529402671105126,"0/0"
"Lactobacillus ruminis","Bifidobacterium bifidum",0.0157127853702742,0.738459322761327,0.125568467303169,0.00395547524589879,1.71913745617154,0.0855893459298192,0.114732142857143,0.531685812577553,"0/+"
"Butyrivibrio proteoclasticus","Adlercreutzia equolifaciens",0.290694170637659,2.72482258978357e-10,0.18723452119455,1.57377205551867e-05,-1.70877790575441,0.0874920968383113,0.116220238095238,0.533239574502512,"+/+"
"Pseudobutyrivibrio xylanivorans","[Eubacterium] eligens",0.406823406175473,0,0.311661106479015,2.73558953267639e-13,-1.70193150182624,0.0887682096377007,0.11671626984127,0.533679711359228,"+/+"
"[Eubacterium] eligens","Fusobacterium periodonticum",0.0874600608245321,0.0626076651043748,-0.0202957732201057,0.642666417795868,-1.67965888849811,0.093023702948508,0.11984126984127,0.535767832258554,"0/0"
"Dialister pneumosintes","Porphyromonas asaccharolytica",0.204701738000858,1.10136842159658e-05,0.304724395670522,9.61675183930311e-13,1.66568595428874,0.0957759809852175,0.122123015873016,0.538954976873146,"+/+"
"Butyrivibrio proteoclasticus","Streptococcus anginosus",0.0904841943380711,0.0540282122350633,-0.0154051505089409,0.724721349773853,-1.65097682422035,0.0987433073086792,0.124454365079365,0.546524691010125,"0/0"
"Romboutsia ilealis","Streptococcus thermophilus",0.265935757475598,8.67997362874462e-09,0.165394220033171,0.000140734249338026,-1.641936729237,0.10060311705475,0.126190476190476,0.550437094429152,"+/+"
"Roseburia intestinalis","Streptococcus equinus",0.150975935936006,0.00125300690628172,0.0466289034077363,0.286226628363384,-1.64067196725747,0.10086552701207,0.126289682539683,0.550437094429152,"+/0"
"Parvimonas micra","Streptococcus anginosus",0.123257867169262,0.00856159013614644,0.0194175531119109,0.65711964877805,-1.62498610105643,0.104165520402636,0.128571428571429,0.552047943715145,"+/0"
"Lactobacillus ruminis","Ruminococcus bicirculans",0.0941044562330281,0.0450667399997009,-0.00969783916709769,0.824562235668882,-1.61898263050364,0.105451000393673,0.129365079365079,0.552047943715145,"+/0"
"Roseburia intestinalis","[Eubacterium] eligens",0.189071898918856,5.0322334968822e-05,0.087515763502536,0.0450373549293068,-1.61202011370101,0.106957562909204,0.130605158730159,0.552047943715145,"+/+"
"Porphyromonas asaccharolytica","Fusobacterium periodonticum",0.09775064325641,0.0373382235445974,-0.00352217270410469,0.935830844929936,-1.58015915919212,0.114070422075214,0.135367063492063,0.559804950415074,"+/0"
"Romboutsia ilealis","Streptococcus anginosus",0.107544567982051,0.0219163196122052,0.00879832959187044,0.840605967742003,-1.5424783122082,0.122957404205706,0.14077380952381,0.571506856804785,"+/0"
"Dialister pneumosintes","Clostridium beijerinckii",0.0302560668609579,0.520195320056291,0.128063079251561,0.00328836187038672,1.53223235573413,0.125465106810889,0.142261904761905,0.572506921299518,"0/+"
"Fusobacterium nucleatum","Streptococcus equinus",-0.0312505501652108,0.506568281558418,0.0669681587685249,0.125399936219808,1.52950153029505,0.126140159987099,0.142757936507937,0.572506921299518,"0/0"
"Anaerostipes hadrus","Streptococcus salivarius",0.145448041819196,0.00188934839785415,0.0488188886997211,0.264173560185679,-1.51861187634128,0.128860219950652,0.144940476190476,0.573847694080409,"+/0"
"Porphyromonas asaccharolytica","Ruminococcus bicirculans",-0.027512675692222,0.558739520421837,0.0698621956862196,0.109846703150807,1.51653714954898,0.129383584071463,0.145337301587302,0.573847694080409,"0/0"
"Fusobacterium nucleatum","Anaerostipes hadrus",-0.0168867805659383,0.719711082461228,0.0797871782965252,0.0677434618047386,1.50642199266729,0.131958878469815,0.14672619047619,0.573847694080409,"0/0"
"Lactococcus garvieae","Ruminococcus bicirculans",-0.00710521768999753,0.879993560387799,0.0879157291399321,0.0440619432411795,1.48158247071857,0.138451426076846,0.150347222222222,0.577510397385649,"0/+"
"Butyrivibrio proteoclasticus","Streptococcus milleri",0.102766898786464,0.0285644526443951,0.00790218512246382,0.856655608388295,-1.48127146579764,0.138534248965485,0.150446428571429,0.577510397385649,"+/0"
"Roseburia intestinalis","Fusobacterium periodonticum",-0.0454696527104697,0.333712238076448,0.0471299724910681,0.281074629518506,1.44140906366902,0.14946915117468,0.15639880952381,0.579571511098097,"0/0"
"Butyrivibrio proteoclasticus","Porphyromonas asaccharolytica",-0.0702342916063982,0.135117719609833,0.0219121218321494,0.616418124660504,1.43518410876545,0.151234640757243,0.15734126984127,0.579571511098097,"0/0"
"Streptococcus equinus","Ruminococcus bicirculans",-0.0175129670683345,0.709778600774932,0.0744255841588538,0.0884552813482888,1.43226709091888,0.152067397489784,0.157688492063492,0.579571511098097,"0/0"
"Butyrivibrio proteoclasticus","Bifidobacterium pseudocatenulatum",0.0735621561302621,0.117533830675759,-0.017831227252155,0.683550246943303,-1.42371466946268,0.154529085484852,0.159672619047619,0.580953548806377,"0/0"
"Dialister pneumosintes","Fusobacterium periodonticum",0.310662800689074,1.29369848167471e-11,0.226131078796164,1.63252116491819e-07,-1.41814892099386,0.156147291035868,0.160416666666667,0.580953548806377,"+/+"
"Fusobacterium nucleatum","Roseburia intestinalis",-0.0735214664501756,0.117737455460211,0.0174225889695191,0.690423526982665,1.41672000250409,0.156564806524776,0.160763888888889,0.580953548806377,"0/0"
"Pseudobutyrivibrio xylanivorans","Ruminococcus bicirculans",0.116701574020762,0.0128375238604614,0.2052426416725,2.11549975226433e-06,1.4149343266413,0.157087752289325,0.161111111111111,0.580953548806377,"+/+"
"Prevotella intermedia","Bifidobacterium longum",-0.0255903579843739,0.586546962687642,-0.115198178888448,0.00824104340811527,-1.40174362018422,0.160991819835355,0.164136904761905,0.583561608534895,"0/-"
"Lactococcus garvieae","Bifidobacterium bifidum",-0.0128079808874646,0.78549745458553,0.075069984116559,0.0857246084427614,1.36914445491306,0.170954124619759,0.171031746031746,0.596378643152438,"0/0"
"Bifidobacterium catenulatum","Escherichia coli",-0.064805772060211,0.168056019567031,0.0225138978202985,0.606766961499285,1.35972230303564,0.173917817577251,0.172916666666667,0.59677670169928,"0/0"
"Pseudobutyrivibrio xylanivorans","Adlercreutzia equolifaciens",0.276193309332515,2.1569706021296e-09,0.193884699276928,7.66281335162766e-06,-1.35616646266478,0.175046210067734,0.173759920634921,0.59677670169928,"+/+"
"Anaerostipes hadrus","Adlercreutzia equolifaciens",0.111268859753292,0.017707938304762,0.195157412479601,6.65790539233768e-06,1.33712580933084,0.181181573832996,0.177579365079365,0.597820818916478,"+/+"
"Fusobacterium nucleatum","Streptococcus salivarius",-0.0233765674925762,0.619340162612412,0.0623567753910607,0.15365012875779,1.334899579311,0.181909215498651,0.177827380952381,0.597820818916478,"0/0"
"Streptococcus milleri","Streptococcus thermophilus",0.274843916484237,2.59919152867383e-09,0.193964637983543,7.59565771213389e-06,-1.33216054281981,0.182807439220518,0.178373015873016,0.597820818916478,"+/+"
"Fusobacterium periodonticum","Streptococcus anginosus",0.100215863803049,0.0327759394669833,0.0152448360660462,0.727471665547515,-1.32694738744083,0.184526087254511,0.179761904761905,0.597820818916478,"+/0"
"Bifidobacterium bifidum","Bifidobacterium longum",0.173199365237677,0.000208658831791775,0.0929875149758375,0.033159209847323,-1.27093102947798,0.20375318633833,0.191517857142857,0.603572704062215,"+/+"
"Streptococcus equinus","Streptococcus thermophilus",0.235430111394916,3.89456828564505e-07,0.310786044139225,3.21076498721595e-13,1.26748676835011,0.204981291840143,0.192361111111111,0.603572704062215,"+/+"
"Romboutsia ilealis","Streptococcus salivarius",0.0429963987161854,0.360699365230378,0.12271085589729,0.00486854700944939,1.24920561615247,0.211589878392166,0.19672619047619,0.610164831443619,"0/+"
"Anaerostipes hadrus","Lactococcus garvieae",0.0256455583167113,0.585739615215613,0.105108848287056,0.0159839064799634,1.2420168555059,0.214230343145545,0.198809523809524,0.612344357862879,"0/+"
"Anaerostipes hadrus","Bifidobacterium bifidum",0.0920387458810432,0.0500133017708588,0.0135656620443134,0.756483576954055,-1.2246909316129,0.220691692169203,0.202827380952381,0.619343336424207,"0/0"
"Butyrivibrio proteoclasticus","Romboutsia ilealis",0.332508284471714,3.50830475781549e-13,0.261111083885728,1.24580723515066e-09,-1.21865268264416,0.222976044310673,0.204315476190476,0.620682407522894,"+/+"
"Butyrivibrio proteoclasticus","Lactococcus garvieae",0.102216342166817,0.0294317889483673,0.0245304877562361,0.574927912444903,-1.21389118324467,0.224789280160098,0.205357142857143,0.621398942648582,"+/0"
"Bifidobacterium bifidum","Escherichia coli",-0.0335754254920259,0.475456090340928,0.0436173376962765,0.318526050963539,1.20135250459294,0.229614491572513,0.208680555555556,0.627380422752732,"0/0"
"Clostridium beijerinckii","Streptococcus thermophilus",0.235389581725438,3.91301794522292e-07,0.162179704102858,0.000190055567518499,-1.1862650335114,0.235517650748149,0.21264880952381,0.629211328199222,"+/+"
"Lactobacillus ruminis","Bifidobacterium longum",-0.0311583346674302,0.507823960439342,0.0435907731240862,0.318821157422063,1.16330146519794,0.244707211426734,0.219097222222222,0.637218029727379,"0/0"
"[Eubacterium] eligens","Lactobacillus ruminis",0.0591054960973972,0.208752041841382,-0.0151963902060335,0.728303482117399,-1.15684914217295,0.247334000240785,0.221378968253968,0.638464743607336,"0/0"
"Streptococcus anginosus","Bifidobacterium angulatum",0.0639502529291871,0.173753391687154,-0.00952591235384522,0.827623310584248,-1.14427794438456,0.252508387113324,0.224702380952381,0.638464743607336,"0/0"
"[Eubacterium] eligens","Ruminococcus bicirculans",0.181452112276449,0.0001011099401802,0.110072322222954,0.0116115432902402,-1.13494284855033,0.256399265144665,0.226537698412698,0.638464743607336,"+/+"
"Fusobacterium nucleatum","Dialister pneumosintes",0.396368401261,0,0.455491291612537,0,1.12422055027892,0.260919473481818,0.229712301587302,0.64278224335419,"+/+"
"Dialister pneumosintes","Streptococcus equinus",-0.0355150793719169,0.450320022912567,0.0345940661766152,0.428945696096976,1.09098769913351,0.275278295271354,0.239087301587302,0.648059428730813,"0/0"
"Streptococcus thermophilus","Bifidobacterium adolescentis",-0.0168715948153222,0.719952551427761,0.0527521438886416,0.22756205902539,1.08377731247262,0.278463546815909,0.24171626984127,0.648059428730813,"0/0"
"Bifidobacterium catenulatum","Adlercreutzia equolifaciens",-0.0410717982204187,0.382617279472019,0.028565440126743,0.513698480313311,1.08368048961785,0.278506489124378,0.241765873015873,0.648059428730813,"0/0"
"Clostridium beijerinckii","Streptococcus equinus",0.136297885494106,0.00361752076585553,0.067562110357859,0.122075693321546,-1.08085113670044,0.279763337242874,0.242361111111111,0.648059428730813,"+/0"
"Parvimonas micra","Butyrivibrio proteoclasticus",-0.052036892971263,0.268528530132351,0.0172452543139792,0.693414268386061,1.07843495891745,0.280839692955816,0.242906746031746,0.648059428730813,"0/0"
"Streptococcus anginosus","Bifidobacterium longum",0.0475807540785526,0.311732030036971,-0.0209212578870212,0.632453783720985,-1.06614842231383,0.286356553367877,0.246378968253968,0.650349987707315,"0/0"
"Anaerostipes hadrus","Streptococcus equinus",0.124032543001391,0.00815140312572149,0.0562551110010783,0.198124458952096,-1.06333196449924,0.287631434383396,0.247470238095238,0.65042948798465,"+/0"
"Pseudobutyrivibrio xylanivorans","Romboutsia ilealis",0.341510836413611,7.28306304154103e-14,0.280466078006808,6.04032379669661e-11,-1.0517282531394,0.292924244605044,0.251339285714286,0.654922479238375,"+/+"
"Pseudobutyrivibrio xylanivorans","Bifidobacterium pseudocatenulatum",0.0684152211924363,0.145550529145921,0.00109878929779438,0.979962100192953,-1.04876511298026,0.294286237795429,0.252083333333333,0.654922479238375,"0/0"
"Parvimonas micra","Prevotella intermedia",0.113774441685149,0.0152906584320305,0.0469426058193163,0.282993739969114,-1.04672128484778,0.295228143928142,0.252678571428571,0.655380220391534,"+/0"
"Anaerostipes hadrus","Fusobacterium periodonticum",-0.0591845041819515,0.208143182341913,0.00769129903734055,0.86044137042144,1.04132566981307,0.297724426961829,0.254662698412698,0.658600778604009,"0/0"
"Prevotella intermedia","Bifidobacterium adolescentis",0.0417025967503847,0.375345557118678,-0.0249415196250588,0.568536256060806,-1.03709918840041,0.299689633405183,0.255605158730159,0.659116517769269,"0/0"
"Parvimonas micra","Streptococcus milleri",0.0725463698546776,0.122700162636866,0.137772931806256,0.00155428473593489,1.02632227851483,0.304739699403605,0.258829365079365,0.661716361046267,"0/+"
"Dialister pneumosintes","Bifidobacterium pseudocatenulatum",-0.0715712205833364,0.127824526668031,-0.00591661231691204,0.892418429228217,1.02315627926585,0.306233960892857,0.259871031746032,0.661716361046267,"0/0"
"Pseudobutyrivibrio xylanivorans","Porphyromonas asaccharolytica",-0.0622087995915879,0.18579291480711,0.00343668233010858,0.937385130463201,1.02235998804995,0.306610550687295,0.259970238095238,0.661716361046267,"0/0"
"Gemella morbillorum","Lactobacillus ruminis",0.0545242445251754,0.246283812786653,-0.0108100869418475,0.80482538309731,-1.01711721743515,0.30909767061609,0.262450396825397,0.664511963745046,"0/0"
"Bifidobacterium catenulatum","Streptococcus milleri",-0.014943208548999,0.750834625948472,0.0496039014576085,0.256560725814377,1.00467464005577,0.315053543368452,0.267113095238095,0.666089340210125,"0/0"
"Bifidobacterium catenulatum","Bifidobacterium adolescentis",0.170744284462952,0.000257242333311147,0.109605859584626,0.0119717857592929,-0.970395783788056,0.331849249467598,0.280009920634921,0.677089307757811,"+/+"
"Parvimonas micra","Anaerostipes hadrus",-0.0409316780208519,0.384244163450488,0.0208936246947328,0.632903512228038,0.962089364666046,0.336004716001338,0.282787698412698,0.677089307757811,"0/0"
"Porphyromonas asaccharolytica","Escherichia coli",0.0508546978808037,0.279569185456069,-0.0109094537021186,0.803067940356981,-0.961424655129858,0.336338692467693,0.283184523809524,0.677089307757811,"0/0"
"Streptococcus salivarius","Streptococcus thermophilus",0.357377155475139,3.99680288865056e-15,0.302473729703893,1.43574041544525e-12,-0.958734786597273,0.337692369216909,0.283978174603175,0.677089307757811,"+/+"
"Roseburia intestinalis","Lactobacillus ruminis",0.0694343459023869,0.139632371306288,0.00812427461012564,0.852672280082395,-0.955409696524468,0.339370552340548,0.285168650793651,0.677089307757811,"0/0"
"Streptococcus salivarius","Ruminococcus bicirculans",-0.0126080365327615,0.788766312946124,0.0482916097523491,0.2693733285614,0.947882785074905,0.343189129692815,0.287400793650794,0.677089307757811,"0/0"
"Clostridium beijerinckii","Streptococcus milleri",0.0996917085620289,0.0337039818740803,0.0392748921232037,0.369130957624988,-0.944630879129875,0.344847356551713,0.289186507936508,0.677089307757811,"+/0"
"Roseburia intestinalis","Dialister pneumosintes",-0.0653203528167082,0.164697144230184,-0.00481897102731172,0.912287280768077,0.942540890044729,0.34591578658261,0.290029761904762,0.677089307757811,"0/0"
"Parvimonas micra","Pseudobutyrivibrio xylanivorans",-0.0577117719536687,0.219704679124066,0.00277882648299914,0.949353013096564,0.941923696604479,0.346231706984933,0.290228174603175,0.677089307757811,"0/0"
"Adlercreutzia equolifaciens","Bifidobacterium longum",-0.0377353267850541,0.422491553674117,0.022407785788753,0.60846387106232,0.935857039324335,0.349346798910166,0.292212301587302,0.677089307757811,"0/0"
"Gemella morbillorum","Bifidobacterium catenulatum",0.0403311393921248,0.391264453651794,-0.0194711361193276,0.656234067548837,-0.930596919883795,0.352062108386859,0.294444444444444,0.677089307757811,"0/0"
"Streptococcus anginosus","Prevotella intermedia",0.0387127933168289,0.410565610598099,-0.0208783518039123,0.633152135678074,-0.927282337991378,0.353779962077311,0.295734126984127,0.677089307757811,"0/0"
"Romboutsia ilealis","Prevotella intermedia",-0.0108148703230836,0.81824183743215,0.0482664221400836,0.26962345711934,0.919593732064998,0.357785103396105,0.298462301587302,0.677089307757811,"0/0"
"Bifidobacterium bifidum","Bifidobacterium adolescentis",0.0946071469010545,0.0439272492111353,0.0360990383780108,0.409127274719708,-0.914257688531036,0.360581457733462,0.300793650793651,0.677089307757811,"+/0"
"Parvimonas micra","Bifidobacterium longum",-0.0156056792760462,0.740177702238106,0.0429653707242755,0.325820311951445,0.9114979821611,0.362033048317465,0.301835317460317,0.677089307757811,"0/0"
"Fusobacterium periodonticum","Bifidobacterium longum",0.0160318174348371,0.733348604772163,-0.0424072510429331,0.332149953622267,-0.909430834704245,0.363122751679334,0.302728174603175,0.678123319912384,"0/0"
"Butyrivibrio proteoclasticus","Bifidobacterium bifidum",0.0335850906080718,0.475328966846428,-0.024399304438793,0.576974957885016,-0.902213109189355,0.366943672373357,0.305505952380952,0.680906731275083,"0/0"
"Gemella morbillorum","Adlercreutzia equolifaciens",-0.00359004401995899,0.939193612356925,0.0541493760779264,0.215467860266213,0.898955585970966,0.368676318231465,0.306696428571429,0.681352266934612,"0/0"
"Dialister pneumosintes","Lactococcus garvieae",0.0573467791595618,0.222639719602202,-0.000341463412046828,0.993772365914889,-0.898314379902169,0.369017968331224,0.306944444444444,0.681352266934612,"0/0"
"Anaerostipes hadrus","Lactobacillus ruminis",0.0319293373867326,0.497375678360882,-0.0257604500712815,0.555903595732766,-0.897616176340824,0.369390211946042,0.306994047619048,0.681352266934612,"0/0"
"Dialister pneumosintes","Romboutsia ilealis",0.109020985449802,0.0201541526716951,0.0524728350100041,0.230036468962467,-0.885617105566545,0.375823890786134,0.31155753968254,0.683178760977521,"+/0"
"Lactococcus garvieae","Streptococcus thermophilus",0.0505771009838291,0.282205661090315,-0.00616311589721607,0.887965161665438,-0.883261221229357,0.37709515068088,0.312202380952381,0.683178760977521,"0/0"
"Lactobacillus ruminis","Streptococcus milleri",0.0500765761850955,0.28700173831832,-0.00664952383786863,0.879188313752875,-0.88302217609371,0.377224289946832,0.312301587301587,0.683178760977521,"0/0"
"Porphyromonas asaccharolytica","Adlercreutzia equolifaciens",-0.0390944719629948,0.405963450886964,0.0175305526829256,0.688605077411192,0.881134381202967,0.378245090313712,0.313194444444444,0.684288181861223,"0/0"
"[Eubacterium] eligens","Adlercreutzia equolifaciens",0.0792438636427104,0.0917054976531211,0.0235177059918631,0.590819877997864,-0.869337005612264,0.384662827742968,0.318154761904762,0.684526609799153,"0/0"
"Clostridium beijerinckii","Escherichia coli",-0.0320928801557386,0.495174181705816,0.0236660582370722,0.588479466929733,0.867564709038134,0.385632673119782,0.319047619047619,0.684526609799153,"0/0"
"Bifidobacterium adolescentis","Bifidobacterium longum",0.310429443613939,1.34243727245575e-11,0.358339018165962,0,0.839316219426681,0.401291883919671,0.330753968253968,0.689705984584793,"+/+"
"Romboutsia ilealis","Bifidobacterium catenulatum",0.0421711411905065,0.36999973495803,-0.0112420868093452,0.797192119636871,-0.831233830197461,0.40584154692956,0.334970238095238,0.690960296230895,"0/0"
"[Eubacterium] eligens","Bifidobacterium longum",-0.0860443399565654,0.0669939590079129,-0.0328079237694022,0.453173921837502,0.831221466082507,0.405848530339081,0.334970238095238,0.690960296230895,"0/0"
"Bifidobacterium bifidum","Streptococcus thermophilus",0.0570892856321427,0.224727079045552,0.00379799948367801,0.930817778617902,-0.829906741234342,0.406591513173702,0.335515873015873,0.690960296230895,"0/0"
"Anaerostipes hadrus","Roseburia intestinalis",0.165926172263965,0.000384750873673845,0.114569140117823,0.00860126886387214,-0.815078966739517,0.415027110370891,0.341170634920635,0.692346179152598,"+/+"
"Roseburia intestinalis","Adlercreutzia equolifaciens",0.0518968898576264,0.269820229451012,0.103395421041222,0.0177979813090241,0.806096687466896,0.420187101438422,0.345684523809524,0.697036331866944,"0/+"
"Brachyspira pilosicoli","Bifidobacterium longum",-0.0238178816558599,0.612739472483298,0.0272648959523298,0.533058435889806,0.79476249316566,0.426751672446807,0.350992063492063,0.70202842272415,"0/0"
"Gemella morbillorum","Anaerostipes hadrus",-0.0119463762272812,0.799609849965854,0.0385894495939623,0.377551595345109,0.786386560743777,0.431641054447733,0.355357142857143,0.704895633948657,"0/0"
"Clostridium beijerinckii","Bifidobacterium bifidum",0.00879907984989849,0.851683226640938,0.0592769220716344,0.175048183672687,0.786256266880595,0.431717367985416,0.355456349206349,0.704895633948657,"0/0"
"Bifidobacterium pseudocatenulatum","Ruminococcus bicirculans",-0.068872895891094,0.142869509425313,-0.0189927447637326,0.664157487237281,0.77754376526525,0.436838024017471,0.359871031746032,0.705067160123905,"0/0"
"Clostridium beijerinckii","Prevotella intermedia",-0.0165365159688665,0.725287695530856,0.0333162101410388,0.446201934509915,0.77566927116529,0.43794428800001,0.360714285714286,0.705067160123905,"0/0"
"Pseudobutyrivibrio xylanivorans","Lactococcus garvieae",0.0740820823850121,0.114956127629671,0.0263641840743743,0.546678833702374,-0.744266916231483,0.456715012072772,0.376934523809524,0.7094722895007,"0/0"
"Butyrivibrio proteoclasticus","Bifidobacterium longum",0.0134205830692309,0.775505793978636,-0.0342856717316965,0.433074473344618,-0.742287467777316,0.457913183195237,0.377777777777778,0.7094722895007,"0/0"
"Dialister pneumosintes","Streptococcus salivarius",-0.0269576272549121,0.566702764206112,0.0206529058525276,0.636826906976534,0.740724182943383,0.458860693399164,0.378422619047619,0.7094722895007,"0/0"
"Parvimonas micra","Dialister pneumosintes",0.350987052201459,1.31006316905768e-14,0.308561466218896,4.81836792687318e-13,-0.74063586236523,0.458914257459542,0.378571428571429,0.7094722895007,"+/+"
"Romboutsia ilealis","Ruminococcus bicirculans",0.106099702039437,0.0237686589731108,0.152820695538492,0.000441617997890997,0.739274041787308,0.45974060851563,0.379265873015873,0.7094722895007,"+/+"
"[Eubacterium] eligens","Bifidobacterium catenulatum",-0.00999609510567549,0.831788984838054,-0.0570294238230289,0.192010142718479,-0.732556929705248,0.463828708443956,0.382688492063492,0.709524256392366,"0/0"
"Streptococcus anginosus","Lactobacillus ruminis",0.038573856308297,0.412248507745695,-0.0078540573038512,0.857519297861734,-0.722481724698957,0.469998357309553,0.387599206349206,0.710830979481841,"0/0"
"Pseudobutyrivibrio xylanivorans","Fusobacterium periodonticum",-0.0524141994954369,0.265068517607159,-0.00611973850545432,0.888748554448788,0.720852163247671,0.471000477489614,0.388293650793651,0.71091475995634,"0/0"
"Dialister pneumosintes","Bifidobacterium longum",-0.0432168097916091,0.358240361542961,0.00264125747221796,0.951857235236655,0.713736524860154,0.475390116469673,0.392757936507937,0.711661164258497,"0/0"
"Porphyromonas asaccharolytica","Streptococcus equinus",-0.0630749241413522,0.179730286368474,-0.0173276051387414,0.692024829448171,0.712872024835545,0.475924951567696,0.393253968253968,0.711661164258497,"0/0"
"Anaerostipes hadrus","Porphyromonas asaccharolytica",0.0253587013315141,0.589940712522328,-0.0203211673503285,0.64225046233009,-0.710673697444801,0.47728646246821,0.394345238095238,0.711661164258497,"0/0"
"Roseburia intestinalis","Bifidobacterium pseudocatenulatum",0.039469585182649,0.401470508524938,-0.00597616452211928,0.891342259684145,-0.70722411109014,0.479427217216484,0.395684523809524,0.711661164258497,"0/0"
"Roseburia intestinalis","Escherichia coli",-0.0109350867473841,0.816257225242205,-0.0561751543509268,0.198763830551373,-0.70461862893389,0.481047602194858,0.396875,0.711661164258497,"0/0"
"Parvimonas micra","Ruminococcus bicirculans",0.025891762177825,0.582144969395062,0.0708726864302155,0.104789048292154,0.701434923578985,0.483031633592385,0.398313492063492,0.711661164258497,"0/0"
"Dialister pneumosintes","Streptococcus thermophilus",0.0286740478269017,0.542254798041869,-0.0160282192335381,0.714066017793878,-0.695482753631002,0.486752815619064,0.401488095238095,0.711661164258497,"0/0"
"Ruminococcus bicirculans","Escherichia coli",0.00495151647070689,0.916206699949229,-0.0395608026691413,0.365653248655988,-0.692706437796523,0.488493798166727,0.402777777777778,0.712725703063025,"0/0"
"Anaerostipes hadrus","Bifidobacterium adolescentis",0.002625665678517,0.955507788876067,0.0469234484813798,0.283190457450805,0.689583697036741,0.490456022606346,0.404613095238095,0.712725703063025,"0/0"
"Lactococcus garvieae","Prevotella intermedia",0.0286011085405592,0.54328295521102,-0.015648201234893,0.72055838779581,-0.688434635845955,0.491179118853233,0.405059523809524,0.712725703063025,"0/0"
"Clostridium beijerinckii","Streptococcus salivarius",0.149164656443564,0.00143567931495414,0.106069473378228,0.0150394975769392,-0.681553417423193,0.49552137874281,0.408482142857143,0.713122213914601,"+/+"
"Fusobacterium nucleatum","Streptococcus milleri",0.0907539902252908,0.053312786011702,0.0472403892732784,0.279947816067391,-0.680197071032109,0.496379686686364,0.409375,0.713122213914601,"0/0"
"Roseburia intestinalis","Streptococcus anginosus",0.0230273870067594,0.624584617508498,-0.0205558901818099,0.638411015779281,-0.678041707384167,0.497745249178803,0.410962301587302,0.713122213914601,"0/0"
"Streptococcus equinus","Adlercreutzia equolifaciens",0.0551453490710743,0.240936031350338,0.0117696207550614,0.787897040008504,-0.675567569879357,0.499315237376712,0.412251984126984,0.713447542627507,"0/0"
"Romboutsia ilealis","Streptococcus equinus",0.0865200592910891,0.0654927446940234,0.0435493697240263,0.319281464543882,-0.671349144922717,0.501998133859219,0.414880952380952,0.715768936904509,"0/0"
"Bifidobacterium angulatum","Streptococcus milleri",0.0300414673552951,0.523160411989448,-0.0128713524373083,0.768582950622194,-0.667656143575599,0.504353110807786,0.416517857142857,0.715768936904509,"0/0"
"Parvimonas micra","Streptococcus equinus",-0.0439243127074442,0.350418385901614,-0.00177024619002383,0.967722580177456,0.656141987697155,0.511732770912392,0.423611111111111,0.723323898425914,"0/0"
"Gemella morbillorum","Butyrivibrio proteoclasticus",-0.00761098249597753,0.871522749554664,0.0341887823161488,0.434376344116796,0.650400615131383,0.515433480079636,0.426636904761905,0.723512548425258,"0/0"
"Butyrivibrio proteoclasticus","Fusobacterium periodonticum",-0.0481498543518671,0.305973328026256,-0.00639013101133722,0.883867081015583,0.650146395930859,0.515597662432669,0.426785714285714,0.723512548425258,"0/0"
"Roseburia intestinalis","Clostridium beijerinckii",0.195486734139859,2.73664660677131e-05,0.154982398493792,0.00036498642986893,-0.65010370750904,0.51562523455185,0.426785714285714,0.723512548425258,"+/+"
"[Eubacterium] eligens","Streptococcus milleri",-0.00105865804186584,0.982053148525241,-0.0425247206257778,0.330811190510789,-0.645399426054435,0.51866837525414,0.429811507936508,0.723834241237253,"0/0"
"Lactococcus garvieae","Clostridium beijerinckii",0.0631968043236981,0.178889058899081,0.021909143756967,0.61646605308615,-0.643482526318527,0.519911049406502,0.430902777777778,0.723834241237253,"0/0"
"Streptococcus milleri","Bifidobacterium longum",0.0314310013833569,0.504115830543607,-0.00968859353260515,0.824726782552339,-0.639776817827073,0.522317705952405,0.432886904761905,0.723834241237253,"0/0"
"Fusobacterium periodonticum","Streptococcus thermophilus",-0.0216912843641985,0.644825672219539,0.0193274070523991,0.658610601033409,0.638131840302586,0.523387861473277,0.433779761904762,0.723834241237253,"0/0"
"Fusobacterium nucleatum","Ruminococcus bicirculans",-0.0173251879620866,0.712752060831212,0.0235490712081417,0.590324703264649,0.63588953997856,0.524848420828692,0.434771825396825,0.723834241237253,"0/0"
"Bifidobacterium catenulatum","Prevotella intermedia",-0.041801705725017,0.374210832985847,-0.0822198939677831,0.0597556147450677,-0.631215205427994,0.527899821154253,0.436954365079365,0.723834241237253,"0/0"
"Fusobacterium periodonticum","Escherichia coli",-0.0317942827913189,0.499197596559382,0.0086348275192572,0.843529515850754,0.629040677267411,0.529322426044242,0.43844246031746,0.723834241237253,"0/0"
"Gemella morbillorum","Bifidobacterium angulatum",0.0337610214107507,0.473018232733718,-0.00636620597627058,0.884298832059252,-0.624375832388841,0.532380792880979,0.440625,0.723834241237253,"0/0"
"Lactococcus garvieae","Escherichia coli",0.0307150948493969,0.513882107829227,-0.00929319368140584,0.831770909810955,-0.622479245901217,0.533626786491505,0.441865079365079,0.723834241237253,"0/0"
"Anaerostipes hadrus","Dialister pneumosintes",0.0706396979701611,0.132873072301358,0.0309650245531971,0.478959855782682,-0.618814512354349,0.536038560692518,0.444444444444444,0.723834241237253,"0/0"
"Porphyromonas asaccharolytica","Bifidobacterium longum",-0.035646763809948,0.448641156600283,0.003974367859686,0.927613759290743,0.616537932269217,0.537539544718322,0.445734126984127,0.723834241237253,"0/0"
"Lactococcus garvieae","Lactobacillus ruminis",0.0363640832160832,0.439558366417075,-0.00315862969013141,0.942441971749872,-0.615021360729754,0.538540613811829,0.446378968253968,0.723834241237253,"0/0"
"Lactobacillus ruminis","Streptococcus equinus",0.0341707847486748,0.46766023054669,-0.00521953058773356,0.905029585700106,-0.612920003767772,0.539929235746992,0.44796626984127,0.723834241237253,"0/0"
"Parvimonas micra","Bifidobacterium bifidum",-0.0246449174115643,0.600453847566661,0.0147466182335047,0.736041196716405,0.612825496552192,0.53999173023307,0.448115079365079,0.723834241237253,"0/0"
"[Eubacterium] eligens","Bifidobacterium angulatum",0.0184662391471973,0.694752337504009,-0.0207662116957815,0.63497889973878,-0.610335779981591,0.541639399829954,0.449751984126984,0.723834241237253,"0/0"
"Roseburia intestinalis","Prevotella intermedia",-0.0418057475823701,0.374164601647036,-0.00284190477731551,0.948204939680154,0.606457626403309,0.54421091204632,0.452083333333333,0.723834241237253,"0/0"
"Bifidobacterium adolescentis","Adlercreutzia equolifaciens",-0.017262496477721,0.713745745393376,0.0215649124128145,0.622016970266416,0.604034983716308,0.545820383622013,0.453521825396825,0.723834241237253,"0/0"
"Clostridium beijerinckii","Bifidobacterium pseudocatenulatum",0.0257592405926716,0.584078545874555,-0.0130592356156683,0.765303118179585,-0.603917554136577,0.545898457365763,0.453521825396825,0.723834241237253,"0/0"
"[Eubacterium] eligens","Streptococcus anginosus",-0.00647857946789191,0.890507732400691,-0.045024478344384,0.303149134412498,-0.600049853140728,0.548473011411017,0.455654761904762,0.723834241237253,"0/0"
"Clostridium beijerinckii","Bifidobacterium adolescentis",-0.0252204426023998,0.591970478077047,0.0131254019878408,0.764149062356413,0.596560545964042,0.550800819209203,0.457787698412698,0.723834241237253,"0/0"
"Romboutsia ilealis","Bifidobacterium bifidum",0.0622828455138455,0.185268796776019,0.100117749868589,0.0217741326157253,0.592497175823123,0.55351771135231,0.46046626984127,0.723834241237253,"0/+"
"[Eubacterium] eligens","Bifidobacterium pseudocatenulatum",-0.0161992248619218,0.73067151827021,-0.053977857450419,0.216927127662512,-0.588437513740826,0.556238664107544,0.462996031746032,0.723834241237253,"0/0"
"Dialister pneumosintes","Ruminococcus bicirculans",0.00521322325013752,0.911795472990246,0.0427218340795276,0.328572584532524,0.583846528873225,0.559323570781828,0.465525793650794,0.723834241237253,"0/0"
"Streptococcus anginosus","Bifidobacterium catenulatum",-0.0208292111721191,0.658027401805135,0.016417111244068,0.707443346049369,0.579432473019508,0.562297398203006,0.468154761904762,0.725378998448011,"0/0"
"[Eubacterium] eligens","Bifidobacterium bifidum",-0.0132972505802479,0.777514453788147,-0.0503117167692599,0.249827943466792,-0.576405290325822,0.564341269407957,0.470386904761905,0.728201592076205,"0/0"
"Bifidobacterium pseudocatenulatum","Bifidobacterium adolescentis",-0.00155724948367469,0.973603382152196,0.0353358595052514,0.419108569579674,0.574097418772927,0.565901879972967,0.47172619047619,0.729638245245987,"0/0"
"Parvimonas micra","Roseburia intestinalis",-0.0594781630335097,0.205891411249144,-0.0230689639111068,0.597925106587088,0.567370924330445,0.570462199768435,0.476289682539683,0.730382752433388,"0/0"
"Prevotella intermedia","Escherichia coli",-0.0383131059461411,0.415417870902439,-0.00187781758933453,0.965762365618326,0.567038931814478,0.570687731384956,0.476537698412698,0.730382752433388,"0/0"
"Roseburia intestinalis","Bifidobacterium adolescentis",-0.00150089870729224,0.974558243871379,-0.0376894894319892,0.388785182470563,-0.563187563938261,0.573307170228412,0.478819444444444,0.731683276177164,"0/0"
"Parvimonas micra","Romboutsia ilealis",0.0497460754599983,0.290198519895013,0.0137989818550043,0.752430795591847,-0.559778911063277,0.575630249934214,0.480753968253968,0.732112751632025,"0/0"
"Romboutsia ilealis","Porphyromonas asaccharolytica",-0.0473715732205219,0.313866506310302,-0.0115990438885707,0.790899358125247,0.556981800175606,0.577539864017261,0.482490079365079,0.733874395052142,"0/0"
"Prevotella intermedia","Ruminococcus bicirculans",0.0239310545566501,0.61105176082633,-0.0118448532279399,0.786573870665406,-0.556570215517352,0.577821108295946,0.482738095238095,0.733874395052142,"0/0"
"Porphyromonas asaccharolytica","Bifidobacterium adolescentis",0.0802674127576519,0.0875765526943215,0.0448289339272712,0.305256053656506,-0.553465990589783,0.579944362440465,0.484722222222222,0.73397225866338,"0/0"
"Lactobacillus ruminis","Bifidobacterium adolescentis",-0.00475054584347156,0.919595935859365,0.0306254966467634,0.483796199818065,0.550420224081478,0.582031180357586,0.486954365079365,0.734618668109481,"0/0"
"Dialister pneumosintes","Streptococcus milleri",0.0525544792473506,0.263789952321379,0.0173005602056251,0.692481023053088,-0.549098047119916,0.582938165358881,0.487797619047619,0.734641409703676,"0/0"
"Butyrivibrio proteoclasticus","[Eubacterium] eligens",0.411802263362901,0,0.382244089148258,0,-0.545891240631305,0.585140699838233,0.48968253968254,0.73637935932667,"+/+"
"Brachyspira pilosicoli","Romboutsia ilealis",0.0318195393675584,0.498856611019444,-0.00310338435814258,0.943446980375138,-0.543389733968059,0.586861492525596,0.491517857142857,0.737739170438405,"0/0"
"Romboutsia ilealis","Streptococcus milleri",0.0747085713849343,0.111909226189538,0.0400600226153631,0.359630004350405,-0.540790182148499,0.588652210675203,0.493303571428571,0.739064782772849,"0/0"
"Parvimonas micra","Adlercreutzia equolifaciens",0.070786709156339,0.132066250235426,0.0364584284146437,0.404476231844669,-0.535565985790551,0.592258541968818,0.497073412698413,0.740667758879339,"0/0"
"Porphyromonas asaccharolytica","Streptococcus thermophilus",-0.0483815829777843,0.30364874311868,-0.0141310426104729,0.746674617001043,0.533336975304181,0.593800336573769,0.498859126984127,0.740667758879339,"0/0"
"Bifidobacterium catenulatum","Bifidobacterium longum",0.206004732747566,9.65103246741705e-06,0.238513782518669,3.16512336340224e-08,0.532012455324744,0.594717368980833,0.499603174603175,0.740667758879339,"+/+"
"Gemella morbillorum","Streptococcus equinus",-0.0123466416201732,0.793045405142398,0.0218205921329539,0.617891925737899,0.531531400871694,0.595050587477309,0.499900793650794,0.740667758879339,"0/0"
"Bifidobacterium angulatum","Bifidobacterium longum",0.0898863437653583,0.0556420361407481,0.12360183200551,0.00456529606667733,0.530538596188277,0.595738556274715,0.500644841269841,0.740783979133514,"0/+"
"Lactococcus garvieae","Bifidobacterium longum",-0.01978132994908,0.674218515587007,0.013844114702585,0.751647615858054,0.523094185676264,0.600908711478617,0.505605158730159,0.745016735396542,"0/0"
"Lactococcus garvieae","[Eubacterium] eligens",0.0428413269511609,0.362435724636891,0.0760220067016972,0.0818151050688818,0.517999852893046,0.604458371968539,0.508333333333333,0.747175009575336,"0/0"
"Butyrivibrio proteoclasticus","Roseburia intestinalis",0.341143868342338,7.7715611723761e-14,0.312030104176084,2.55795384873636e-13,-0.506989508665116,0.612162179869829,0.516418650793651,0.754782819733332,"+/+"
"Clostridium beijerinckii","Bifidobacterium catenulatum",0.0373981443118693,0.426651936680972,0.00515769447530204,0.906149486766103,-0.501767553634043,0.615831039211462,0.519394841269841,0.754782819733332,"0/0"
"Streptococcus anginosus","Streptococcus salivarius",0.523626346140016,0,0.546640016187194,0,0.501704931067578,0.615875095350972,0.519494047619048,0.754782819733332,"+/+"
"Anaerostipes hadrus","Prevotella intermedia",-0.0835237976366424,0.0754258630796574,-0.11541986179793,0.00811733951882987,-0.501142768398033,0.616270649208826,0.519890873015873,0.754782819733332,"0/-"
"Prevotella intermedia","Adlercreutzia equolifaciens",-0.0412315430387164,0.380767683150336,-0.0729126798869583,0.0951413329996866,-0.494449210731051,0.620988967024542,0.525446428571429,0.756699707617776,"0/0"
"Pseudobutyrivibrio xylanivorans","Bifidobacterium catenulatum",0.0284197293310613,0.545843875343668,-0.00299015805435424,0.945507042483795,-0.488696733429222,0.62505641677218,0.529811507936508,0.75805866401894,"0/0"
"Lactococcus garvieae","Romboutsia ilealis",0.0523202502395378,0.265927184009544,0.0218233274352413,0.617847859927055,-0.475066369388439,0.634739668267453,0.539781746031746,0.762010569484813,"0/0"
"Streptococcus equinus","Bifidobacterium longum",0.0221814908625164,0.637367820893119,-0.00829334365123906,0.849642414115688,-0.474092432737763,0.63543399460287,0.540426587301587,0.762010569484813,"0/0"
"Streptococcus milleri","Adlercreutzia equolifaciens",0.0232838454424371,0.620730917991551,-0.00710570901779085,0.870970221094294,-0.472773680461076,0.636374653406979,0.541220238095238,0.762010569484813,"0/0"
"Porphyromonas asaccharolytica","Bifidobacterium pseudocatenulatum",-0.0498648835703837,0.289046604786565,-0.0195603270785535,0.654761051963709,0.471989242944937,0.636934466757624,0.541666666666667,0.762010569484813,"0/0"
"Bifidobacterium angulatum","Bifidobacterium adolescentis",0.0992568514706533,0.0344908284363288,0.0692051091550995,0.113237423985028,-0.470828627692187,0.637763119305543,0.542361111111111,0.762010569484813,"+/0"
"Fusobacterium periodonticum","Ruminococcus bicirculans",0.00974218295106185,0.836000458051554,0.0399734474772424,0.360670082194989,0.470570866206033,0.637947216565443,0.542609126984127,0.762010569484813,"0/0"
"Butyrivibrio proteoclasticus","Brachyspira pilosicoli",-0.0329159757232854,0.484173466348499,-0.00271083147126003,0.950590691906788,0.470022796691051,0.638338730541617,0.543105158730159,0.762010569484813,"0/0"
"Butyrivibrio proteoclasticus","Bifidobacterium adolescentis",-0.00320635628131836,0.945681710181915,-0.0333948253644797,0.445129061396131,-0.469771545649401,0.63851824568611,0.543253968253968,0.762010569484813,"0/0"
"Romboutsia ilealis","Escherichia coli",-0.0304136069239343,0.518024119997069,-0.000230314201063357,0.995799489979204,0.46964391447132,0.638609444387185,0.543303571428571,0.762010569484813,"0/0"
"Bifidobacterium bifidum","Adlercreutzia equolifaciens",-0.018841368481946,0.688871469452201,0.0109796899490084,0.801826310405357,0.463905003647504,0.642715807776132,0.547321428571429,0.762311997673383,"0/0"
"Ruminococcus bicirculans","Bifidobacterium longum",0.00491339067565644,0.916849551345941,0.0347186389305091,0.427284411791631,0.463834055903535,0.642766641743621,0.547321428571429,0.762311997673383,"0/0"
"Lactococcus garvieae","Streptococcus anginosus",0.0246257489592199,0.600737335223323,-0.00518021081827442,0.905741676265736,-0.463706774256476,0.642857843072887,0.547420634920635,0.762311997673383,"0/0"
"[Eubacterium] eligens","Prevotella intermedia",0.110990979354524,0.0179955683035162,0.0816834311339659,0.0614466487329564,-0.460180903018865,0.645386377229779,0.550496031746032,0.764097934380122,"+/0"
"Bifidobacterium angulatum","Streptococcus equinus",0.0100124881086301,0.8315172488978,-0.0194929525859879,0.655873638602761,-0.458997669131454,0.646235839899963,0.551240079365079,0.764097934380122,"0/0"
"Anaerostipes hadrus","Bifidobacterium pseudocatenulatum",0.112993718002401,0.0160107877824314,0.0842034696199575,0.0538339121462026,-0.452258490883497,0.651082775499088,0.556200396825397,0.768506047872456,"+/0"
"Lactobacillus ruminis","Streptococcus salivarius",0.0283419671437329,0.546943635621967,-0.000568912624700367,0.989624317491992,-0.449823817951827,0.652837482368511,0.557490079365079,0.769688565495475,"0/0"
"Lactobacillus ruminis","Streptococcus thermophilus",0.0197304370810129,0.67500879446702,-0.00890502004926349,0.838699435449105,-0.445465043799062,0.655983716130301,0.560912698412698,0.771412337971139,"0/0"
"Roseburia intestinalis","Streptococcus milleri",0.0428355152603652,0.362500900195463,0.0143715880246921,0.742513594035872,-0.443146003197548,0.657660132387528,0.563492063492063,0.773326664136636,"0/0"
"Streptococcus milleri","Escherichia coli",-0.00603573289366752,0.897949822612849,-0.0340402617876281,0.436376334707098,-0.435811041884718,0.662973831850131,0.568650793650794,0.774818547384622,"0/0"
"Anaerostipes hadrus","Escherichia coli",-0.0269510592991845,0.566797318018811,-0.0548913176014675,0.209236703513143,-0.43536535510752,0.663297253378354,0.569196428571429,0.774818547384622,"0/0"
"Romboutsia ilealis","Bifidobacterium adolescentis",-0.00847865385218061,0.857025217869097,0.0194239196050555,0.657014402812172,0.434062785462562,0.664242848673373,0.569940476190476,0.774818547384622,"0/0"
"Porphyromonas asaccharolytica","Bifidobacterium bifidum",0.015498481408765,0.741898849050366,-0.0121386451190883,0.781412651152398,-0.429921199382739,0.66725296387445,0.573065476190476,0.77815468252948,"0/0"
"Butyrivibrio proteoclasticus","Bifidobacterium catenulatum",0.0357842876827959,0.446891629021611,0.00819667306506784,0.851374567974491,-0.42935738133583,0.667663164046156,0.573710317460317,0.77815468252948,"0/0"
"Streptococcus salivarius","Escherichia coli",-3.68358682009611e-05,0.999375489221722,-0.0274156573785072,0.530795483634964,-0.425981602088667,0.670121252134789,0.576388888888889,0.778567723688213,"0/0"
"Streptococcus anginosus","Escherichia coli",0.00469746073069259,0.920491426627624,-0.0225213989368312,0.606647085884623,-0.42344630629734,0.671969665756793,0.578025793650794,0.778567723688213,"0/0"
"Fusobacterium nucleatum","Bifidobacterium catenulatum",-0.00494389227221775,0.916335249677833,-0.0316987373023112,0.468599123143959,-0.416333443357,0.677166023697422,0.582886904761905,0.779347866948135,"0/0"
"Roseburia intestinalis","Porphyromonas asaccharolytica",-0.0510827438127385,0.27741584424322,-0.0249677555571413,0.568129432914712,0.406827413353191,0.684134751127843,0.590575396825397,0.780046564132879,"0/0"
"Parvimonas micra","Streptococcus salivarius",-0.0284370403032413,0.545599201833616,-0.00237036182142418,0.956789816775264,0.405583686554412,0.685048517339847,0.591865079365079,0.780046564132879,"0/0"
"Romboutsia ilealis","Bifidobacterium longum",0.0913388797576804,0.051788872534968,0.0655767393677408,0.133462684727715,-0.403232409769959,0.686777259403377,0.593353174603175,0.780046564132879,"0/0"
"Bifidobacterium pseudocatenulatum","Streptococcus thermophilus",-0.0240883616989987,0.608709307141009,0.00180426665602237,0.967102622313063,0.402829659719683,0.687073540241244,0.593501984126984,0.780046564132879,"0/0"
"Streptococcus anginosus","Adlercreutzia equolifaciens",0.0122198982657668,0.795122468435034,-0.0136262944270383,0.755429740683469,-0.402057412488215,0.687641774052427,0.594494047619048,0.780046564132879,"0/0"
"Dialister pneumosintes","Escherichia coli",-0.0297658833907655,0.526980758553518,-0.00396584903988191,0.927768491076898,0.401453333789073,0.688086389359909,0.594791666666667,0.780046564132879,"0/0"
"Fusobacterium periodonticum","Bifidobacterium catenulatum",-0.0192861870297058,0.681922324537381,-0.0448662964066118,0.304852739887739,-0.398327576396227,0.690388735667882,0.597371031746032,0.781565693576668,"0/0"
"Anaerostipes hadrus","Bifidobacterium catenulatum",0.0844749776990544,0.0721477177339152,0.0591341811474511,0.176091144503127,-0.396238053620379,0.691929421063626,0.599107142857143,0.782106796131483,"0/0"
"Streptococcus equinus","Bifidobacterium adolescentis",0.026281151271749,0.57648084044126,0.00191434003379345,0.965096883479672,-0.379117328422752,0.704600738923412,0.613045634920635,0.790097013425048,"0/0"
"Streptococcus anginosus","Bifidobacterium adolescentis",0.017018661840422,0.71761520972875,-0.00715618257716551,0.870061785426464,-0.376064644922129,0.706868837565447,0.61577380952381,0.791759182215622,"0/0"
"Parvimonas micra","Lactobacillus ruminis",0.0213761248407145,0.649639352993604,-0.00278693060619915,0.949205505908299,-0.375904577016126,0.706987837693634,0.615873015873016,0.791759182215622,"0/0"
"Porphyromonas asaccharolytica","Prevotella intermedia",0.101628230524607,0.0303831354684174,0.125405992035731,0.00400290762501232,0.374707710447858,0.707877857282877,0.616914682539683,0.791950582293192,"+/+"
"Gemella morbillorum","Escherichia coli",0.000245789283855829,0.995832937172791,-0.0237855259666898,0.586597849051498,-0.373874397571428,0.708497765171039,0.617757936507937,0.792459675823118,"0/0"
"Gemella morbillorum","Bifidobacterium adolescentis",0.0629558128823358,0.180555230329264,0.0392575897690063,0.369342073101876,-0.369606240168546,0.71167590089133,0.621775793650794,0.793401103724468,"0/0"
"Streptococcus salivarius","Bifidobacterium longum",0.00689444705878373,0.883527758004182,-0.0163362549393277,0.708818499283153,-0.361375453526607,0.717818795185421,0.627331349206349,0.794523213922169,"0/0"
"Pseudobutyrivibrio xylanivorans","Escherichia coli",-0.0594384653068978,0.206194777461474,-0.0824185053697139,0.0591393972024532,-0.359275718703991,0.719388837051519,0.628968253968254,0.794772143682001,"0/0"
"Bifidobacterium pseudocatenulatum","Streptococcus equinus",0.0120909510495109,0.797237134751034,-0.0108956924710038,0.803311268326926,-0.357570714459224,0.720664597640374,0.630803571428571,0.794881166411069,"0/0"
"Porphyromonas asaccharolytica","Streptococcus salivarius",-0.0345209629105812,0.463108047638521,-0.0116639148928907,0.789757198381483,0.355744223120496,0.722032123378245,0.632638888888889,0.794881166411069,"0/0"
"Bifidobacterium catenulatum","Bifidobacterium bifidum",0.00212247210397372,0.964028019530892,0.0249428733486014,0.568515261373233,0.355049401756715,0.722552581779764,0.633333333333333,0.795190537263637,"0/0"
"Roseburia intestinalis","Bifidobacterium catenulatum",-0.0124192709556027,0.791855817685787,-0.0349965982169627,0.423591090195383,-0.351400441028783,0.725287951572232,0.636855158730159,0.796346264127899,"0/0"
"Streptococcus equinus","Bifidobacterium bifidum",-0.0129491188554029,0.783192276364006,0.00959290746674139,0.826430181319721,0.350654704122446,0.725847411170216,0.6375,0.796346264127899,"0/0"
"Fusobacterium nucleatum","Adlercreutzia equolifaciens",-0.0489750313579925,0.29774902609593,-0.0267194941732122,0.541285431604132,0.346693560584547,0.728821548439878,0.641071428571429,0.797379457477513,"0/0"
"Dialister pneumosintes","Bifidobacterium bifidum",-0.0222647818407138,0.636104260054655,-0.000260681021794556,0.995245660833927,0.342328736320746,0.732103512067523,0.644543650793651,0.79831757164271,"0/0"
"Dialister pneumosintes","Adlercreutzia equolifaciens",-0.0490989579519745,0.296526721359177,-0.0272463032206811,0.533337852290231,0.340425441814361,0.733536161802072,0.646081349206349,0.79831757164271,"0/0"
"Fusobacterium nucleatum","Brachyspira pilosicoli",-0.0131905328433048,0.779253714125294,0.00863691046575083,0.843492257485557,0.33953884480504,0.734203839279426,0.646577380952381,0.79831757164271,"0/0"
"Streptococcus equinus","Prevotella intermedia",-0.0178784730002504,0.704003506862207,0.0036074950103304,0.934279858104053,0.334241870069101,0.738197051231331,0.652281746031746,0.801027570334586,"0/0"
"[Eubacterium] eligens","Escherichia coli",-0.0410165143532639,0.383258656844384,-0.0620701223859721,0.155553859195865,-0.328371323779169,0.742630922298959,0.656944444444444,0.801686719319796,"0/0"
"Roseburia intestinalis","Lactococcus garvieae",0.00410796450986939,0.930442115641132,-0.0168190275287199,0.700621997212133,-0.325542210122727,0.744770741741392,0.659375,0.801686719319796,"0/0"
"Anaerostipes hadrus","Brachyspira pilosicoli",-0.0248791109996881,0.596995171168395,-0.00408639742826442,0.925579163707784,0.323508011469119,0.746310541188294,0.661011904761905,0.801686719319796,"0/0"
"Fusobacterium nucleatum","Romboutsia ilealis",0.101574544364594,0.0304712767837079,0.122102730040372,0.00508583873644319,0.323370396268071,0.746414746549539,0.661011904761905,0.801686719319796,"+/+"
"Porphyromonas asaccharolytica","Streptococcus anginosus",-0.0087253190571495,0.852912340285265,0.0118863576888416,0.785844163584907,0.320624633770193,0.748494867371163,0.66344246031746,0.801686719319796,"0/0"
"Parvimonas micra","Bifidobacterium adolescentis",0.0687805484190028,0.143407408604761,0.0484271947010511,0.26802961446703,-0.317696513612792,0.750715156050619,0.665823412698413,0.801686719319796,"0/0"
"Anaerostipes hadrus","Streptococcus milleri",0.0192375935170774,0.682680179144824,0.0396294470477384,0.364821329714077,0.317479236322968,0.750879992206768,0.666021825396825,0.801686719319796,"0/0"
"Streptococcus milleri","Bifidobacterium bifidum",-0.0197171742864117,0.675214801623633,0.000625151312199864,0.988598717216487,0.316462507494329,0.751651478622297,0.666914682539683,0.801686719319796,"0/0"
"Streptococcus thermophilus","Adlercreutzia equolifaciens",0.00215823874769511,0.963422260916144,-0.0181492130009708,0.678219737182571,-0.315911348319691,0.752069797999008,0.667311507936508,0.801686719319796,"0/0"
"Pseudobutyrivibrio xylanivorans","Bifidobacterium adolescentis",-0.00289453917009429,0.95095715337296,-0.0231283772657013,0.596982156038395,-0.314799282993789,0.752914056165925,0.668253968253968,0.801686719319796,"0/0"
"Fusobacterium nucleatum","Escherichia coli",-0.0112721901527332,0.810698399241778,-0.0313468807559994,0.473552175650378,-0.312412093955297,0.754727360370783,0.670138888888889,0.801686719319796,"0/0"
"Gemella morbillorum","Bifidobacterium longum",0.0153008450929456,0.745075426251554,0.0352434653790309,0.420326570474723,0.310413947931963,0.756246188735027,0.672321428571429,0.802061451576516,"0/0"
"Gemella morbillorum","Streptococcus salivarius",0.00302819068364214,0.94869570923601,0.0228366817226688,0.601618118200144,0.308180637791766,0.757944884746103,0.674751984126984,0.802426211432406,"0/0"
"Clostridium beijerinckii","Bifidobacterium angulatum",-0.0247710542747055,0.5985898792743,-0.00496908793773416,0.909566441049968,0.308095722740027,0.75800949579576,0.674801587301587,0.802426211432406,"0/0"
"Pseudobutyrivibrio xylanivorans","Bifidobacterium longum",0.0170109465841819,0.7177377633435,-0.00278772974374083,0.949190960501273,-0.307991984250758,0.758088431712696,0.674950396825397,0.802426211432406,"0/0"
"Anaerostipes hadrus","Streptococcus anginosus",0.0201740801700235,0.668131880225655,0.0398365581738126,0.362318449637994,0.306133310218937,0.759503146758421,0.676289682539683,0.802426211432406,"0/0"
"Pseudobutyrivibrio xylanivorans","Brachyspira pilosicoli",-0.0266169426462101,0.571617256183297,-0.00696639667927653,0.873478476585623,0.305758254098798,0.759788715535265,0.676488095238095,0.802426211432406,"0/0"
"Lactobacillus ruminis","Bifidobacterium angulatum",-0.00949619130027303,0.84008503407688,0.00996326923619938,0.819841615579652,0.302699446971145,0.762118919283247,0.679613095238095,0.804342700043156,"0/0"
"Dialister pneumosintes","Bifidobacterium adolescentis",0.0480647376311417,0.30683012113475,0.0288463078305812,0.509565902890569,-0.299392690216078,0.764640438899401,0.682936507936508,0.806525158821053,"0/0"
"Streptococcus anginosus","Bifidobacterium bifidum",-0.0150535330429685,0.749056522305293,0.00388201583695138,0.929291341824008,0.294558480141022,0.768331183585169,0.687797619047619,0.807243067133864,"0/0"
"Fusobacterium periodonticum","Streptococcus milleri",0.0195893070662584,0.677202168295846,0.0384837973154844,0.378859950465741,0.294158616826052,0.768636701353951,0.687996031746032,0.807243067133864,"0/0"
"Gemella morbillorum","Bifidobacterium bifidum",0.0170308475591073,0.717421659445529,-0.00149228961175249,0.972788502012046,-0.288151100358708,0.773231078172586,0.693501984126984,0.811041628863862,"0/0"
"Bifidobacterium catenulatum","Streptococcus thermophilus",-0.016730513646587,0.722197214630731,0.00172837146838149,0.968485693483184,0.287150344233698,0.773997205407014,0.694890873015873,0.811595915305238,"0/0"
"Pseudobutyrivibrio xylanivorans","Bifidobacterium angulatum",-0.0170795876657209,0.716647683174271,0.00100957290370991,0.981588780369118,0.281400848303061,0.778402967543778,0.700198412698413,0.813913802204387,"0/0"
"Butyrivibrio proteoclasticus","Ruminococcus bicirculans",0.140818030560304,0.00263688135451878,0.157904255772604,0.000280983610844832,0.271846217374917,0.785740266579194,0.708928571428571,0.817231087539659,"+/+"
"Roseburia intestinalis","Bifidobacterium bifidum",-0.0044516166784911,0.924639853308353,0.0129390367463569,0.767400922108317,0.270521489902412,0.786759086477984,0.710267857142857,0.818243302922955,"0/0"
"Fusobacterium nucleatum","Lactobacillus ruminis",0.00198949237685726,0.966280397713766,-0.0150709378693255,0.730458982980585,-0.265391004370509,0.790708265261801,0.715376984126984,0.819532485201026,"0/0"
"Adlercreutzia equolifaciens","Escherichia coli",-0.0479988026175545,0.307494917046456,-0.0312843948941973,0.474434775549218,0.260406185920078,0.794550471840677,0.720634920634921,0.822178146387992,"0/0"
"Bifidobacterium angulatum","Prevotella intermedia",-0.0051482561776678,0.91289028509194,-0.0218178765660034,0.61793567496797,-0.25934736342845,0.79536723841842,0.721577380952381,0.822591559940128,"0/0"
"Porphyromonas asaccharolytica","[Eubacterium] eligens",-0.0315201381397118,0.502906710959005,-0.0152968809562263,0.726578410202765,0.252494979675097,0.800658494069918,0.728422619047619,0.823672690879256,"0/0"
"Bifidobacterium bifidum","Ruminococcus bicirculans",0.00220171541033548,0.96268595061252,0.0184065917435926,0.673916916502932,0.252097446291646,0.800965743798706,0.728968253968254,0.823672690879256,"0/0"
"Brachyspira pilosicoli","Clostridium beijerinckii",-0.0103110655535932,0.826571472154322,0.00587030518180888,0.893255383396184,0.251706266747019,0.80126811276572,0.729315476190476,0.823672690879256,"0/0"
"Bifidobacterium catenulatum","Streptococcus equinus",-0.00695082564862677,0.88258217360685,0.00907282065836393,0.835702792942167,0.249251760220258,0.803166043636897,0.732093253968254,0.823672690879256,"0/0"
"Clostridium beijerinckii","Ruminococcus bicirculans",0.159284389097775,0.000658420305521989,0.143859992089362,0.000947733594740985,-0.245572016030847,0.806013553934011,0.734970238095238,0.823672690879256,"+/+"
"Lactococcus garvieae","Fusobacterium periodonticum",0.00782582392420648,0.867928855752479,-0.00791617700080721,0.856404545795419,-0.244870239258618,0.806556905897148,0.735813492063492,0.823672690879256,"0/0"
"Prevotella intermedia","Streptococcus thermophilus",-0.0282797001115189,0.547825041436582,-0.0126177984129264,0.773015729989119,0.243726151686772,0.807442917910624,0.736904761904762,0.823672690879256,"0/0"
"Streptococcus milleri","Prevotella intermedia",0.00213956206704471,0.963738574271833,-0.0134605202009208,0.758312090945195,-0.242670349509464,0.808260778606559,0.737946428571429,0.823672690879256,"0/0"
"Bifidobacterium angulatum","Ruminococcus bicirculans",-0.00818617436500543,0.861907009288811,0.00713574936834919,0.870429526869959,0.238335653491881,0.811620770454722,0.741517857142857,0.82631996165075,"0/0"
"Roseburia intestinalis","Romboutsia ilealis",0.159435246377598,0.000650581949654283,0.144752278379209,0.000880006509560438,-0.23380513386603,0.815136263783541,0.745634920634921,0.827974856636819,"+/+"
"Fusobacterium nucleatum","Gemella morbillorum",0.258161198780088,2.39938899859737e-08,0.272061531946892,2.31551222640292e-10,0.232568997064509,0.816096103968051,0.747321428571429,0.828169523670479,"+/+"
"Fusobacterium nucleatum","Bifidobacterium pseudocatenulatum",-0.0481623878005825,0.305847298783233,-0.0332557240518321,0.447028395154139,0.232260837742095,0.816335427715345,0.747569444444444,0.828169523670479,"0/0"
"Streptococcus anginosus","Bifidobacterium pseudocatenulatum",-0.0321680593949274,0.494163915521645,-0.0173241495094816,0.692083112756155,0.231041204898283,0.817282790999675,0.748363095238095,0.828169523670479,"0/0"
"Gemella morbillorum","Pseudobutyrivibrio xylanivorans",0.00179891190604318,0.969508866303481,0.0165863851768855,0.704567525483796,0.230041236800523,0.818059726516413,0.749454365079365,0.828421145263886,"0/0"
"Gemella morbillorum","Roseburia intestinalis",-0.0473482637514173,0.314104947590053,-0.0326783424555222,0.454961102488304,0.228559158361109,0.81921157119307,0.750843253968254,0.829439590604431,"0/0"
"Bifidobacterium pseudocatenulatum","Adlercreutzia equolifaciens",-0.000554676198565736,0.990596303993666,-0.0151483413568088,0.729128797279718,-0.227020964031114,0.820407440785794,0.752083333333333,0.829776133159082,"0/0"
"Pseudobutyrivibrio xylanivorans","Roseburia intestinalis",0.35482832030481,6.43929354282591e-15,0.367184121850087,0,0.220999579788178,0.825092760170215,0.75828373015873,0.832262202676575,"+/+"
"Pseudobutyrivibrio xylanivorans","Bifidobacterium bifidum",0.00752022933897791,0.87304167852899,-0.00661543590558702,0.879802934361574,-0.219882504391588,0.825962662349172,0.759027777777778,0.832262202676575,"0/0"
"Parvimonas micra","Bifidobacterium pseudocatenulatum",-0.0288788594340436,0.539372939874119,-0.015032554806324,0.73111889950777,0.215485148480254,0.829389089895564,0.763045634920635,0.83409018623792,"0/0"
"Lactococcus garvieae","Bifidobacterium catenulatum",0.05400864725305,0.250785718572921,0.0403258180885618,0.356448600642588,-0.213312905188523,0.831082908309793,0.765277777777778,0.834986742657136,"0/0"
"Anaerostipes hadrus","Ruminococcus bicirculans",0.0254723192939343,0.588275092391113,0.0121661644183071,0.780929690504964,-0.207052240478751,0.835969060362956,0.771924603174603,0.836175054334172,"0/0"
"Parvimonas micra","Clostridium beijerinckii",0.0337478930108084,0.473190452529473,0.0205612404479687,0.638323611619406,-0.205271349102996,0.837360127517774,0.77405753968254,0.836175054334172,"0/0"
"Streptococcus anginosus","Streptococcus thermophilus",0.306504104289837,2.48809861602695e-11,0.294600349847577,5.67856872635275e-12,-0.203552223109813,0.838703431796596,0.775694444444444,0.836175054334172,"+/+"
"Gemella morbillorum","Ruminococcus bicirculans",0.0342947845219604,0.46604546052346,0.0472665080791066,0.279681719532392,0.202112785361936,0.839828552854244,0.777380952380952,0.836175054334172,"0/0"
"Bifidobacterium angulatum","Escherichia coli",-0.0388234113870041,0.409228644330871,-0.0260744683149677,0.551096104824365,0.198520208143234,0.842638075564403,0.780406746031746,0.836594702608002,"0/0"
"Brachyspira pilosicoli","Fusobacterium periodonticum",-0.0108856339720867,0.817073482923361,0.00168586396919567,0.969260367778857,0.1955550522678,0.844958444006375,0.784077380952381,0.836594702608002,"0/0"
"Streptococcus thermophilus","Bifidobacterium longum",0.02198410629615,0.640366424511358,0.0344154069870368,0.43133479389838,0.193523980716871,0.84654862712989,0.786160714285714,0.836594702608002,"0/0"
"Bifidobacterium pseudocatenulatum","Prevotella intermedia",-0.0619069925908873,0.187940494431162,-0.074257132605106,0.0891805111730202,-0.193002235842128,0.846957217063028,0.786607142857143,0.836594702608002,"0/0"
"Fusobacterium periodonticum","Bifidobacterium pseudocatenulatum",-0.0497958895352441,0.289715168533954,-0.0374190514018225,0.392200123176266,0.19288970819262,0.847045345348081,0.786607142857143,0.836594702608002,"0/0"
"Streptococcus salivarius","Prevotella intermedia",-0.0190849014749913,0.685063606237991,-0.00675845428482308,0.877224737601065,0.191771049692128,0.847921549039875,0.7875,0.836594702608002,"0/0"
"Gemella morbillorum","Clostridium beijerinckii",0.0788548302735336,0.0933151538449501,0.0666337436798227,0.127302313542537,-0.191111466622569,0.848438264148173,0.788095238095238,0.836645887183716,"0/0"
"Streptococcus salivarius","Adlercreutzia equolifaciens",-0.00184438672813825,0.968738467142612,-0.0140764196063964,0.747620533078598,-0.190282426138707,0.84908782397604,0.788789682539683,0.836645887183716,"0/0"
"Streptococcus thermophilus","Ruminococcus bicirculans",0.00334620652187374,0.943316426490679,0.015551954781452,0.722205913203516,0.189878452178209,0.84940437795472,0.789434523809524,0.836645887183716,"0/0"
"Roseburia intestinalis","Streptococcus thermophilus",0.0599843153109838,0.202051740330989,0.0479245564989631,0.273034110961618,-0.188138282683875,0.85076825165936,0.791418650793651,0.837900799689873,"0/0"
"Bifidobacterium pseudocatenulatum","Bifidobacterium bifidum",0.0210743777220764,0.654261879547662,0.0330409362056751,0.449970186182074,0.186277174706936,0.852227406129838,0.793452380952381,0.837900799689873,"0/0"
"Bifidobacterium longum","Escherichia coli",-0.0523200028350452,0.265929447724885,-0.0404664396255717,0.354772626213916,0.184780830714684,0.853400943811534,0.795287698412698,0.838527162602206,"0/0"
"Lactococcus garvieae","Bifidobacterium adolescentis",-0.0158360778444333,0.73648286515067,-0.00402241443338547,0.926741115482859,0.18378055892009,0.854185608090727,0.796329365079365,0.838527162602206,"0/0"
"Brachyspira pilosicoli","Bifidobacterium pseudocatenulatum",-0.0189797015750002,0.686707532363374,-0.00728372149948874,0.867767072578303,0.181963203571421,0.855611603055609,0.798263888888889,0.838527162602206,"0/0"
"Dialister pneumosintes","Brachyspira pilosicoli",-0.021368467161435,0.6497564974389,-0.00968343987998555,0.824818506738937,0.181805275928453,0.855735543935922,0.798313492063492,0.838527162602206,"0/0"
"Roseburia intestinalis","Ruminococcus bicirculans",0.0853218099969226,0.0693279320533897,0.0968398148581601,0.0264998464012525,0.180662149574591,0.856632770104243,0.799503968253968,0.838527162602206,"0/+"
"Bifidobacterium pseudocatenulatum","Escherichia coli",-0.0605356087850299,0.197929111385269,-0.0490275574423905,0.262134956731011,0.179547368886365,0.857507926586715,0.800793650793651,0.838527162602206,"0/0"
"Fusobacterium nucleatum","[Eubacterium] eligens",-0.0282872809687352,0.547717695053784,-0.0167996963153359,0.700949542568428,0.178781008860161,0.858109657758938,0.801388888888889,0.838527162602206,"0/0"
"Streptococcus salivarius","Bifidobacterium bifidum",-0.0129612719089387,0.782993871327175,-0.00156062374410241,0.971542962987869,0.17734716396945,0.859235706398807,0.802777777777778,0.838527162602206,"0/0"
"Lactobacillus ruminis","Prevotella intermedia",-0.015799728586513,0.73706538717766,-0.00447272046758192,0.918566863458167,0.176210418630002,0.860128635976566,0.804017857142857,0.839069224087305,"0/0"
"Fusobacterium nucleatum","Lactococcus garvieae",-0.00715455112335398,0.87916667972274,0.00409986702038632,0.925334571665241,0.175063556194989,0.861029693945434,0.805555555555556,0.839292529815438,"0/0"
"Streptococcus salivarius","Bifidobacterium adolescentis",-0.0137892580081692,0.769510322795073,-0.00259396580964933,0.952718214490826,0.174155107764582,0.8617435651265,0.806299603174603,0.839292529815438,"0/0"
"Lactococcus garvieae","Streptococcus milleri",0.00519010614808158,0.912185018751056,-0.0055837740383048,0.898436741974627,-0.167588209760005,0.866907247259496,0.812946428571429,0.84194860836769,"0/0"
"Lactococcus garvieae","Porphyromonas asaccharolytica",-0.0150574503613533,0.748993411125381,-0.00433616084121898,0.921044917315021,0.166785820611357,0.867538575921053,0.813690476190476,0.842069276745072,"0/0"
"Roseburia intestinalis","Brachyspira pilosicoli",-0.02342703216281,0.618583803416008,-0.0128288704908307,0.769325123214254,0.164909037453106,0.869015578936273,0.815625,0.842069276745072,"0/0"
"Roseburia intestinalis","Streptococcus salivarius",0.13135714627798,0.0050582085397648,0.120975680295523,0.00551178672780583,-0.164096267783364,0.869655359865436,0.816071428571429,0.842069276745072,"+/+"
"Gemella morbillorum","Brachyspira pilosicoli",-0.0132553856758329,0.778196626143835,-0.00272393176532648,0.950352224543181,0.163827639214738,0.869866832694615,0.816319444444444,0.842069276745072,"0/0"
"Lactococcus garvieae","Bifidobacterium pseudocatenulatum",0.0340451630021892,0.469299268738433,0.0235416339399032,0.590442101044413,-0.163518373484441,0.870110307895497,0.816666666666667,0.842069276745072,"0/0"
"Bifidobacterium angulatum","Streptococcus thermophilus",-0.00310019345480883,0.947477559284088,-0.0131462529875421,0.763785492989259,-0.156277034742138,0.875814657537475,0.823710317460317,0.842069276745072,"0/0"
"Bifidobacterium pseudocatenulatum","Bifidobacterium longum",0.131560759681792,0.00498987454466038,0.122654397109912,0.00488836192340036,-0.140813563810865,0.888017227465272,0.839434523809524,0.847860455381784,"+/+"
"Parvimonas micra","Brachyspira pilosicoli",-0.011141237357333,0.812856693800417,-0.00223570446748219,0.959242340151496,0.138531747947707,0.889820180267341,0.841964285714286,0.848900640991417,"0/0"
"Fusobacterium nucleatum","Bifidobacterium bifidum",-0.0234884549535902,0.617663748212413,-0.0323358432451549,0.459703844772055,-0.137728405519851,0.890455068975419,0.84280753968254,0.848900640991417,"0/0"
"Bifidobacterium adolescentis","Ruminococcus bicirculans",0.00742616647851281,0.87461649412147,-0.000766641175380025,0.986018515506139,-0.127440394075424,0.89859184701252,0.854117063492064,0.858040363055255,"0/0"
"Fusobacterium periodonticum","Lactobacillus ruminis",-0.00592332016344319,0.899840383135159,-0.0138854808892125,0.750930022020607,-0.12386338460269,0.901423444491237,0.857787698412698,0.859990638384851,"0/0"
"Parvimonas micra","Escherichia coli",-0.0202673447726901,0.666689686052094,-0.0123247659518989,0.778147898597745,0.123579453130122,0.901648261789488,0.858035714285714,0.859990638384851,"0/0"
"Brachyspira pilosicoli","Adlercreutzia equolifaciens",-0.014409915926301,0.75944817361178,-0.022030531767195,0.614513786423613,-0.118577823957467,0.905609835293443,0.862797619047619,0.861504824202227,"0/0"
"Brachyspira pilosicoli","Porphyromonas asaccharolytica",-0.0126140941809544,0.788667222635425,-0.00501348033109632,0.908762038712082,0.118236509727673,0.905880262258477,0.863343253968254,0.861504824202227,"0/0"
"Porphyromonas asaccharolytica","Bifidobacterium angulatum",0.00148578593970591,0.974814335368583,-0.00608772371655381,0.889326808928622,-0.117806339322882,0.906221106475671,0.863988095238095,0.861614163262464,"0/0"
"Porphyromonas asaccharolytica","Lactobacillus ruminis",-0.0115854904881203,0.805540595593332,-0.00419623533604769,0.923584842393437,0.114946773298978,0.908487311038187,0.867410714285714,0.861985535678506,"0/0"
"Dialister pneumosintes","[Eubacterium] eligens",-0.0142719810204842,0.761680945972861,-0.0216471322146193,0.620689165411449,-0.114757242600956,0.908637540543507,0.867559523809524,0.861985535678506,"0/0"
"Gemella morbillorum","Streptococcus milleri",0.131056109884107,0.00516078370926376,0.138178098256441,0.0015048408696936,0.112826921066097,0.910167774692999,0.869742063492064,0.861985535678506,"+/+"
"Streptococcus milleri","Ruminococcus bicirculans",-0.017228148412857,0.714290381072373,-0.0100379637272504,0.818514354073937,0.111863845904012,0.910931363417334,0.870882936507936,0.861985535678506,"0/0"
"Fusobacterium periodonticum","Adlercreutzia equolifaciens",-0.0339790030552041,0.47016375574864,-0.041003513750623,0.348417354331712,-0.109419783246341,0.912869543196102,0.873561507936508,0.861985535678506,"0/0"
"Lactobacillus ruminis","Escherichia coli",-0.0204251827288734,0.664251761075171,-0.0134363276233452,0.758733013521487,0.108742526183061,0.91340671081731,0.874156746031746,0.861985535678506,"0/0"
"Fusobacterium nucleatum","Bifidobacterium adolescentis",-0.0109001806489498,0.816833357795356,-0.00393175266532346,0.928387828595491,0.108399570557948,0.913678741774273,0.874702380952381,0.861985535678506,"0/0"
"Romboutsia ilealis","Bifidobacterium pseudocatenulatum",-0.000890632183360539,0.984901228244419,-0.00784151158055485,0.85774446818405,-0.108122700236791,0.91389836152593,0.874900793650794,0.861985535678506,"0/0"
"Lactococcus garvieae","Streptococcus equinus",0.00255723365648725,0.956666225235312,-0.00419849676806196,0.923543786675561,-0.105085152313094,0.916308240805109,0.878125,0.862843616282967,"0/0"
"Parvimonas micra","[Eubacterium] eligens",-0.0225021823738869,0.632508586043719,-0.029159177347313,0.504982980064436,-0.103618382585609,0.917472198997567,0.879811507936508,0.862843616282967,"0/0"
"Brachyspira pilosicoli","Streptococcus equinus",-0.0197058671757612,0.67539045085944,-0.0134006235101229,0.759354353601012,0.0981046143553078,0.921849223478755,0.886061507936508,0.86516345968827,"0/0"
"Bifidobacterium adolescentis","Escherichia coli",-0.0314900037183974,0.503315306459621,-0.0251977882926961,0.564568427318281,0.0979537724004248,0.921969001046106,0.886210317460317,0.86516345968827,"0/0"
"Streptococcus milleri","Bifidobacterium adolescentis",-0.000626449323011552,0.989379566747895,-0.00686379531472595,0.875326580251532,-0.0970229415133754,0.922708175703521,0.887053571428571,0.86516345968827,"0/0"
"Romboutsia ilealis","Bifidobacterium angulatum",-0.0104703295481697,0.823936137224809,-0.0165529998317018,0.705134382480911,-0.0946328702498772,0.924606440303969,0.890029761904762,0.865750526564298,"0/0"
"Dialister pneumosintes","Lactobacillus ruminis",-0.00196842408770956,0.966637272326174,0.00404151081536219,0.926394302617521,0.0934842921743669,0.925518828072736,0.891071428571429,0.865750526564298,"0/0"
"Fusobacterium nucleatum","Bifidobacterium angulatum",-0.0154130448490501,0.74327152322453,-0.00947889626391945,0.82846086657473,0.0923196336745615,0.926444089566739,0.892361111111111,0.866529010782627,"0/0"
"Bifidobacterium angulatum","Bifidobacterium bifidum",0.0109212594852207,0.816485435315101,0.00509809411738077,0.90722907270414,-0.0905847972140707,0.927822512328154,0.894295634920635,0.867932475103959,"0/0"
"Bifidobacterium bifidum","Prevotella intermedia",-0.0213893849058206,0.649436525666723,-0.0157556909982483,0.718719930110932,0.0876619911496694,0.930145329948552,0.898164682539683,0.86905139921295,"0/0"
"Bifidobacterium catenulatum","Ruminococcus bicirculans",-0.0350458630175463,0.456330889597767,-0.0294231253062388,0.50113357084529,0.0875523023797442,0.930232513713521,0.898214285714286,0.86905139921295,"0/0"
"Bifidobacterium catenulatum","Lactobacillus ruminis",-0.00723050382610951,0.877893888925797,-0.00168489578663497,0.969278012679068,0.0862632896726692,0.931257120256243,0.899355158730159,0.86905139921295,"0/0"
"Fusobacterium nucleatum","Bifidobacterium longum",-0.0370400050022245,0.431096861793103,-0.0316135537874564,0.469795614009554,0.0845076685399484,0.932652806040264,0.900892857142857,0.86905139921295,"0/0"
"Parvimonas micra","Bifidobacterium angulatum",-0.0101259371315937,0.829637231484905,-0.00496277114958005,0.909680910515953,0.0803172580396342,0.935984932624983,0.905952380952381,0.869453758967317,"0/0"
"Butyrivibrio proteoclasticus","Escherichia coli",-0.0820642742070822,0.0806906380688828,-0.0870953560410675,0.0460821252174894,-0.078821996517124,0.937174207788177,0.907142857142857,0.869453758967317,"0/-"
"Lactococcus garvieae","Brachyspira pilosicoli",-0.00801112692341104,0.864831265085236,-0.00311678174407034,0.943203250329267,0.076133537503896,0.939312858491574,0.910367063492064,0.869453758967317,"0/0"
"Bifidobacterium angulatum","Adlercreutzia equolifaciens",-0.024273294116927,0.605960594801909,-0.0195200690695651,0.655425759649251,0.0739715259375238,0.941033042181312,0.912896825396825,0.869928891812139,"0/0"
"Fusobacterium nucleatum","Streptococcus thermophilus",0.00701360889976999,0.881529366215199,0.00242536165279717,0.95578821716603,-0.0713714221098957,0.943102153444272,0.91547619047619,0.869928891812139,"0/0"
"Fusobacterium periodonticum","Bifidobacterium angulatum",-0.00920085146057216,0.844994679780559,-0.0137205159043396,0.753793001580042,-0.0703122639250914,0.943945121466344,0.916815476190476,0.870269279717003,"0/0"
"Streptococcus equinus","Escherichia coli",-0.00819395272642558,0.861777111295188,-0.0125902349609745,0.773498058482772,-0.0683912076056872,0.94547422075803,0.918849206349206,0.870351466894191,"0/0"
"Anaerostipes hadrus","Bifidobacterium longum",0.1533475604205,0.00104612660241132,0.149153729415236,0.000606719828817992,-0.0667620090204745,0.946771168310139,0.92093253968254,0.870351466894191,"+/+"
"Fusobacterium periodonticum","Bifidobacterium bifidum",-0.0341141468140664,0.468398817109595,-0.0382632303795067,0.381600315624385,-0.0646232871694992,0.948473942981706,0.923462301587302,0.870351466894191,"0/0"
"Brachyspira pilosicoli","Bifidobacterium angulatum",-0.00934447028036694,0.84260643938423,-0.00523057804970291,0.904829527160174,0.0639946533120504,0.948974484121976,0.923859126984127,0.870351466894191,"0/0"
"Lactobacillus ruminis","Bifidobacterium pseudocatenulatum",-0.00791892743723325,0.866372248722933,-0.0119594368214817,0.784559785385142,-0.0628559968152874,0.949881174971383,0.924950396825397,0.870351466894191,"0/0"
"Brachyspira pilosicoli","Streptococcus anginosus",-0.0118597598649468,0.801032254863233,-0.00785524564867642,0.857497970078128,0.0622959374082626,0.950327163673705,0.925545634920635,0.870351466894191,"0/0"
"Streptococcus anginosus","Ruminococcus bicirculans",-0.0170746671308677,0.716725806442559,-0.0131048061246223,0.764508233930175,0.0617649188142422,0.950750040855391,0.926041666666667,0.870351466894191,"0/0"
"Brachyspira pilosicoli","Bifidobacterium catenulatum",-0.0101364827463447,0.829462524317218,-0.0139461593613324,0.74987779986225,-0.0592677874124289,0.95273881791671,0.929017857142857,0.870351466894191,"0/0"
"Parvimonas micra","Bifidobacterium catenulatum",-0.00481112531626904,0.918574147229801,-0.00850593135523857,0.845835801067941,-0.0574749360306701,0.954166871246631,0.930902777777778,0.870525930539787,"0/0"
"Streptococcus salivarius","Bifidobacterium pseudocatenulatum",-0.011856064786997,0.801092949709945,-0.0155304314198948,0.722574521468372,-0.0571651727180355,0.954413620918199,0.931200396825397,0.870525930539787,"0/0"
"Lactococcus garvieae","Adlercreutzia equolifaciens",0.0123025170883809,0.793768350384386,0.00868754096912699,0.842586720237044,-0.0562368318637956,0.955153139992188,0.932787698412698,0.870525930539787,"0/0"
"[Eubacterium] eligens","Bifidobacterium adolescentis",-0.0296542367990492,0.528532514627916,-0.0265651501611186,0.543625026259579,0.0480884560304793,0.961645746315897,0.941815476190476,0.875267722530276,"0/0"
"Porphyromonas asaccharolytica","Clostridium beijerinckii",-0.0100793795454494,0.830408642290893,-0.00708599653448731,0.8713250574334,0.0465652253026087,0.962859748138623,0.94389880952381,0.875739904583129,"0/0"
"Parvimonas micra","Streptococcus thermophilus",-0.00146496245067201,0.975167201409604,-0.00442216015082427,0.919484256189196,-0.0459993337626406,0.963310780929401,0.94469246031746,0.875739904583129,"0/0"
"Lactococcus garvieae","Streptococcus salivarius",-0.000919746318090898,0.98440772173331,-0.00377326165910246,0.931267272181466,-0.0443864079113995,0.964596395886885,0.946428571428571,0.87588431385295,"0/0"
"Gemella morbillorum","[Eubacterium] eligens",-0.0217302028480716,0.644232262118789,-0.0243399416863546,0.57790240610808,-0.0406157897628358,0.96760219613325,0.950446428571429,0.876499386883044,"0/0"
"Brachyspira pilosicoli","Streptococcus milleri",-0.00782141211407645,0.868002629965931,-0.0099999823223312,0.819189188778335,-0.033890136583138,0.972964758538005,0.95828373015873,0.876499386883044,"0/0"
"Dialister pneumosintes","Bifidobacterium angulatum",-0.00343377861819814,0.941835574036658,-0.00553561618892382,0.899308013117329,-0.0326945337160495,0.973918183025197,0.959672619047619,0.876499386883044,"0/0"
"Bifidobacterium catenulatum","Streptococcus salivarius",-0.021310077075904,0.650650011741258,-0.0192454538820463,0.659967224258469,0.0321282205232426,0.974369798299648,0.960416666666667,0.876499386883044,"0/0"
"Anaerostipes hadrus","Bifidobacterium angulatum",0.00192252987589697,0.967414694861446,0.00386282039915381,0.929640068205498,0.0301812786548233,0.975922479198908,0.962797619047619,0.876499386883044,"0/0"
"Bifidobacterium angulatum","Streptococcus salivarius",-0.0092070111226236,0.844892221318569,-0.0111026803208816,0.799653301180014,-0.0294899864557593,0.976473805120444,0.96359126984127,0.876499386883044,"0/0"
"Brachyspira pilosicoli","Ruminococcus bicirculans",-0.0156951106312678,0.738742801774055,-0.0175312036002386,0.688594119337609,-0.0285681273086082,0.977209032426965,0.964384920634921,0.876499386883044,"0/0"
"Brachyspira pilosicoli","Lactobacillus ruminis",-0.00607995601195717,0.897206234544067,-0.00436087579190882,0.920596374694373,0.0267408488038953,0.978666432136614,0.966517857142857,0.877089959756181,"0/0"
"Brachyspira pilosicoli","Escherichia coli",-0.013535227815319,0.773639968689632,-0.0119569076506944,0.78460422624231,0.0245545997768407,0.980410232498909,0.968849206349206,0.87723920331439,"0/0"
"Lactobacillus ruminis","Adlercreutzia equolifaciens",-0.00534015326878776,0.909656957050389,-0.0038113945391535,0.930574395685461,0.0237801850650891,0.981027945607659,0.96984126984127,0.87723920331439,"0/0"
"Brachyspira pilosicoli","Streptococcus salivarius",-0.0107455480780356,0.819386783693633,-0.00927717135203699,0.832056639100498,0.0228427403370841,0.981775715049721,0.970634920634921,0.87723920331439,"0/0"
"Lactococcus garvieae","Bifidobacterium angulatum",-0.00390536116512709,0.933864640925864,-0.00268194484326331,0.951116536734372,0.0190303220544478,0.984816916284799,0.975694444444444,0.878021850031872,"0/0"
"Bifidobacterium angulatum","Bifidobacterium pseudocatenulatum",0.134970289082604,0.0039627081064435,0.133820763087759,0.00212101943872134,-0.0182096648966533,0.985471592443037,0.976736111111111,0.878021850031872,"+/+"
"Butyrivibrio proteoclasticus","Bifidobacterium angulatum",-0.0205839148185194,0.661803591387342,-0.0198796505058241,0.64949834051058,0.0109592442486433,0.991255963250096,0.985962301587302,0.879229334936892,"0/0"
"Brachyspira pilosicoli","Bifidobacterium bifidum",-0.0137939198648017,0.769434597702915,-0.013101436884418,0.764566994971698,0.0107734492090572,0.99140419749162,0.986160714285714,0.879229334936892,"0/0"
"Brachyspira pilosicoli","Prevotella intermedia",-0.0133285156367167,0.777005113282006,-0.0127180443291206,0.771262280814079,0.00949742860821111,0.992422262266462,0.987599206349206,0.879229334936892,"0/0"
"Gemella morbillorum","Bifidobacterium pseudocatenulatum",-0.0248040749683824,0.59810235341796,-0.0254084437079722,0.561316814235465,-0.00940682232062024,0.992494552395049,0.987698412698413,0.879229334936892,"0/0"
"Porphyromonas asaccharolytica","Bifidobacterium catenulatum",-0.00633129415523513,0.892981845918818,-0.00591050795736285,0.892528752475572,0.00654553073133436,0.994777459379632,0.991815476190476,0.879229334936892,"0/0"
"Brachyspira pilosicoli","Bifidobacterium adolescentis",-0.0128343159020729,0.785067187097553,-0.01322395308611,0.76243112972186,-0.0060617948604698,0.995163417090423,0.992311507936508,0.879229334936892,"0/0"
"Brachyspira pilosicoli","Streptococcus thermophilus",-0.0128612498901414,0.784627201142956,-0.0125801372732714,0.773674778165845,0.00437338513719381,0.99651055464407,0.994890873015873,0.879229334936892,"0/0"
"Bifidobacterium pseudocatenulatum","Streptococcus milleri",-0.0213183882139647,0.650522799962271,-0.0212189631786534,0.627617270208704,0.00154724595853324,0.99876547683049,0.99781746031746,0.879229334936892,"0/0"
"Roseburia intestinalis","Bifidobacterium angulatum",-0.0231361618361196,0.622948843096214,-0.0231177971423051,0.597150024013202,0.000285813765689264,0.999771953612196,0.999553571428571,0.879622979419367,"0/0"
