"Gene1","Gene2","CRC_cor","CRC_pVal","adenoma_cor","adenoma_pVal","zScoreDiff","pValDiff","empPVals","pValDiff_adj","Classes","type","abs_zScoreDiff"
"Streptococcus sp. HSISS1","Streptococcus sp. HSISS2",0.977174955227688,0,0.488496377990059,0,-23.7605492064158,8.54807288487444e-125,7.20720720720721e-05,0.138652155644643,"+/+","Bacteria",23.7605492064158
"Streptococcus sp. FDAARGOS 192","Streptococcus sp. HSISS3",0.937744658469102,0,0.34318127453279,4.14397405279487e-11,-19.0639547624916,5.03233135458451e-81,0.000288288288288288,0.249573880160357,"+/+","Bacteria",19.0639547624916
"Streptococcus salivarius","Streptococcus sp. HSISS2",0.941967916359338,0,0.479521056250462,0,-17.2650678637957,8.6202436675258e-67,0.000612612612612613,0.249573880160357,"+/+","Bacteria",17.2650678637957
"Erysiphe pulchra","Thielaviopsis punctulata",0.86241292019093,0,0.0768633888917556,0.151297976226004,-17.1642653991287,4.91664234286746e-66,0.000648648648648649,0.249573880160357,"+/0","Eukaryota",17.1642653991287
"Streptococcus salivarius","Streptococcus sp. HSISS3",0.926779733025518,0,0.388137309752663,4.9737991503207e-14,-17.1613410738039,5.17057921817344e-66,0.000648648648648649,0.249573880160357,"+/+","Bacteria",17.1613410738039
"Streptococcus salivarius","Streptococcus sp. FDAARGOS 192",0.985107023599042,0,0.847874351702569,0,-16.7729476755331,3.84930201091476e-63,0.000792792792792793,0.251307032105915,"+/+","Bacteria",16.7729476755331
"Streptococcus sp. HSISS1","Streptococcus sp. HSISS3",0.907697435944044,0,0.312523080528675,2.28393925993942e-09,-16.6780572283145,1.89274983146093e-62,0.000936936936936937,0.251307032105915,"+/+","Bacteria",16.6780572283145
"Streptococcus sp. FDAARGOS 192","Streptococcus sp. HSISS2",0.936204688214812,0,0.504409048752913,0,-16.1213899218181,1.80503369697241e-58,0.00104504504504505,0.251307032105915,"+/+","Bacteria",16.1213899218181
"Streptococcus salivarius","Streptococcus sp. HSISS1",0.977496166740398,0,0.823424458837292,0,-14.9925118103568,8.21853424796939e-51,0.0012972972972973,0.277304311289285,"+/+","Bacteria",14.9925118103568
"Streptococcus salivarius","Streptococcus equinus",0.600118225712901,0,0.92651176441557,0,13.1614825657486,1.4618886810547e-39,0.00176576576576577,0.309656480939702,"+/+","Bacteria",13.1614825657486
"Erysiphe pulchra","Sphaerulina musiva",0.810739282851481,0,0.212040597290213,6.38038475444525e-05,-12.7978957031325,1.68454263628155e-37,0.00194594594594595,0.309656480939702,"+/+","Eukaryota",12.7978957031325
"Fusobacterium periodonticum","Prevotella intermedia",0.723985112675587,0,0.0347620744715565,0.516850209854284,-12.3402173145604,5.50072140771321e-35,0.00223423423423423,0.309656480939702,"+/0","Bacteria",12.3402173145604
"Romboutsia ilealis","Moniliophthora perniciosa",0.0669772484851143,0.154224067305243,0.731011153974709,0,12.0968904424846,1.09687852544443e-33,0.00230630630630631,0.309656480939702,"0/+","Intersect",12.0968904424846
"Aspergillus rambellii","Sphaerulina musiva",0.749985883596759,0,0.117345750670602,0.0281583250651702,-11.9738805110039,4.86966269454906e-33,0.00237837837837838,0.309656480939702,"+/+","Eukaryota",11.9738805110039
"Fusobacterium nucleatum","Fusobacterium periodonticum",0.239842301673416,2.31628590086075e-07,0.799298887426295,0,11.9322474011897,8.03738528141005e-33,0.00241441441441441,0.309656480939702,"+/+","Bacteria",11.9322474011897
"Streptococcus equinus","Streptococcus sp. FDAARGOS 192",0.536645538071213,0,0.871291813627904,0,10.3487456903648,4.24004185758408e-25,0.00353153153153153,0.36857533460932,"+/+","Bacteria",10.3487456903648
"Streptococcus milleri","Streptococcus sp. HSISS2",0.798446800642006,0,0.348953931596483,1.85129689356245e-11,-10.2237546787056,1.55209982411169e-24,0.0036036036036036,0.36857533460932,"+/+","Bacteria",10.2237546787056
"Streptococcus sp. A12","Streptococcus sp. JS71",0.895047146820448,0,0.629677819105862,0,-9.88487590335668,4.84181331228894e-23,0.00403603603603604,0.36857533460932,"+/+","Bacteria",9.88487590335668
"Streptococcus sp. A12","Streptococcus sp. I-G2",0.901736758864469,0,0.652377255318744,0,-9.83093830565375,8.28432712489451e-23,0.00418018018018018,0.36857533460932,"+/+","Bacteria",9.83093830565375
"Streptococcus sp. HSISS3","Streptococcus sp. HSISS2",0.895333425623966,0,0.969133841147975,0,8.81773657381885,1.16796637846304e-18,0.0061981981981982,0.36857533460932,"+/+","Bacteria",8.81773657381885
"Aspergillus rambellii","Erysiphe pulchra",0.648528639317,0,0.147046276561523,0.00584879222495438,-8.74737793572962,2.18367376489257e-18,0.00634234234234234,0.36857533460932,"+/+","Eukaryota",8.74737793572962
"Streptococcus thermophilus","Pichia kudriavzevii",0.524526581240249,0,-0.0257105104647235,0.63168384437379,-8.51834659542541,1.61847232004942e-17,0.00688288288288288,0.36857533460932,"+/0","Intersect",8.51834659542541
"Sphaerulina musiva","Thielaviopsis punctulata",0.585766307473996,0,0.063272619947221,0.23773339388307,-8.51216844131032,1.70710345376409e-17,0.00691891891891892,0.36857533460932,"+/0","Eukaryota",8.51216844131032
"Streptococcus milleri","Streptococcus sp. HSISS1",0.748895238793384,0,0.36356295839787,2.23554508238522e-12,-8.25463685083806,1.52364804373258e-16,0.00720720720720721,0.36857533460932,"+/+","Bacteria",8.25463685083806
"Romboutsia ilealis","Clostridium beijerinckii",0.557451083681072,0,0.0606102835086399,0.25809794504483,-7.96046242244819,1.71397503992032e-15,0.00781981981981982,0.36857533460932,"+/0","Bacteria",7.96046242244819
"Streptococcus sp. I-P16","Streptococcus sp. A12",0.869936742011252,0,0.647083041400059,0,-7.87801453273767,3.32624040614636e-15,0.00803603603603604,0.36857533460932,"+/+","Bacteria",7.87801453273767
"Streptococcus sp. HSISS3","Pichia kudriavzevii",0.474010466912626,0,-0.0252707847591216,0.637528559779481,-7.56924497395216,3.75399647157816e-14,0.00875675675675676,0.36857533460932,"+/0","Intersect",7.56924497395216
"Porphyromonas asaccharolytica","Prevotella intermedia",0.101628230524607,0.0303831354684174,0.5637919215316,0,7.51165856128132,5.83828997147987e-14,0.00886486486486487,0.36857533460932,"+/+","Bacteria",7.51165856128132
"Streptococcus sp. I-G2","Streptococcus sp. HSISS2",0.659283323286372,0,0.257311387275255,1.06608420202825e-06,-7.39855429763899,1.37675097550866e-13,0.00908108108108108,0.36857533460932,"+/+","Bacteria",7.39855429763899
"Streptococcus equinus","Streptococcus sp. HSISS1",0.590352149145395,0,0.834852428978938,0,7.36236303573396,1.80682778033634e-13,0.00918918918918919,0.36857533460932,"+/+","Bacteria",7.36236303573396
"Streptococcus salivarius","Streptococcus milleri",0.68296440386617,0,0.30113889325365,9.05188812794222e-09,-7.33636981077312,2.19465087765078e-13,0.00926126126126126,0.36857533460932,"+/+","Bacteria",7.33636981077312
"Streptococcus sp. JS71","Streptococcus sp. HSISS3",0.597656278003573,0,0.176599808596061,0.000906067586401438,-7.15634709911372,8.28551980025323e-13,0.0098018018018018,0.36857533460932,"+/+","Bacteria",7.15634709911372
"Streptococcus sp. I-G2","Streptococcus sp. HSISS3",0.584702146930962,0,0.181292259757064,0.000654851196700612,-6.80956737232787,9.7892681160992e-12,0.0115315315315315,0.36857533460932,"+/+","Bacteria",6.80956737232787
"Gemella morbillorum","Dialister pneumosintes",0.542406907876547,0,0.129383680712773,0.0154320877170897,-6.68615307378514,2.29113377412511e-11,0.012,0.36857533460932,"+/+","Bacteria",6.68615307378514
"Streptococcus sp. JS71","Streptococcus sp. HSISS2",0.629835904511933,0,0.259587298909068,8.49144564663007e-07,-6.65858940279158,2.7646809843101e-11,0.0121801801801802,0.36857533460932,"+/+","Bacteria",6.65858940279158
"Streptococcus sp. I-P16","Streptococcus sp. JS71",0.965945208440464,0,0.986629656694679,0,6.61966918421455,3.60003606697188e-11,0.0123603603603604,0.36857533460932,"+/+","Bacteria",6.61966918421455
"Streptococcus sp. FDAARGOS 192","Pichia kudriavzevii",0.453330094337993,0,0.0196498638157812,0.714114675639031,-6.57110888866986,4.99419190460715e-11,0.0126126126126126,0.36857533460932,"+/0","Intersect",6.57110888866986
"Parvimonas micra","Romboutsia ilealis",0.0497460754599983,0.290198519895013,0.47672721995692,0,6.56721204312535,5.12660203044279e-11,0.0126126126126126,0.36857533460932,"0/+","Bacteria",6.56721204312535
"Butyrivibrio proteoclasticus","Clostridium beijerinckii",0.598981169257536,0,0.243646771015309,3.99603016099093e-06,-6.20249528736998,5.55748495521706e-10,0.0145225225225225,0.36857533460932,"+/+","Bacteria",6.20249528736998
"Streptococcus sp. I-P16","Streptococcus sp. I-G2",0.97044631003388,0,0.98769743572508,0,6.19758658204809,5.73355001690114e-10,0.0145945945945946,0.36857533460932,"+/+","Bacteria",6.19758658204809
"Aspergillus rambellii","Thielaviopsis punctulata",0.451689545262095,0,0.044818325663589,0.403214132758808,-6.18937499210456,6.04032329686475e-10,0.0146306306306306,0.36857533460932,"+/0","Eukaryota",6.18937499210456
"Streptococcus sp. HSISS2","Pichia kudriavzevii",0.399478038609797,0,-0.0157450576447301,0.76911897554841,-6.14458431606979,8.01731941380859e-10,0.014990990990991,0.36857533460932,"+/0","Intersect",6.14458431606979
"Streptococcus sp. HSISS1","Pichia kudriavzevii",0.418088912342412,0,0.0138700042380908,0.795968419587639,-6.04276018790674,1.51499754273058e-09,0.0154954954954955,0.36857533460932,"+/0","Intersect",6.04276018790674
"Bifidobacterium bifidum","Bifidobacterium adolescentis",0.0946071469010545,0.0439272492111353,0.481790328485814,0,6.02762583429126,1.66385697039214e-09,0.0155315315315315,0.36857533460932,"+/+","Bacteria",6.02762583429126
"Streptococcus anginosus","Streptococcus sp. HSISS2",0.58345806271861,0,0.236616139182588,7.65737997632243e-06,-5.97274217594295,2.33298448586228e-09,0.0158558558558559,0.36857533460932,"+/+","Bacteria",5.97274217594295
"Clostridium beijerinckii","Adlercreutzia equolifaciens",0.451677730808162,0,0.0609274367583433,0.255610700768917,-5.96293804474942,2.47742375994018e-09,0.0158918918918919,0.36857533460932,"+/0","Bacteria",5.96293804474942
"[Eubacterium] eligens","Streptococcus sp. FDAARGOS 192",0.316520551462595,5.05973041242669e-12,-0.0955386502820355,0.0742522776862686,-5.932177135562,2.98943845743352e-09,0.016,0.36857533460932,"+/0","Bacteria",5.932177135562
"Streptococcus anginosus","Streptococcus sp. JS71",0.591426788126722,0,0.253125300859439,1.61104356810604e-06,-5.89719335103355,3.69736521285445e-09,0.0161081081081081,0.36857533460932,"+/+","Bacteria",5.89719335103355
"Streptococcus salivarius","Pichia kudriavzevii",0.428725737966729,0,0.0422431913310448,0.430800635334716,-5.82658193032442,5.65740991344243e-09,0.0166126126126126,0.36857533460932,"+/0","Intersect",5.82658193032442
"Streptococcus sp. I-P16","Streptococcus sp. HSISS2",0.606174455771482,0,0.28174733169927,8.26947936793943e-08,-5.78745648999041,7.14601888428555e-09,0.0169009009009009,0.36857533460932,"+/+","Bacteria",5.78745648999041
"[Eubacterium] eligens","Streptococcus sp. HSISS3",0.32350112629793,1.60871316268185e-12,-0.0774797298837364,0.148036207860684,-5.78627582053724,7.19640159287176e-09,0.0169369369369369,0.36857533460932,"+/0","Bacteria",5.78627582053724
"Romboutsia ilealis","Pichia kudriavzevii",0.374952091635733,0,-0.0153982739470675,0.774064991014613,-5.73564510940131,9.71418798578488e-09,0.0171531531531532,0.36857533460932,"+/0","Intersect",5.73564510940131
"Brachyspira pilosicoli","Schizosaccharomyces pombe",0.380141622167843,0,-0.0087433199388591,0.870525911596588,-5.72719093948474,1.02107224253137e-08,0.0172252252252252,0.36857533460932,"+/0","Intersect",5.72719093948474
"Streptococcus anginosus","Streptococcus sp. I-G2",0.604106141983114,0,0.282798552495139,7.366011045562e-08,-5.72576103528719,1.02971080277143e-08,0.0172252252252252,0.36857533460932,"+/+","Bacteria",5.72576103528719
"Streptococcus sp. I-P16","Streptococcus sp. HSISS3",0.530069748866577,0,0.180908366193258,0.000672681733497882,-5.70410960591967,1.16952806900855e-08,0.0173693693693694,0.36857533460932,"+/+","Bacteria",5.70410960591967
"Streptococcus anginosus","Streptococcus sp. I-P16",0.609152319063372,0,0.292042220124195,2.60854995381976e-08,-5.6964699208885,1.22313458673527e-08,0.0174054054054054,0.36857533460932,"+/+","Bacteria",5.6964699208885
"Hyaloscypha variabilis","Choanephora cucurbitarum",0.161487412610127,0.000552198252930403,0.512613967110128,0,5.64858292125401,1.61775814917997e-08,0.0177657657657658,0.36857533460932,"+/+","Eukaryota",5.64858292125401
"Fusobacterium nucleatum","Parvimonas micra",0.60618326986055,0,0.291952615319664,2.6354060489453e-08,-5.63192122461247,1.78213086741707e-08,0.0178378378378378,0.36857533460932,"+/+","Bacteria",5.63192122461247
"Streptococcus milleri","Streptococcus sp. I-G2",0.715587944472369,0,0.462990303038194,0,-5.56564074649222,2.61190863587817e-08,0.0182342342342342,0.36857533460932,"+/+","Bacteria",5.56564074649222
"Pseudobutyrivibrio xylanivorans","Clostridium beijerinckii",0.570816219754044,0,0.248222167759632,2.58922687579322e-06,-5.53458903671062,3.11958930244548e-08,0.0185225225225225,0.36857533460932,"+/+","Bacteria",5.53458903671062
"Anaerostipes hadrus","Pichia kudriavzevii",0.435944468403344,0,0.072804864993205,0.174151064184972,-5.52147310081809,3.36169284046817e-08,0.0187387387387387,0.36857533460932,"+/0","Intersect",5.52147310081809
"[Eubacterium] eligens","Streptococcus salivarius",0.281383756863219,1.04272723788768e-09,-0.0986170355098717,0.0653508788769679,-5.43526473682159,5.47151342800347e-08,0.0195315315315315,0.36857533460932,"+/0","Bacteria",5.43526473682159
"Baudoinia panamericana","Choanephora cucurbitarum",0.37040513705267,4.44089209850063e-16,0.000833631845173991,0.98760134478483,-5.43437074146589,5.49901419002029e-08,0.0195315315315315,0.36857533460932,"+/0","Eukaryota",5.43437074146589
"Streptococcus sp. JS71","Streptococcus thermophilus",0.433972486555521,0,0.0832924276716289,0.119853675981202,-5.33964466582462,9.31289312962833e-08,0.0202162162162162,0.36857533460932,"+/0","Bacteria",5.33964466582462
"Romboutsia ilealis","Fusobacterium periodonticum",-0.0107541674926725,0.819244401999697,0.354117963455789,8.87800943871753e-12,5.33410195483799,9.60185649992407e-08,0.0202882882882883,0.36857533460932,"0/+","Bacteria",5.33410195483799
"Streptococcus sp. I-G2","Streptococcus thermophilus",0.421298612946286,0,0.0745886040772451,0.16380936874774,-5.24508568164461,1.56209715907433e-07,0.0207927927927928,0.36857533460932,"+/0","Bacteria",5.24508568164461
"Streptococcus sp. A12","Streptococcus sp. HSISS3",0.452122756073433,0,0.11389404426077,0.0331653564538108,-5.22313337741528,1.75920580278111e-07,0.0208288288288288,0.36857533460932,"+/+","Bacteria",5.22313337741528
"Romboutsia ilealis","Albugo candida",0.394486343866589,0,0.045735559463674,0.393648461529128,-5.20016412570525,1.99112624670733e-07,0.020972972972973,0.36857533460932,"+/0","Intersect",5.20016412570525
"Fusobacterium periodonticum","Streptococcus sp. I-G2",-0.022934398537687,0.625984457619345,0.334117583075664,1.42074796372071e-10,5.18699886190775,2.13710036422263e-07,0.0210810810810811,0.36857533460932,"0/+","Bacteria",5.18699886190775
"Pseudobutyrivibrio xylanivorans","Streptococcus sp. HSISS3",0.307974217974578,1.97684091318706e-11,-0.0517233018243751,0.334625590646914,-5.18252813998977,2.18898327536173e-07,0.0210810810810811,0.36857533460932,"+/0","Bacteria",5.18252813998977
"Streptococcus milleri","Streptococcus sp. HSISS3",0.594366654589911,0,0.307386150152244,4.28271196284413e-09,-5.13574848915836,2.81023286620452e-07,0.0213693693693694,0.36857533460932,"+/+","Bacteria",5.13574848915836
"Erysiphe pulchra","Edhazardia aedis",-0.119796770937059,0.0106275633383008,0.240367851718307,5.42535863834459e-06,5.11900627134086,3.07149749245621e-07,0.0214414414414414,0.36857533460932,"-/+","Eukaryota",5.11900627134086
"Streptococcus sp. A12","Streptococcus thermophilus",0.378064524576427,0,0.0331308528116262,0.536724439575709,-5.10664299914238,3.27932463560769e-07,0.0215135135135135,0.36857533460932,"+/0","Bacteria",5.10664299914238
"Streptococcus sp. A12","Streptococcus sp. HSISS2",0.476786157100642,0,0.154347676788794,0.00379622489971654,-5.08660260685741,3.64534539461212e-07,0.0215855855855856,0.36857533460932,"+/+","Bacteria",5.08660260685741
"Parvimonas micra","Gemella morbillorum",0.409160543828703,0,0.66270996057151,0,5.0838359135215,3.69887514762924e-07,0.0216576576576577,0.36857533460932,"+/+","Bacteria",5.0838359135215
"Streptococcus sp. A12","Streptococcus milleri",0.518833364373304,0,0.212784540110749,6.00435226392193e-05,-5.02261145330783,5.0973599254099e-07,0.0219099099099099,0.36857533460932,"+/+","Bacteria",5.02261145330783
"Romboutsia ilealis","[Eubacterium] eligens",0.305812669343651,2.77116107838538e-11,-0.0415242101824915,0.438693172264422,-5.00597012428671,5.55813780690347e-07,0.021981981981982,0.36857533460932,"+/0","Bacteria",5.00597012428671
"Erysiphe pulchra","Pneumocystis murina",-0.0577974163988909,0.219020008327825,0.290372922508093,3.15513530857459e-08,4.99711646555576,5.81939252386821e-07,0.0221261261261261,0.36857533460932,"0/+","Eukaryota",4.99711646555576
"Fusobacterium periodonticum","Streptococcus sp. JS71",-0.0226893305694257,0.629680120190335,0.321456866545981,7.43432426730806e-10,4.98491713247595,6.19883746384091e-07,0.0221621621621622,0.36857533460932,"0/+","Bacteria",4.98491713247595
"Sphaerulina musiva","Phytopythium vexans",-0.0850498699633527,0.0702234366294392,0.263537255612291,5.69211095591271e-07,4.97367847492025,6.56942349045001e-07,0.0222342342342342,0.36857533460932,"0/+","Eukaryota",4.97367847492025
"Streptococcus sp. HSISS1","Streptococcus sp. FDAARGOS 192",0.966530622537841,0,0.983370310770349,0,4.9571857745728,7.15215827754263e-07,0.0222702702702703,0.36857533460932,"+/+","Bacteria",4.9571857745728
"Fusobacterium periodonticum","Trichoderma atroviride",-0.0666243173880246,0.156411529795042,0.275723478628532,1.59005307365234e-07,4.89818554363731,9.67256786241587e-07,0.0224504504504505,0.36857533460932,"0/+","Intersect",4.89818554363731
"Streptococcus milleri","Streptococcus sp. JS71",0.662457967543539,0,0.421522591976762,0,-4.86833131801705,1.12544529108733e-06,0.0227027027027027,0.36857533460932,"+/+","Bacteria",4.86833131801705
"Aspergillus rambellii","Moniliophthora perniciosa",0.338429999656465,1.25455201782643e-13,0.604268515328452,0,4.86673755836893,1.13455528130235e-06,0.0227387387387387,0.36857533460932,"+/+","Eukaryota",4.86673755836893
"Erysiphe pulchra","Rhizophagus clarus",-0.115383917156171,0.0138952315452796,0.226227470963165,1.9311271116873e-05,4.84691769779141,1.2539441642284e-06,0.0227387387387387,0.36857533460932,"-/+","Eukaryota",4.84691769779141
"Streptococcus anginosus","Streptococcus sp. HSISS1",0.56061983178588,0,0.280856260677947,9.11814614923401e-08,-4.83312793256095,1.34404352983873e-06,0.0228108108108108,0.36857533460932,"+/+","Bacteria",4.83312793256095
"Moniliophthora perniciosa","Erysiphe pulchra",0.37937388961588,0,0.0570626721558173,0.287059898671535,-4.79220970160328,1.6495435348561e-06,0.0231711711711712,0.36857533460932,"+/0","Eukaryota",4.79220970160328
"Naumovozyma dairenensis","Hyaloscypha variabilis",0.187743451554816,5.69460933954602e-05,0.48698303569227,0,4.79077179304785,1.66141003091405e-06,0.0232072072072072,0.36857533460932,"+/+","Eukaryota",4.79077179304785
"Streptococcus anginosus","Streptococcus salivarius",0.523626346140016,0,0.234853598185463,8.98553923489587e-06,-4.78940046043349,1.67280351194352e-06,0.0232072072072072,0.36857533460932,"+/+","Bacteria",4.78940046043349
"Bifidobacterium pseudocatenulatum","Debaryomyces hansenii",0.338042625509783,1.34114941374719e-13,0.0115736609770458,0.829177927408224,-4.7656503493817,1.88245462657106e-06,0.0234594594594595,0.36857533460932,"+/0","Intersect",4.7656503493817
"Pseudobutyrivibrio xylanivorans","Romboutsia ilealis",0.341510836413611,7.28306304154103e-14,0.0168699545583747,0.75314032504457,-4.74637383267053,2.07095801940548e-06,0.0237477477477477,0.36857533460932,"+/0","Bacteria",4.74637383267053
"Fusobacterium periodonticum","Streptococcus sp. I-P16",-0.0205013274616452,0.66307691179548,0.306234285056531,4.92292784315396e-09,4.71778607855162,2.38425001052742e-06,0.0239279279279279,0.36857533460932,"0/+","Bacteria",4.71778607855162
"Streptococcus sp. JS71","Pichia kudriavzevii",0.36365705466857,1.33226762955019e-15,0.0444413749073404,0.407185144977148,-4.71406547649627,2.42822578863011e-06,0.023963963963964,0.36857533460932,"+/0","Intersect",4.71406547649627
"Anaerostipes hadrus","Romboutsia ilealis",0.335893810111884,1.95399252334028e-13,0.0136812829622667,0.798684728368436,-4.70218398904583,2.57393398497311e-06,0.024036036036036,0.36857533460932,"+/0","Bacteria",4.70218398904583
"Streptococcus sp. JS71","Albugo candida",0.387472251863536,0,0.0729860775671885,0.173078794500866,-4.70122392018399,2.58606735744252e-06,0.024036036036036,0.36857533460932,"+/0","Intersect",4.70122392018399
"Streptococcus sp. I-P16","Streptococcus milleri",0.685984106089392,0,0.466430031724117,0,-4.68898951978134,2.7455744803391e-06,0.0241801801801802,0.36857533460932,"+/+","Bacteria",4.68898951978134
"Butyrivibrio proteoclasticus","Romboutsia ilealis",0.332508284471714,3.50830475781549e-13,0.0108830258107154,0.839228492633251,-4.68800460876597,2.75881807098976e-06,0.0241801801801802,0.36857533460932,"+/0","Bacteria",4.68800460876597
"Streptococcus thermophilus","Streptococcus sp. HSISS3",0.369757376648188,4.44089209850063e-16,0.0540494054365191,0.313314445116821,-4.67788883691273,2.89843594417001e-06,0.0242882882882883,0.36857533460932,"+/0","Bacteria",4.67788883691273
"Bifidobacterium pseudocatenulatum","Schizosaccharomyces pombe",-0.0181829128717738,0.699206209260158,0.303989064717948,6.44773634483897e-09,4.65063733176676,3.3091080238591e-06,0.0244324324324324,0.36857533460932,"0/+","Intersect",4.65063733176676
"Lactobacillus ruminis","Bifidobacterium bifidum",0.0157127853702742,0.738459322761327,0.334393266373511,1.36929356742144e-10,4.65005618760363,3.31844610307151e-06,0.0244324324324324,0.36857533460932,"0/+","Bacteria",4.65005618760363
"Streptococcus anginosus","Streptococcus sp. A12",0.462437564721509,0,0.16701447470691,0.00171603631928763,-4.64671192022427,3.37267637645978e-06,0.0244324324324324,0.36857533460932,"+/+","Bacteria",4.64671192022427
"Parvimonas micra","Sphaerulina musiva",0.311997931703405,1.04638520070921e-11,-0.00687923912267286,0.897959124204271,-4.61622552189501,3.90782278808519e-06,0.0248288288288288,0.36857533460932,"+/0","Intersect",4.61622552189501
"Anaerostipes hadrus","Streptococcus sp. A12",0.315272481090358,6.1908256299148e-12,-0.00241600084254562,0.964077330192328,-4.60458067474916,4.13297778988897e-06,0.0248648648648649,0.36857533460932,"+/0","Bacteria",4.60458067474916
"Streptococcus sp. HSISS1","Streptococcus thermophilus",0.384584262034582,0,0.0804224180182704,0.133196160257338,-4.54894313958458,5.39160074393701e-06,0.0254774774774775,0.36857533460932,"+/0","Bacteria",4.54894313958458
"Fusobacterium nucleatum","Pneumocystis murina",-0.0693983801727839,0.139838036698336,0.249458572302103,2.29937514140133e-06,4.54212854696603,5.56890646576229e-06,0.0256576576576577,0.36857533460932,"0/+","Intersect",4.54212854696603
"Fusobacterium nucleatum","Aspergillus rambellii",0.393291180352093,0,0.0924110304854288,0.0842820855394573,-4.52345529399312,6.08381745371531e-06,0.0258018018018018,0.36857533460932,"+/0","Intersect",4.52345529399312
"Roseburia intestinalis","Pseudocercospora musae",0.386701716496965,0,0.0851486103364482,0.111795331030808,-4.51713400159563,6.26822410662535e-06,0.0258378378378378,0.36857533460932,"+/0","Intersect",4.51713400159563
"Gemella morbillorum","Moniliophthora perniciosa",-0.0250441894934835,0.59456265913239,0.289003346619154,3.68472279355103e-08,4.51667462032051,6.2818317595533e-06,0.0258378378378378,0.36857533460932,"0/+","Intersect",4.51667462032051
"Streptococcus milleri","Streptococcus sp. FDAARGOS 192",0.640083521505023,0,0.410182972475326,1.33226762955019e-15,-4.51606081825625,6.30005773954338e-06,0.0258378378378378,0.36857533460932,"+/+","Bacteria",4.51606081825625
"Streptococcus sp. I-G2","Albugo candida",0.370137506842298,4.44089209850063e-16,0.066039338391139,0.21779637364898,-4.51553983577333,6.31556726325227e-06,0.0258378378378378,0.36857533460932,"+/0","Intersect",4.51553983577333
"[Eubacterium] eligens","Streptococcus sp. HSISS1",0.231735375169763,5.97101495358743e-07,-0.0858290600540909,0.108950184103128,-4.51016883449562,6.47760507379291e-06,0.0258378378378378,0.36857533460932,"+/0","Bacteria",4.51016883449562
"Moniliophthora perniciosa","Sphaerulina musiva",0.34529187148385,3.68594044175552e-14,0.0383953945915985,0.473987339130046,-4.50471839299381,6.64610170643224e-06,0.0258378378378378,0.36857533460932,"+/0","Eukaryota",4.50471839299381
"Parvimonas micra","Erysiphe pulchra",0.295360777295601,1.36488154112158e-10,-0.0167863386158541,0.754324530589677,-4.49832027755351,6.84924617301547e-06,0.0259099099099099,0.36857533460932,"+/0","Intersect",4.49832027755351
"Streptococcus sp. I-P16","Streptococcus thermophilus",0.373136489767724,2.22044604925031e-16,0.0709270122336411,0.185554902091964,-4.49549802360205,6.94073029891193e-06,0.0259459459459459,0.36857533460932,"+/0","Bacteria",4.49549802360205
"Streptococcus sp. JS71","Streptococcus sp. I-G2",0.981101634227558,0,0.991308639858081,0,4.48807985190966,7.18679927004199e-06,0.026018018018018,0.36857533460932,"+/+","Bacteria",4.48807985190966
"[Eubacterium] eligens","Streptococcus sp. JS71",0.220650729927126,2.0631412436245e-06,-0.0949591632640663,0.0760335176517473,-4.47547930540281,7.62400836507354e-06,0.0262702702702703,0.36857533460932,"+/0","Bacteria",4.47547930540281
"[Eubacterium] eligens","Clostridium beijerinckii",0.369581572671429,4.44089209850063e-16,0.0697738604942756,0.192824997630751,-4.45398024489478,8.42928596745312e-06,0.0264504504504505,0.36857533460932,"+/0","Bacteria",4.45398024489478
"Romboutsia ilealis","Aspergillus rambellii",-0.0297791491325916,0.526796534538441,0.28025902747215,9.73330731568467e-08,4.44978107184918,8.59578673940717e-06,0.0264504504504505,0.36857533460932,"0/+","Intersect",4.44978107184918
"Moniliophthora perniciosa","Pneumocystis murina",-0.0630081838542486,0.180192173439792,0.24798086160117,2.64972922914275e-06,4.43018768805434,9.41511091153375e-06,0.0267027027027027,0.36857533460932,"0/+","Eukaryota",4.43018768805434
"Romboutsia ilealis","Adlercreutzia equolifaciens",0.284721890707484,6.48136433412105e-10,-0.0227236467547273,0.671817856691879,-4.41882530986103,9.92388189954841e-06,0.0268108108108108,0.36857533460932,"+/0","Bacteria",4.41882530986103
"Anaerostipes hadrus","Pseudobutyrivibrio xylanivorans",0.49082398383853,0,0.218345106954161,3.78759845185428e-05,-4.41444094174996,1.0127135702132e-05,0.0268108108108108,0.36857533460932,"+/+","Bacteria",4.41444094174996
"Romboutsia ilealis","Rhizophagus irregularis",0.281697843472977,9.97372406885688e-10,-0.0254008435995434,0.635797492684544,-4.41029681693403,1.03229025660981e-05,0.0269189189189189,0.36857533460932,"+/0","Intersect",4.41029681693403
"Erysiphe pulchra","Pseudocercospora musae",-0.0909253187358283,0.0528625763049853,0.219194294611023,3.52654798532193e-05,4.39706460792545,1.09724691893951e-05,0.0271351351351351,0.36857533460932,"0/+","Eukaryota",4.39706460792545
"Schizosaccharomyces pombe","Edhazardia aedis",0.360547751981255,2.22044604925031e-15,0.0647709909035988,0.226782343625929,-4.37839497972373,1.19556528469851e-05,0.0271711711711712,0.36857533460932,"+/0","Eukaryota",4.37839497972373
"Parvimonas micra","Dialister pneumosintes",0.350987052201459,1.31006316905768e-14,0.054667225449404,0.307807049756748,-4.36710363978847,1.25904993597883e-05,0.0272432432432432,0.36857533460932,"+/0","Bacteria",4.36710363978847
"Pseudobutyrivibrio xylanivorans","Streptococcus sp. HSISS2",0.262567733498029,1.35385547217481e-08,-0.0418356789116543,0.435263946288881,-4.35137903487823,1.3528395138769e-05,0.0273153153153153,0.36857533460932,"+/0","Bacteria",4.35137903487823
"Pseudobutyrivibrio xylanivorans","Streptococcus sp. FDAARGOS 192",0.285250147632761,6.0080829200615e-10,-0.0157342643033187,0.769272776171097,-4.32896114633,1.49814358847111e-05,0.0275315315315315,0.36857533460932,"+/0","Bacteria",4.32896114633
"Longibaculum sp. KGMB06250","Baudoinia panamericana",0.0206079860257586,0.661432648048891,0.316786684684951,1.34296307408022e-09,4.30566993872359,1.66481128038773e-05,0.027963963963964,0.36857533460932,"0/+","Intersect",4.30566993872359
"Moniliophthora perniciosa","Thielaviopsis punctulata",0.274363915736108,2.7767885768526e-09,-0.0234913901708095,0.661406621188934,-4.27223167303739,1.93526358431818e-05,0.0282162162162162,0.36857533460932,"+/0","Eukaryota",4.27223167303739
"Streptococcus sp. I-G2","Pichia kudriavzevii",0.335610431997291,2.05169214950729e-13,0.0455567960265243,0.395501941938549,-4.25089728841257,2.12915798777413e-05,0.0283603603603604,0.36857533460932,"+/0","Intersect",4.25089728841257
"[Eubacterium] eligens","Streptococcus sp. I-G2",0.21042656506465,6.12622064544155e-06,-0.0896065605054265,0.0941784080039947,-4.24972113686057,2.1403681264344e-05,0.0283603603603604,0.36857533460932,"+/0","Bacteria",4.24972113686057
"Gemella morbillorum","Prevotella intermedia",0.303713474625337,3.83677534188109e-11,0.0109343943570067,0.838480024005961,-4.23859297714024,2.24925028017792e-05,0.0285405405405405,0.36857533460932,"+/0","Bacteria",4.23859297714024
"Butyrivibrio proteoclasticus","Streptococcus sp. HSISS3",0.243732019537017,1.45269801965497e-07,-0.0534103822387774,0.319078381808447,-4.23199346255094,2.31629143083076e-05,0.0286846846846847,0.36857533460932,"+/0","Bacteria",4.23199346255094
"Parvimonas micra","Moniliophthora perniciosa",0.0436543708416506,0.353389968492189,0.33188332400319,1.91322069298394e-10,4.21885494506684,2.45546177266139e-05,0.0288288288288288,0.36857533460932,"0/+","Intersect",4.21885494506684
"Streptococcus milleri","Albugo candida",0.266759937647057,7.77796271833608e-09,-0.022181399096256,0.679209288931012,-4.13897936161858,3.48854327489786e-05,0.0299099099099099,0.36857533460932,"+/0","Intersect",4.13897936161858
"[Candida] arabinofermentans","Hyaloscypha variabilis",0.172547728002418,0.000220640534149386,0.437445132626525,0,4.12803205698623,3.65881115876022e-05,0.0299459459459459,0.36857533460932,"+/+","Eukaryota",4.12803205698623
"Gemella morbillorum","Pichia kudriavzevii",0.274984278706961,2.54937626564811e-09,-0.0110366414071099,0.836990660515029,-4.10715780773204,4.00557571826895e-05,0.0300900900900901,0.36857533460932,"+/0","Intersect",4.10715780773204
"Pseudobutyrivibrio xylanivorans","Streptococcus sp. HSISS1",0.279919320552268,1.28203825333628e-09,-0.00310133634867945,0.953897367009461,-4.07090002027498,4.68318473490363e-05,0.0305585585585586,0.36857533460932,"+/0","Bacteria",4.07090002027498
"Streptococcus anginosus","Streptococcus sp. HSISS3",0.459422240665015,0,0.203639975821237,0.000124850357980932,-4.06187781355109,4.86795557281155e-05,0.0306666666666667,0.36857533460932,"+/+","Bacteria",4.06187781355109
"Anaerostipes hadrus","Streptococcus sp. JS71",0.296204376036569,1.20291332450506e-10,0.0171191707258618,0.749614255402231,-4.03640899525722,5.42755650297579e-05,0.0308468468468468,0.36857533460932,"+/0","Bacteria",4.03640899525722
"Pichia kudriavzevii","Aspergillus ochraceoroseus",0.178335191142556,0.000133437341103715,0.43645187538294,0,4.02721850353904,5.64405772401067e-05,0.030954954954955,0.36857533460932,"+/+","Eukaryota",4.02721850353904
"Streptococcus sp. HSISS3","Albugo candida",0.258497535604652,2.29769563375726e-08,-0.0199909048273285,0.709375508019831,-3.98401057436549,6.77618553216834e-05,0.0314954954954955,0.36857533460932,"+/0","Intersect",3.98401057436549
"Streptococcus thermophilus","Streptococcus sp. HSISS2",0.334092962855432,2.66897615119888e-13,0.0637711296964194,0.234049432299386,-3.97111815225499,7.1536088163027e-05,0.0318918918918919,0.36857533460932,"+/0","Bacteria",3.97111815225499
"Fusobacterium periodonticum","Pneumocystis murina",-0.0537916223355326,0.252697674772948,0.225503755484087,2.05640989339173e-05,3.9671997653743,7.2722035628556e-05,0.031963963963964,0.36857533460932,"0/+","Intersect",3.9671997653743
"Clostridium beijerinckii","Pichia kudriavzevii",0.374811616756441,0,0.111031646472226,0.0378750282887932,-3.95637954093984,7.60942310813574e-05,0.032,0.36857533460932,"+/+","Intersect",3.95637954093984
"Pseudobutyrivibrio xylanivorans","Streptococcus sp. JS71",0.298155254902711,8.96767105018625e-11,0.0274494886650414,0.608796385538346,-3.9216368504177,8.79494745040093e-05,0.0323243243243243,0.36857533460932,"+/0","Bacteria",3.9216368504177
"Fusobacterium periodonticum","Moniliophthora perniciosa",0.0463254746667897,0.324684326173873,0.314521407618353,1.78257808514104e-09,3.90986536505191,9.2347577992334e-05,0.0323963963963964,0.36857533460932,"0/+","Intersect",3.90986536505191
"Pseudobutyrivibrio xylanivorans","Streptococcus sp. A12",0.273526373435437,3.11526648921756e-09,0.00150281201210771,0.977650604023694,-3.90947219762459,9.24979999766744e-05,0.0323963963963964,0.36857533460932,"+/0","Bacteria",3.90947219762459
"Gemella morbillorum","Lactococcus garvieae",0.265515433551946,9.17821929569129e-09,-0.0063127098349931,0.906322261112888,-3.89794820002744,9.70111603922358e-05,0.0326486486486487,0.36857533460932,"+/0","Bacteria",3.89794820002744
"Streptococcus milleri","Colletotrichum fioriniae",0.033991722209928,0.469997491322281,0.302509645144561,7.69272956446798e-09,3.89695718933071,9.74088298219398e-05,0.0326486486486487,0.36857533460932,"0/+","Intersect",3.89695718933071
"[Eubacterium] eligens","Streptococcus sp. HSISS2",0.195690977084596,2.68320150755841e-05,-0.0797570146424895,0.136447211829704,-3.89555455109696,9.79743072505098e-05,0.0326486486486487,0.36857533460932,"+/0","Bacteria",3.89555455109696
"Pseudobutyrivibrio xylanivorans","Streptococcus sp. I-G2",0.284725781327766,6.47774944795287e-10,0.0148711333115801,0.781600814473295,-3.8923378108285,9.92828709331165e-05,0.0326486486486487,0.36857533460932,"+/0","Bacteria",3.8923378108285
"Pseudobutyrivibrio xylanivorans","Streptococcus salivarius",0.27337107263539,3.18228421392064e-09,0.0037076497881547,0.944897382661852,-3.87624487221983,0.000106080928412673,0.0326846846846847,0.36857533460932,"+/0","Bacteria",3.87624487221983
"Anaerostipes hadrus","Aspergillus rambellii",-0.0641452237722212,0.172442485890633,0.208197412189616,8.70298357316113e-05,3.8583739346937,0.000114143918060606,0.032972972972973,0.36857533460932,"0/+","Intersect",3.8583739346937
"[Eubacterium] eligens","Streptococcus equinus",0.180230129675326,0.000112789446020001,-0.0929328319999526,0.0825366995693979,-3.8570090954603,0.000114782892858697,0.033009009009009,0.36857533460932,"+/0","Bacteria",3.8570090954603
"Streptococcus sp. FDAARGOS 192","Streptococcus thermophilus",0.343828084259696,4.81836792687318e-14,0.0839556327002179,0.116923992484898,-3.84092360317501,0.000122572260183957,0.0332252252252252,0.36857533460932,"+/0","Bacteria",3.84092360317501
"Clostridium beijerinckii","Albugo candida",0.275267418700906,2.45169307078186e-09,0.00903585446446834,0.866233941359048,-3.83034300563435,0.000127964756229657,0.0333333333333333,0.36857533460932,"+/0","Intersect",3.83034300563435
"Aspergillus rambellii","Phytopythium vexans",-0.0726910975541374,0.121953451439277,0.194585259152314,0.000249862193783201,3.77992744050905,0.000156874068344992,0.0341261261261261,0.36857533460932,"0/+","Eukaryota",3.77992744050905
"Fusobacterium nucleatum","Trichoderma atroviride",-0.00961580509619935,0.838098359838879,0.253016762877236,1.62822720284339e-06,3.75655987104169,0.000172265073102753,0.0344144144144144,0.36857533460932,"0/+","Intersect",3.75655987104169
"Fusobacterium periodonticum","Streptococcus milleri",0.0195893070662584,0.677202168295846,0.280135110883526,9.86586230489195e-08,3.75638445860926,0.000172385803789844,0.0344144144144144,0.36857533460932,"0/+","Bacteria",3.75638445860926
"Sphaerulina musiva","Trichoderma atroviride",-0.0934812445863733,0.0465138153592992,0.172246610882404,0.00121590002061622,3.74937073780247,0.00017727884461832,0.0345225225225225,0.36857533460932,"-/+","Eukaryota",3.74937073780247
"Blautia sp. SC05B48","Romboutsia ilealis",0.256370216479494,3.01860620943728e-08,-0.00415006019713869,0.938334690177383,-3.7302332970899,0.000191302550598717,0.0348468468468468,0.36857533460932,"+/0","Bacteria",3.7302332970899
"Rhizophagus irregularis","Erysiphe pulchra",-0.0889683706734217,0.0581977603712263,0.174873038125603,0.00101902281277333,3.72356488584758,0.000196429347234262,0.034990990990991,0.36857533460932,"0/+","Eukaryota",3.72356488584758
"Streptococcus sp. A12","Pichia kudriavzevii",0.273662917907179,3.05747582807214e-09,0.0151773660122652,0.777220480906413,-3.72002455564242,0.000199203409221738,0.034990990990991,0.36857533460932,"+/0","Intersect",3.72002455564242
"Clostridium beijerinckii","Pneumocystis murina",0.297894049729846,9.32853794211042e-11,0.0419936273592194,0.433530858820545,-3.71369705038093,0.00020425328798153,0.0350630630630631,0.36857533460932,"+/0","Intersect",3.71369705038093
"Streptococcus sp. A12","Albugo candida",0.289867605759023,3.07574632429919e-10,0.0332256734884746,0.535558787288362,-3.71362947242518,0.00020430786420666,0.0350630630630631,0.36857533460932,"+/0","Intersect",3.71362947242518
"Fusobacterium nucleatum","Sphaerulina musiva",0.267543112965833,7.00541713527514e-09,0.00928190827823957,0.862626953970513,-3.71012354797788,0.00020715812670229,0.0350990990990991,0.36857533460932,"+/0","Intersect",3.71012354797788
"Phytopythium vexans","Thielaviopsis punctulata",-0.10699260515046,0.0226086184441781,0.155512381349742,0.00353724757887464,3.69968738231188,0.000215865208262652,0.0353153153153153,0.36857533460932,"-/+","Eukaryota",3.69968738231188
"Fusobacterium nucleatum","Streptococcus equinus",-0.0312505501652108,0.506568281558418,0.228541658042363,1.57732350811735e-05,3.69580425016235,0.000219191812086919,0.0353153153153153,0.36857533460932,"0/+","Bacteria",3.69580425016235
"Erysiphe pulchra","Albugo candida",-0.0657378245498002,0.16200936016445,0.195294669572227,0.000236904736306442,3.69241181011216,0.000222137382134052,0.0354234234234234,0.36857533460932,"0/+","Eukaryota",3.69241181011216
"Streptococcus sp. HSISS3","Schizosaccharomyces pombe",0.236677274345999,3.36603521944312e-07,-0.0213803746219451,0.69018437811995,-3.67793457063027,0.000235130252728198,0.0357117117117117,0.36857533460932,"+/0","Intersect",3.67793457063027
"Streptococcus sp. I-G2","Streptococcus sp. HSISS1",0.668455619053196,0,0.497600880368753,0,-3.66671309554152,0.000245688186874215,0.0357117117117117,0.36857533460932,"+/+","Bacteria",3.66671309554152
"Butyrivibrio proteoclasticus","Prevotella intermedia",0.0019595490614367,0.966787607914876,0.257613417142953,1.03450435462449e-06,3.66331496432594,0.000248972086499054,0.0357477477477477,0.36857533460932,"0/+","Bacteria",3.66331496432594
"Cordyceps sp. RAO-2017","Thielaviopsis punctulata",-0.0603302676582037,0.199457446209717,0.198433482066237,0.000186754801206224,3.66211033572256,0.000250146071570285,0.0357477477477477,0.36857533460932,"0/+","Eukaryota",3.66211033572256
"Parvimonas micra","Phytopythium vexans",-0.00621864221407268,0.894874886720468,0.248371866936922,2.5523590079235e-06,3.63957361480727,0.000273089860572177,0.0360720720720721,0.36857533460932,"0/+","Intersect",3.63957361480727
"Fusobacterium periodonticum","Streptococcus salivarius",-0.0184527778977065,0.694963711528959,0.236578080853293,7.68397242012497e-06,3.63544876156492,0.000277497147174101,0.0360720720720721,0.36857533460932,"0/+","Bacteria",3.63544876156492
"Streptococcus sp. HSISS2","Albugo candida",0.238449708172907,2.73208945689163e-07,-0.0154281249766221,0.773638877025309,-3.62085662295085,0.000293629210331172,0.0361081081081081,0.36857533460932,"+/0","Intersect",3.62085662295085
"Parvimonas micra","Streptococcus sp. I-G2",-0.0250952084175242,0.593811784602965,0.229267295756833,1.47970064943159e-05,3.62025991785057,0.000294307223040617,0.0361081081081081,0.36857533460932,"0/+","Bacteria",3.62025991785057
"Anaerostipes hadrus","Clostridium beijerinckii",0.380102098669931,0,0.142028822699743,0.00778826270265887,-3.60159219686924,0.000316274218222672,0.0363963963963964,0.36857533460932,"+/+","Bacteria",3.60159219686924
"Lactobacillus ruminis","Bifidobacterium longum",-0.0311583346674302,0.507823960439342,0.221885704018503,2.80706611763826e-05,3.59632095499133,0.000322749547965369,0.0364324324324324,0.36857533460932,"0/+","Bacteria",3.59632095499133
"Prevotella intermedia","Thielaviopsis punctulata",-0.0392948362272311,0.403559862734842,0.214056222944279,5.40951578904547e-05,3.59529274928991,0.000324026998393557,0.0364324324324324,0.36857533460932,"0/+","Intersect",3.59529274928991
"Anaerostipes hadrus","Streptococcus sp. I-G2",0.267381617456095,7.15837278342235e-09,0.017547583771304,0.743564991032005,-3.59191384823771,0.000328258376712029,0.0364684684684685,0.36857533460932,"+/0","Bacteria",3.59191384823771
"Porphyromonas asaccharolytica","Debaryomyces hansenii",-0.0177386624475736,0.706210564838456,0.23348046211997,1.01692672855869e-05,3.57952967386961,0.000344213162286196,0.0365405405405405,0.36857533460932,"0/+","Intersect",3.57952967386961
"Parvimonas micra","Pneumocystis murina",-0.052248498607787,0.266584255265006,0.20035571460256,0.000161146121461897,3.57660649629972,0.000348083546380347,0.0366486486486486,0.36857533460932,"0/+","Intersect",3.57660649629972
"Butyrivibrio proteoclasticus","Streptococcus sp. FDAARGOS 192",0.220310790680794,2.14097924744472e-06,-0.0295615784049208,0.581504428898312,-3.5507507458558,0.000384134025897818,0.0371531531531532,0.36857533460932,"+/0","Bacteria",3.5507507458558
"Pseudobutyrivibrio xylanivorans","Streptococcus thermophilus",0.283275314891499,7.97060417667694e-10,0.0383595502840964,0.474400480062597,-3.54106370557608,0.000398517344277207,0.0371531531531532,0.36857533460932,"+/0","Bacteria",3.54106370557608
"[Eubacterium] eligens","Pichia kudriavzevii",0.237551596602145,3.03741357843279e-07,-0.00910031942577354,0.865288655980158,-3.51889617631824,0.000433346259828254,0.0373333333333333,0.36857533460932,"+/0","Intersect",3.51889617631824
"Fusobacterium nucleatum","Edhazardia aedis",0.0248879712633072,0.596864496326063,0.26680062038317,4.07026973014979e-07,3.48031114559756,0.000500831774948475,0.0381261261261261,0.36857533460932,"0/+","Intersect",3.48031114559756
"Blautia sp. SC05B48","Streptococcus sp. HSISS3",0.22419920679223,1.39674631904896e-06,-0.0203557233278327,0.704318294322569,-3.47903386433938,0.000503224991054642,0.0382342342342342,0.36857533460932,"+/0","Bacteria",3.47903386433938
"Fusobacterium nucleatum","Streptococcus salivarius",-0.0233765674925762,0.619340162612412,0.220736719207365,3.09533197970779e-05,3.47034454798874,0.000519791125018732,0.0383783783783784,0.36857533460932,"0/+","Bacteria",3.47034454798874
"Streptococcus sp. I-P16","Pichia kudriavzevii",0.281479559480895,1.02868469298301e-09,0.0418575102926005,0.435024164912234,-3.46467266873694,0.000530877215676049,0.0384864864864865,0.36857533460932,"+/0","Intersect",3.46467266873694
"Naumovozyma dairenensis","Choanephora cucurbitarum",0.0463851535023463,0.32406075028544,0.28512333792245,5.69342561984598e-08,3.4566241793663,0.000546987119256138,0.0385945945945946,0.36857533460932,"0/+","Eukaryota",3.4566241793663
"Prevotella intermedia","Trichoderma atroviride",-0.027504992754257,0.558849376223796,0.215241411640608,4.90557353112209e-05,3.44740068022102,0.000566008472364699,0.0387747747747748,0.36857533460932,"0/+","Intersect",3.44740068022102
"Parvimonas micra","Streptococcus sp. JS71",-0.0231961132773575,0.622048074527909,0.219191699673127,3.52731913770832e-05,3.44507957747367,0.000570891293966939,0.0388468468468468,0.36857533460932,"0/+","Bacteria",3.44507957747367
"Pseudobutyrivibrio xylanivorans","Pichia kudriavzevii",0.334157786502718,2.64011035255862e-13,0.101325512506651,0.0582619249536078,-3.44255644197237,0.000576243602340819,0.0388828828828829,0.36857533460932,"+/0","Intersect",3.44255644197237
"Streptococcus sp. A12","Streptococcus sp. HSISS1",0.505533974400284,0,0.301849561505297,8.32054825039563e-09,-3.43320101259258,0.000596499685803552,0.039027027027027,0.36857533460932,"+/+","Bacteria",3.43320101259258
"Streptococcus milleri","Trichoderma atroviride",-0.0331005616495712,0.481724723763465,0.208431726993162,8.54118538147208e-05,3.42598953700831,0.000612563978442605,0.0391351351351351,0.36857533460932,"0/+","Intersect",3.42598953700831
"Anaerostipes hadrus","Pneumocystis murina",0.229042895551309,8.11637814068789e-07,-0.010575355778172,0.843714426345969,-3.41353921230151,0.000641249299038069,0.0394234234234234,0.36857533460932,"+/0","Intersect",3.41353921230151
"Streptococcus anginosus","Albugo candida",0.196998745931903,2.36373782676047e-05,-0.0430263140033668,0.42229805079398,-3.3982216226118,0.000678254507156856,0.0396036036036036,0.36857533460932,"+/0","Intersect",3.3982216226118
"[Eubacterium] eligens","Schizosaccharomyces pombe",0.172564551399577,0.000220323267848599,-0.0667743411274498,0.212707175987129,-3.37751666433297,0.000731435210187106,0.0401441441441441,0.36857533460932,"+/0","Intersect",3.37751666433297
"Sphaerulina musiva","Colletotrichum fioriniae",-0.0977599496039566,0.0373200360910768,0.141817893047176,0.00788110852873047,3.37290786466966,0.000743788367149491,0.0402522522522522,0.36857533460932,"-/+","Eukaryota",3.37290786466966
"Fusobacterium periodonticum","Edhazardia aedis",-0.0681832479799917,0.146923987613172,0.168413938349355,0.00156646195197485,3.33747193687676,0.000845442590354128,0.0408288288288288,0.36857533460932,"0/+","Intersect",3.33747193687676
"Fusobacterium periodonticum","Aspergillus rambellii",0.0379799104218223,0.419488597660972,0.268485061105699,3.41729814667957e-07,3.32219688923791,0.000893116487144189,0.0413333333333333,0.36857533460932,"0/+","Intersect",3.32219688923791
"Anaerostipes hadrus","Streptococcus thermophilus",0.231094171140545,6.42604454759166e-07,-0.00171178766967181,0.974543763091149,-3.31973999601436,0.00090101321426241,0.0414774774774775,0.36857533460932,"+/0","Bacteria",3.31973999601436
"Aspergillus ochraceoroseus","Thielaviopsis punctulata",0.224337980109291,1.37542090117293e-06,-0.00799383261573828,0.881539188907198,-3.30792746508488,0.000939891499393872,0.0415495495495495,0.36857533460932,"+/0","Eukaryota",3.30792746508488
"Colletotrichum fioriniae","Baudoinia panamericana",0.0798567273478036,0.0892149152778621,0.305681895997724,5.26194332550745e-09,3.30141248749442,0.000961993395829886,0.0415495495495495,0.36857533460932,"0/+","Eukaryota",3.30141248749442
"Streptococcus salivarius","Streptococcus thermophilus",0.357377155475139,3.99680288865056e-15,0.138012321736543,0.00973452243046147,-3.2906144673911,0.00099968819822443,0.0417297297297297,0.36857533460932,"+/+","Bacteria",3.2906144673911
"Aspergillus rambellii","Aspergillus ochraceoroseus",0.209637672592536,6.64839547859231e-06,-0.0219301519357706,0.682644557266515,-3.28709885034716,0.00101225294447915,0.0418738738738739,0.36857533460932,"+/0","Eukaryota",3.28709885034716
"Fusobacterium periodonticum","Streptococcus equinus",-0.024624290254992,0.600758910880029,0.207048260855876,9.53909751972848e-05,3.28694044602876,0.00101282250531156,0.0418738738738739,0.36857533460932,"0/+","Bacteria",3.28694044602876
"Parvimonas micra","Streptococcus sp. I-P16",-0.0263121502182666,0.576031039373623,0.205428421991254,0.000108466407799934,3.28690063520386,0.00101296569632032,0.0418738738738739,0.36857533460932,"0/+","Bacteria",3.28690063520386
"Anaerostipes hadrus","Streptococcus sp. HSISS3",0.217617242075783,2.86518953918069e-06,-0.0133953742597087,0.802804493722324,-3.28463004329716,0.00102116360963261,0.042018018018018,0.36857533460932,"+/0","Bacteria",3.28463004329716
"Streptococcus sp. FDAARGOS 192","Schizosaccharomyces pombe",0.235393961512643,3.91102016106259e-07,0.00575935111704168,0.914500977258812,-3.27879198748939,0.00104252450727854,0.0420900900900901,0.36857533460932,"+/0","Intersect",3.27879198748939
"Gemella morbillorum","Streptococcus anginosus",0.285632412964715,5.68673552692189e-10,0.0599733784382885,0.263143155666834,-3.27355341538971,0.00106204315363504,0.0421621621621622,0.36857533460932,"+/0","Bacteria",3.27355341538971
"Streptococcus sp. HSISS2","Choanephora cucurbitarum",0.00979630708265897,0.835102339459967,0.237335889440365,7.17066522870624e-06,3.25105899641783,0.00114975996330823,0.0425225225225225,0.36857533460932,"0/+","Intersect",3.25105899641783
"Moniliophthora perniciosa","Phytopythium vexans",-0.0130822459844583,0.781019674300069,0.215410442853747,4.837420535031e-05,3.24782025909347,0.00116292708176796,0.0425945945945946,0.36857533460932,"0/+","Eukaryota",3.24782025909347
"Butyrivibrio proteoclasticus","Streptococcus sp. HSISS2",0.184917525679103,7.38714445611688e-05,-0.0443168234055631,0.408502327768808,-3.24073786065855,0.00119220762194185,0.0428468468468468,0.36857533460932,"+/0","Bacteria",3.24073786065855
"Butyrivibrio proteoclasticus","Streptococcus salivarius",0.209194696346468,6.95993536803385e-06,-0.0180697695026318,0.736212930826755,-3.22652845949183,0.00125301770234979,0.0433513513513514,0.36857533460932,"+/0","Bacteria",3.22652845949183
"Streptococcus sp. HSISS3","Choanephora cucurbitarum",0.0113416039079052,0.809554938783427,0.236697316012575,7.60095183727216e-06,3.21994142635847,0.00128216791453744,0.0434234234234234,0.36857533460932,"0/+","Intersect",3.21994142635847
"Trichoderma atroviride","Aspergillus ochraceoroseus",-0.0319493973275076,0.497105366428746,0.195239304803424,0.000237892943221407,3.21725598179592,0.00129423068896207,0.0434234234234234,0.36857533460932,"0/+","Eukaryota",3.21725598179592
"Bifidobacterium catenulatum","Pneumocystis murina",0.141154799776859,0.00257454766250031,-0.087103999533798,0.103773106662149,-3.2129190833651,0.00131393301630087,0.0434954954954955,0.36857533460932,"+/0","Intersect",3.2129190833651
"Streptococcus salivarius","Streptococcus sp. A12",0.495295421325697,0,0.303743758013275,6.63972921088885e-09,-3.21271208072402,0.00131488030463024,0.0434954954954955,0.36857533460932,"+/+","Bacteria",3.21271208072402
"Streptococcus sp. I-P16","Albugo candida",0.290135767700183,2.95733215693872e-10,0.0692740252979142,0.196040168494164,-3.21152417159428,0.00132032862718886,0.0434954954954955,0.36857533460932,"+/0","Intersect",3.21152417159428
"Anaerostipes hadrus","[Eubacterium] eligens",0.295428842168974,1.35106148491104e-10,0.0750512380305499,0.161203941102266,-3.21127062610112,0.00132149420310413,0.0434954954954955,0.36857533460932,"+/0","Bacteria",3.21127062610112
"Streptococcus anginosus","Streptococcus thermophilus",0.306504104289837,2.48809861602695e-11,0.0876060735261726,0.101788579052302,-3.20482851498071,0.00135142970917388,0.0436036036036036,0.36857533460932,"+/0","Bacteria",3.20482851498071
"Pseudobutyrivibrio xylanivorans","Streptococcus sp. I-P16",0.237922221445961,2.90763239707559e-07,0.0137949976922176,0.797047713319415,-3.20375592164912,0.00135647421376453,0.0436396396396396,0.36857533460932,"+/0","Bacteria",3.20375592164912
"Streptococcus anginosus","Colletotrichum fioriniae",0.0455847342721038,0.332488958708238,0.267557779193622,3.76315514305503e-07,3.20152163720405,0.00136703807959839,0.0436756756756757,0.36857533460932,"0/+","Intersect",3.20152163720405
"Streptococcus equinus","Streptococcus sp. HSISS3",0.582786452554268,0,0.412838767765184,8.88178419700125e-16,-3.1879165895286,0.00143301867544622,0.0441081081081081,0.36857533460932,"+/+","Bacteria",3.1879165895286
"Romboutsia ilealis","Aspergillus ochraceoroseus",0.215448594434964,3.61308727159226e-06,-0.00814657011771153,0.879292878329075,-3.17925348790787,0.00147654902807165,0.0444684684684685,0.36857533460932,"+/0","Intersect",3.17925348790787
"[Eubacterium] eligens","Streptococcus sp. I-P16",0.137908868195412,0.00323536981514172,-0.0876101485070825,0.101772595992073,-3.17370311745029,0.00150507551624587,0.0446846846846847,0.36857533460932,"+/0","Bacteria",3.17370311745029
"Streptococcus sp. FDAARGOS 192","Albugo candida",0.241387728995625,1.92621019579065e-07,0.019835028343714,0.71154021973213,-3.17063542645801,0.00152105912419337,0.0447567567567568,0.36857533460932,"+/0","Intersect",3.17063542645801
"Leucoagaricus sp. SymC.cos","Edhazardia aedis",0.358504541761664,3.10862446895044e-15,0.147906247316813,0.0055638112973142,-3.16727598213013,0.00153874212253371,0.0447927927927928,0.36857533460932,"+/+","Eukaryota",3.16727598213013
"Streptococcus sp. A12","Naumovozyma dairenensis",0.111348075657346,0.0176266821145505,0.325517191015426,4.40905978393857e-10,3.16481877233012,0.00155179573193099,0.0447927927927928,0.36857533460932,"+/+","Intersect",3.16481877233012
"Fusobacterium periodonticum","Streptococcus sp. A12",-0.0227111469584954,0.629350748938005,0.198171070938671,0.000190532547787559,3.13049502681571,0.00174511954134651,0.0456936936936937,0.36857533460932,"0/+","Bacteria",3.13049502681571
"Streptococcus sp. HSISS1","Albugo candida",0.236997292326369,3.24196955059364e-07,0.0180496431651509,0.736495857313782,-3.13043203943954,0.00174549381876748,0.0456936936936937,0.36857533460932,"+/0","Intersect",3.13043203943954
"Erysiphe pulchra","Phytopythium vexans",-0.123973191983486,0.00818219745561022,0.0982712407280758,0.0663048926992293,3.12574034783102,0.00177358072697492,0.0456936936936937,0.36857533460932,"-/0","Eukaryota",3.12574034783102
"Phytophthora capsici","Choanephora cucurbitarum",0.152277862394222,0.00113519324614098,-0.0688461769030824,0.198823210427352,-3.11486115816356,0.00184031511441593,0.0459459459459459,0.36857533460932,"+/0","Eukaryota",3.11486115816356
"Gemella morbillorum","Cordyceps sp. RAO-2017",0.0419147782720143,0.372918822050857,0.258374389526758,9.58863276334654e-07,3.11485509973565,0.0018403529119434,0.0459459459459459,0.36857533460932,"0/+","Intersect",3.11485509973565
"Pseudobutyrivibrio xylanivorans","Albugo candida",0.292196215609638,2.18420836972655e-10,0.080451695480549,0.133054498538676,-3.08563567025997,0.00203117535860348,0.0467027027027027,0.36857533460932,"+/0","Intersect",3.08563567025997
"Butyrivibrio proteoclasticus","Streptococcus sp. HSISS1",0.203699852514116,1.21839573679061e-05,-0.013744938696159,0.797768243789128,-3.08557259879241,0.00203160620687046,0.0467387387387387,0.36857533460932,"+/0","Bacteria",3.08557259879241
"Pseudobutyrivibrio xylanivorans","Blautia sp. SC05B48",0.554927390820251,0,0.384592454533627,8.77076189453874e-14,-3.08136840757331,0.00206051532226769,0.0467747747747748,0.36857533460932,"+/+","Bacteria",3.08136840757331
"Streptococcus anginosus","Trichoderma atroviride",-0.0428811661235452,0.36198914278543,0.174831635206254,0.00102188393689095,3.07462787507892,0.00210765347059969,0.046954954954955,0.36857533460932,"0/+","Intersect",3.07462787507892
"Prevotella intermedia","Pichia kudriavzevii",-0.0398634411908007,0.39678523255946,0.176630789048887,0.000904150879515342,3.0582934048588,0.00222601509219224,0.0472432432432432,0.36857533460932,"0/+","Intersect",3.0582934048588
"Anaerostipes hadrus","Butyrivibrio proteoclasticus",0.424988999970794,0,0.231150936625815,1.25235391834622e-05,-3.05791065226245,0.00222886020724681,0.0472432432432432,0.36857533460932,"+/+","Bacteria",3.05791065226245
"Blautia sp. SC05B48","Baudoinia panamericana",0.225113072572414,1.26193354876847e-06,0.419520988999901,2.22044604925031e-16,3.05391720457792,0.0022587440942038,0.0474234234234234,0.36857533460932,"+/+","Intersect",3.05391720457792
"Rhizophagus clarus","Schizosaccharomyces pombe",0.315454253400172,6.01185767834522e-12,0.108490903082463,0.0425185287519125,-3.0482655819067,0.00230166411241649,0.0474954954954955,0.36857533460932,"+/+","Eukaryota",3.0482655819067
"Pichia kudriavzevii","Schizosaccharomyces pombe",0.222686762186096,1.65068798096968e-06,0.00900399591167454,0.866701171374293,-3.04554479237879,0.00232259179854475,0.0475675675675676,0.36857533460932,"+/0","Eukaryota",3.04554479237879
"Butyrivibrio proteoclasticus","Streptococcus sp. A12",0.205800841376988,9.85310997414501e-06,-0.00827543516043512,0.877398411371599,-3.03967794568101,0.00236831249616794,0.0477117117117117,0.36857533460932,"+/0","Bacteria",3.03967794568101
"Gemella morbillorum","Pneumocystis murina",-0.0389373423519002,0.407854339810048,0.175290968459148,0.000990552537350364,3.02594183913866,0.00247859974694193,0.048,0.36857533460932,"0/+","Intersect",3.02594183913866
"Lipomyces starkeyi","Edhazardia aedis",0.222900946797431,1.61221129579836e-06,0.0115848198995533,0.829015759266418,-3.01255522464036,0.00259058295869078,0.0483963963963964,0.36857533460932,"+/0","Eukaryota",3.01255522464036
"Fusobacterium nucleatum","Prevotella intermedia",0.272143725199095,3.76346642738667e-09,0.0647776452659056,0.226734521956153,-3.0011806709512,0.00268934946823792,0.0486486486486487,0.36857533460932,"+/0","Bacteria",3.0011806709512
"Erysiphe pulchra","Baudoinia panamericana",-0.0693810429621785,0.139937260256787,0.143621115628775,0.00711828907185774,2.99844459974244,0.00271361486960648,0.0487567567567568,0.36857533460932,"0/+","Eukaryota",2.99844459974244
"Streptococcus milleri","Pichia kudriavzevii",0.247670196502739,8.98471073096374e-08,0.0390604825763595,0.46635737547569,-2.99473571751076,0.00274682725154842,0.0489009009009009,0.36857533460932,"+/0","Intersect",2.99473571751076
"Streptococcus thermophilus","Albugo candida",0.197173348187283,2.32392184154051e-05,-0.0140514150405709,0.793359650147145,-2.99464230117381,0.00274766855216014,0.0489369369369369,0.36857533460932,"+/0","Intersect",2.99464230117381
"Naumovozyma dairenensis","[Candida] arabinofermentans",0.204221253582624,1.15609055160171e-05,0.397315432040149,1.11022302462516e-14,2.98737849180934,0.00281381123015877,0.0491891891891892,0.36857533460932,"+/+","Eukaryota",2.98737849180934
"Streptococcus salivarius","Streptococcus sp. I-G2",0.634816653380467,0,0.490171500284455,0,-2.98504896760534,0.00283532931074565,0.0492612612612613,0.36857533460932,"+/+","Bacteria",2.98504896760534
"Butyrivibrio proteoclasticus","Dialister pneumosintes",-0.0245197783747178,0.602305650645782,0.185209026899928,0.000496335086920041,2.96738940045466,0.003003403149342,0.0497297297297297,0.36857533460932,"0/+","Bacteria",2.96738940045466
"Parvimonas micra","Lactococcus garvieae",0.202233314276686,1.41122226051671e-05,-0.00669989215318978,0.900605478342915,-2.96548339304173,0.00302207661100499,0.0498018018018018,0.36857533460932,"+/0","Bacteria",2.96548339304173
"Streptococcus thermophilus","Rhizophagus clarus",0.169086228164139,0.000295829282727311,-0.0405285904906707,0.449757902415393,-2.95871454088891,0.00308925120736864,0.049981981981982,0.36857533460932,"+/0","Intersect",2.95871454088891
