"Gene1","Gene2","CRC_cor","CRC_pVal","adenoma_cor","adenoma_pVal","zScoreDiff","pValDiff","empPVals","pValDiff_adj","Classes"
"Streptococcus salivarius","Streptococcus equinus",0.600118225712901,0,0.92651176441557,0,13.1614825657486,1.4618886810547e-39,0.000347222222222222,0.103107750758366,"+/+"
"Fusobacterium periodonticum","Prevotella intermedia",0.723985112675587,0,0.0347620744715565,0.516850209854284,-12.3402173145604,5.50072140771321e-35,0.000446428571428571,0.103107750758366,"+/0"
"Fusobacterium nucleatum","Fusobacterium periodonticum",0.239842301673416,2.31628590086075e-07,0.799298887426295,0,11.9322474011897,8.03738528141005e-33,0.000496031746031746,0.103107750758366,"+/+"
"Romboutsia ilealis","Clostridium beijerinckii",0.557451083681072,0,0.0606102835086399,0.25809794504483,-7.96046242244819,1.71397503992032e-15,0.00238095238095238,0.314947311407374,"+/0"
"Porphyromonas asaccharolytica","Prevotella intermedia",0.101628230524607,0.0303831354684174,0.5637919215316,0,7.51165856128132,5.83828997147987e-14,0.00307539682539683,0.364886873517108,"+/+"
"Streptococcus salivarius","Streptococcus milleri",0.68296440386617,0,0.30113889325365,9.05188812794222e-09,-7.33636981077312,2.19465087765078e-13,0.00327380952380952,0.364886873517108,"+/+"
"Gemella morbillorum","Dialister pneumosintes",0.542406907876547,0,0.129383680712773,0.0154320877170897,-6.68615307378514,2.29113377412511e-11,0.00515873015873016,0.364886873517108,"+/+"
"Parvimonas micra","Romboutsia ilealis",0.0497460754599983,0.290198519895013,0.47672721995692,0,6.56721204312535,5.12660203044279e-11,0.00540674603174603,0.364886873517108,"0/+"
"Butyrivibrio proteoclasticus","Clostridium beijerinckii",0.598981169257536,0,0.243646771015309,3.99603016099093e-06,-6.20249528736998,5.55748495521706e-10,0.00679563492063492,0.364886873517108,"+/+"
"Bifidobacterium bifidum","Bifidobacterium adolescentis",0.0946071469010545,0.0439272492111353,0.481790328485814,0,6.02762583429126,1.66385697039214e-09,0.00744047619047619,0.364886873517108,"+/+"
"Clostridium beijerinckii","Adlercreutzia equolifaciens",0.451677730808162,0,0.0609274367583433,0.255610700768917,-5.96293804474942,2.47742375994018e-09,0.00768849206349206,0.364886873517108,"+/0"
"Fusobacterium nucleatum","Parvimonas micra",0.60618326986055,0,0.291952615319664,2.6354060489453e-08,-5.63192122461247,1.78213086741707e-08,0.00887896825396825,0.364886873517108,"+/+"
"Pseudobutyrivibrio xylanivorans","Clostridium beijerinckii",0.570816219754044,0,0.248222167759632,2.58922687579322e-06,-5.53458903671062,3.11958930244548e-08,0.00942460317460317,0.364886873517108,"+/+"
"[Eubacterium] eligens","Streptococcus salivarius",0.281383756863219,1.04272723788768e-09,-0.0986170355098717,0.0653508788769679,-5.43526473682159,5.47151342800347e-08,0.0103174603174603,0.364886873517108,"+/0"
"Romboutsia ilealis","Fusobacterium periodonticum",-0.0107541674926725,0.819244401999697,0.354117963455789,8.87800943871753e-12,5.33410195483799,9.60185649992407e-08,0.0106646825396825,0.364886873517108,"0/+"
"Parvimonas micra","Gemella morbillorum",0.409160543828703,0,0.66270996057151,0,5.0838359135215,3.69887514762924e-07,0.0117559523809524,0.364886873517108,"+/+"
"Romboutsia ilealis","[Eubacterium] eligens",0.305812669343651,2.77116107838538e-11,-0.0415242101824915,0.438693172264422,-5.00597012428671,5.55813780690347e-07,0.012202380952381,0.364886873517108,"+/0"
"Streptococcus anginosus","Streptococcus salivarius",0.523626346140016,0,0.234853598185463,8.98553923489587e-06,-4.78940046043349,1.67280351194352e-06,0.013343253968254,0.364886873517108,"+/+"
"Pseudobutyrivibrio xylanivorans","Romboutsia ilealis",0.341510836413611,7.28306304154103e-14,0.0168699545583747,0.75314032504457,-4.74637383267053,2.07095801940548e-06,0.0137400793650794,0.364886873517108,"+/0"
"Anaerostipes hadrus","Romboutsia ilealis",0.335893810111884,1.95399252334028e-13,0.0136812829622667,0.798684728368436,-4.70218398904583,2.57393398497311e-06,0.0140376984126984,0.364886873517108,"+/0"
"Butyrivibrio proteoclasticus","Romboutsia ilealis",0.332508284471714,3.50830475781549e-13,0.0108830258107154,0.839228492633251,-4.68800460876597,2.75881807098976e-06,0.0142361111111111,0.364886873517108,"+/0"
"Lactobacillus ruminis","Bifidobacterium bifidum",0.0157127853702742,0.738459322761327,0.334393266373511,1.36929356742144e-10,4.65005618760363,3.31844610307151e-06,0.014484126984127,0.364886873517108,"0/+"
"[Eubacterium] eligens","Clostridium beijerinckii",0.369581572671429,4.44089209850063e-16,0.0697738604942756,0.192824997630751,-4.45398024489478,8.42928596745312e-06,0.0161210317460317,0.364886873517108,"+/0"
"Romboutsia ilealis","Adlercreutzia equolifaciens",0.284721890707484,6.48136433412105e-10,-0.0227236467547273,0.671817856691879,-4.41882530986103,9.92388189954841e-06,0.0165674603174603,0.364886873517108,"+/0"
"Anaerostipes hadrus","Pseudobutyrivibrio xylanivorans",0.49082398383853,0,0.218345106954161,3.78759845185428e-05,-4.41444094174996,1.0127135702132e-05,0.0165674603174603,0.364886873517108,"+/+"
"Parvimonas micra","Dialister pneumosintes",0.350987052201459,1.31006316905768e-14,0.054667225449404,0.307807049756748,-4.36710363978847,1.25904993597883e-05,0.0170634920634921,0.364886873517108,"+/0"
"Gemella morbillorum","Prevotella intermedia",0.303713474625337,3.83677534188109e-11,0.0109343943570067,0.838480024005961,-4.23859297714024,2.24925028017792e-05,0.0183531746031746,0.364886873517108,"+/0"
"Gemella morbillorum","Lactococcus garvieae",0.265515433551946,9.17821929569129e-09,-0.0063127098349931,0.906322261112888,-3.89794820002744,9.70111603922358e-05,0.0214781746031746,0.364886873517108,"+/0"
"Pseudobutyrivibrio xylanivorans","Streptococcus salivarius",0.27337107263539,3.18228421392064e-09,0.0037076497881547,0.944897382661852,-3.87624487221983,0.000106080928412673,0.0215277777777778,0.364886873517108,"+/0"
"[Eubacterium] eligens","Streptococcus equinus",0.180230129675326,0.000112789446020001,-0.0929328319999526,0.0825366995693979,-3.8570090954603,0.000114782892858697,0.021875,0.364886873517108,"+/0"
"Fusobacterium periodonticum","Streptococcus milleri",0.0195893070662584,0.677202168295846,0.280135110883526,9.86586230489195e-08,3.75638445860926,0.000172385803789844,0.0232142857142857,0.364886873517108,"0/+"
"Fusobacterium nucleatum","Streptococcus equinus",-0.0312505501652108,0.506568281558418,0.228541658042363,1.57732350811735e-05,3.69580425016235,0.000219191812086919,0.0240575396825397,0.364886873517108,"0/+"
"Butyrivibrio proteoclasticus","Prevotella intermedia",0.0019595490614367,0.966787607914876,0.257613417142953,1.03450435462449e-06,3.66331496432594,0.000248972086499054,0.0244543650793651,0.364886873517108,"0/+"
"Fusobacterium periodonticum","Streptococcus salivarius",-0.0184527778977065,0.694963711528959,0.236578080853293,7.68397242012497e-06,3.63544876156492,0.000277497147174101,0.0247519841269841,0.364886873517108,"0/+"
"Anaerostipes hadrus","Clostridium beijerinckii",0.380102098669931,0,0.142028822699743,0.00778826270265887,-3.60159219686924,0.000316274218222672,0.0249007936507936,0.364886873517108,"+/+"
"Lactobacillus ruminis","Bifidobacterium longum",-0.0311583346674302,0.507823960439342,0.221885704018503,2.80706611763826e-05,3.59632095499133,0.000322749547965369,0.0249007936507936,0.364886873517108,"0/+"
"Pseudobutyrivibrio xylanivorans","Streptococcus thermophilus",0.283275314891499,7.97060417667694e-10,0.0383595502840964,0.474400480062597,-3.54106370557608,0.000398517344277207,0.0256944444444444,0.364886873517108,"+/0"
"Fusobacterium nucleatum","Streptococcus salivarius",-0.0233765674925762,0.619340162612412,0.220736719207365,3.09533197970779e-05,3.47034454798874,0.000519791125018732,0.026984126984127,0.364886873517108,"0/+"
"Anaerostipes hadrus","Streptococcus thermophilus",0.231094171140545,6.42604454759166e-07,-0.00171178766967181,0.974543763091149,-3.31973999601436,0.00090101321426241,0.0297619047619048,0.364886873517108,"+/0"
"Streptococcus salivarius","Streptococcus thermophilus",0.357377155475139,3.99680288865056e-15,0.138012321736543,0.00973452243046147,-3.2906144673911,0.00099968819822443,0.0300099206349206,0.364886873517108,"+/+"
"Fusobacterium periodonticum","Streptococcus equinus",-0.024624290254992,0.600758910880029,0.207048260855876,9.53909751972848e-05,3.28694044602876,0.00101282250531156,0.0301587301587302,0.364886873517108,"0/+"
"Gemella morbillorum","Streptococcus anginosus",0.285632412964715,5.68673552692189e-10,0.0599733784382885,0.263143155666834,-3.27355341538971,0.00106204315363504,0.0304563492063492,0.364886873517108,"+/0"
"Butyrivibrio proteoclasticus","Streptococcus salivarius",0.209194696346468,6.95993536803385e-06,-0.0180697695026318,0.736212930826755,-3.22652845949183,0.00125301770234979,0.0312996031746032,0.364886873517108,"+/0"
"Anaerostipes hadrus","[Eubacterium] eligens",0.295428842168974,1.35106148491104e-10,0.0750512380305499,0.161203941102266,-3.21127062610112,0.00132149420310413,0.0314484126984127,0.364886873517108,"+/0"
"Streptococcus anginosus","Streptococcus thermophilus",0.306504104289837,2.48809861602695e-11,0.0876060735261726,0.101788579052302,-3.20482851498071,0.00135142970917388,0.031547619047619,0.364886873517108,"+/0"
"Anaerostipes hadrus","Butyrivibrio proteoclasticus",0.424988999970794,0,0.231150936625815,1.25235391834622e-05,-3.05791065226245,0.00222886020724681,0.035218253968254,0.371323570823222,"+/+"
"Fusobacterium nucleatum","Prevotella intermedia",0.272143725199095,3.76346642738667e-09,0.0647776452659056,0.226734521956153,-3.0011806709512,0.00268934946823792,0.0367559523809524,0.371323570823222,"+/0"
"Butyrivibrio proteoclasticus","Dialister pneumosintes",-0.0245197783747178,0.602305650645782,0.185209026899928,0.000496335086920041,2.96738940045466,0.003003403149342,0.037797619047619,0.371323570823222,"0/+"
"Parvimonas micra","Lactococcus garvieae",0.202233314276686,1.41122226051671e-05,-0.00669989215318978,0.900605478342915,-2.96548339304173,0.00302207661100499,0.0378472222222222,0.371323570823222,"+/0"
"Streptococcus anginosus","Bifidobacterium adolescentis",0.017018661840422,0.71761520972875,0.223287740263997,2.48969461740245e-05,2.94214440370922,0.0032594789404288,0.038640873015873,0.371323570823222,"0/+"
"Pseudobutyrivibrio xylanivorans","Streptococcus milleri",0.169531970166879,0.000284956290772076,-0.038647274505563,0.471089735589201,-2.93875364166869,0.00329534896758506,0.0387896825396825,0.371323570823222,"+/0"
"Bifidobacterium angulatum","Bifidobacterium adolescentis",0.0992568514706533,0.0344908284363288,0.296682891961173,1.52722976487496e-08,2.88893265015841,0.00386551856588491,0.040327380952381,0.372782352484115,"+/+"
"Clostridium beijerinckii","Streptococcus thermophilus",0.235389581725438,3.91301794522292e-07,0.0357096251708673,0.50548240719677,-2.85909210501627,0.0042485540877947,0.0411210317460317,0.372782352484115,"+/0"
"Pseudobutyrivibrio xylanivorans","Prevotella intermedia",-0.0357281620143561,0.447605171242987,0.163625648416519,0.00213395002633776,2.81274485132227,0.00491206103451596,0.0424107142857143,0.372782352484115,"0/+"
"Clostridium beijerinckii","Bifidobacterium longum",-0.0190204198172717,0.686071065322004,0.174501331604226,0.00104497586446239,2.73537492536506,0.00623092607476478,0.0448412698412698,0.372782352484115,"0/+"
"Streptococcus anginosus","Bifidobacterium bifidum",-0.0150535330429685,0.749056522305293,0.174677145050482,0.00103262535949522,2.6823460056605,0.00731078018003158,0.0469742063492063,0.372782352484115,"0/+"
"Streptococcus milleri","Streptococcus thermophilus",0.274843916484237,2.59919152867383e-09,0.093555716741022,0.080491522321128,-2.6364729882089,0.00837728696377233,0.0486111111111111,0.372782352484115,"+/0"
"Lactococcus garvieae","Adlercreutzia equolifaciens",0.0123025170883809,0.793768350384386,0.196288041412193,0.00021981290627493,2.61266367649593,0.00898396624781324,0.0493551587301587,0.372782352484115,"0/+"
"Pseudobutyrivibrio xylanivorans","Dialister pneumosintes",-0.0289803583183503,0.537947610833265,0.155966859984294,0.00344061130569417,2.6080847258065,0.00910504148355077,0.0494543650793651,0.372782352484115,"0/+"
"Fusobacterium nucleatum","Gemella morbillorum",0.258161198780088,2.39938899859737e-08,0.414618713053973,4.44089209850063e-16,2.47924623185252,0.0131660380535325,0.0550595238095238,0.381594147945547,"+/+"
"Fusobacterium periodonticum","Bifidobacterium adolescentis",0.14236608767231,0.00236128820850023,-0.0331683382050034,0.536263471243297,-2.47198715580174,0.0134364343734722,0.0555059523809524,0.381594147945547,"+/0"
"Gemella morbillorum","Porphyromonas asaccharolytica",0.15821478174439,0.000716556052700934,-0.0148407316097355,0.782036057683891,-2.44225159870205,0.0145959703920448,0.056547619047619,0.381594147945547,"+/0"
"Pseudobutyrivibrio xylanivorans","Streptococcus anginosus",0.132607457986327,0.00465155353059954,-0.0409264298929815,0.44531776605424,-2.44148731686073,0.0146269021111948,0.0565972222222222,0.381594147945547,"+/0"
"Butyrivibrio proteoclasticus","Streptococcus thermophilus",0.219568338461481,2.32087377871615e-06,0.0526023118385247,0.326465425236587,-2.38840203478226,0.0169218191156257,0.059077380952381,0.388342112590803,"+/0"
"Pseudobutyrivibrio xylanivorans","Streptococcus equinus",0.226865953377879,1.0374468262242e-06,0.0620732464251793,0.246763229041521,-2.36288803058893,0.0181331472842458,0.0603174603174603,0.388342112590803,"+/0"
"Butyrivibrio proteoclasticus","Porphyromonas asaccharolytica",-0.0702342916063982,0.135117719609833,0.0970864979768937,0.0696604525216231,2.34907556568669,0.0188200869200866,0.061359126984127,0.389747297866625,"0/0"
"Lactococcus garvieae","Bifidobacterium bifidum",-0.0128079808874646,0.78549745458553,0.152816797960958,0.00416269138844116,2.33631251140315,0.0194749599195441,0.0622519841269841,0.389747297866625,"0/+"
"Fusobacterium nucleatum","Butyrivibrio proteoclasticus",-0.0615831124806197,0.19026539034,0.104495227159385,0.0507859794239334,2.33221228625622,0.0196895261495845,0.0625,0.389747297866625,"0/0"
"Clostridium beijerinckii","Ruminococcus bicirculans",0.159284389097775,0.000658420305521989,-0.00502155862114835,0.92541953764287,-2.32009541190957,0.0203357164870038,0.0632440476190476,0.389747297866625,"+/0"
"Butyrivibrio proteoclasticus","Streptococcus equinus",0.20290720808228,1.3192662034367e-05,0.0402573278274014,0.452799635818923,-2.31743006723433,0.0204803160494745,0.0632936507936508,0.389747297866625,"+/0"
"Romboutsia ilealis","Lactobacillus ruminis",0.159173144679802,0.00066425639583878,-0.00336502942922285,0.949982377645549,-2.29529860253941,0.0217160176531951,0.0652281746031746,0.389747297866625,"+/0"
"[Eubacterium] eligens","Streptococcus thermophilus",0.130836655077666,0.0052367374324902,-0.0286563194141423,0.593132226049469,-2.24421032379668,0.0248188721086838,0.0683531746031746,0.389747297866625,"+/0"
"Gemella morbillorum","Romboutsia ilealis",0.230573364702285,6.81997055496097e-07,0.375488412730466,3.66817687336152e-13,2.24066795910839,0.0250475910401644,0.0685515873015873,0.389747297866625,"+/+"
"Dialister pneumosintes","Prevotella intermedia",0.338466772825651,1.24567023362943e-13,0.190778969179606,0.000331437653065869,-2.22963675828088,0.0257715674797609,0.0692460317460317,0.389747297866625,"+/+"
"Roseburia intestinalis","Clostridium beijerinckii",0.195486734139859,2.73664660677131e-05,0.341048162511126,5.55799850587846e-11,2.20202204667185,0.0276637511837933,0.0708333333333333,0.389747297866625,"+/+"
"Lactococcus garvieae","Ruminococcus bicirculans",-0.00710521768999753,0.879993560387799,0.149011644718331,0.00521584807840281,2.20191369874793,0.0276714051575626,0.0708333333333333,0.389747297866625,"0/+"
"Parvimonas micra","Porphyromonas asaccharolytica",0.16235415731099,0.000514951566448429,0.010104785826215,0.85058522344769,-2.15239129497127,0.0313665487395397,0.0744543650793651,0.401241902673391,"+/0"
"Bifidobacterium bifidum","Bifidobacterium longum",0.173199365237677,0.000208658831791775,0.316035813357343,1.47551704188231e-09,2.13243941726726,0.0329707398851786,0.0759920634920635,0.406379026358518,"+/+"
"Dialister pneumosintes","Streptococcus anginosus",0.149852356403176,0.00136361980472333,0.0038256297220261,0.943146892031356,-2.06087858019898,0.0393146252707735,0.0820436507936508,0.41152980418365,"+/0"
"Fusobacterium nucleatum","Pseudobutyrivibrio xylanivorans",-0.0711048769562654,0.130333050512885,0.0757472347993745,0.157343162130342,2.06023344177701,0.0393762293486669,0.0820436507936508,0.41152980418365,"0/0"
"Anaerostipes hadrus","Porphyromonas asaccharolytica",0.0253587013315141,0.589940712522328,-0.120910171924938,0.0236828379434249,-2.05674728158848,0.0397105415126318,0.0823412698412698,0.41152980418365,"0/-"
"Parvimonas micra","Butyrivibrio proteoclasticus",-0.052036892971263,0.268528530132351,0.0874677614984631,0.102332253087608,1.95741773475434,0.050298375080709,0.0900297619047619,0.41152980418365,"0/0"
"Bifidobacterium angulatum","Bifidobacterium bifidum",0.0109212594852207,0.816485435315101,0.148190809692993,0.00547229644657365,1.93770894298779,0.0526587422556833,0.0918650793650794,0.41152980418365,"0/+"
"Streptococcus salivarius","Escherichia coli",-3.68358682009611e-05,0.999375489221722,0.136908846765221,0.0103398241651429,1.92990062821101,0.0536191515814066,0.0924107142857143,0.41152980418365,"0/+"
"Butyrivibrio proteoclasticus","Streptococcus milleri",0.102766898786464,0.0285644526443951,-0.0324011995058055,0.545736521751139,-1.8981492214493,0.0576764277215678,0.095734126984127,0.41152980418365,"+/0"
"Gemella morbillorum","Butyrivibrio proteoclasticus",-0.00761098249597753,0.871522749554664,0.127193453870221,0.0172780754241812,1.89750097406543,0.057761850349588,0.0957837301587302,0.41152980418365,"0/+"
"Clostridium beijerinckii","Fusobacterium periodonticum",-0.0217737717890699,0.643568212124785,0.111760980936955,0.0366242295143047,1.87663212822477,0.0605685308024167,0.0982142857142857,0.41152980418365,"0/+"
"Parvimonas micra","Roseburia intestinalis",-0.0594781630335097,0.205891411249144,0.0738331403680427,0.168131667511907,1.86975845652858,0.0615173677612552,0.0988095238095238,0.41152980418365,"0/0"
"Roseburia intestinalis","Prevotella intermedia",-0.0418057475823701,0.374164601647036,0.090162655896526,0.0921456401315046,1.85186288831598,0.0640455142577968,0.100248015873016,0.41152980418365,"0/0"
"[Eubacterium] eligens","Adlercreutzia equolifaciens",0.0792438636427104,0.0917054976531211,0.208440944650151,8.53487866270264e-05,1.85035402881055,0.0642625402150093,0.100396825396825,0.41152980418365,"0/+"
"Roseburia intestinalis","Dialister pneumosintes",-0.0653203528167082,0.164697144230184,0.0660525189878854,0.217704349648228,1.84239651661106,0.0654171709616163,0.101339285714286,0.41152980418365,"0/0"
"Roseburia intestinalis","Streptococcus salivarius",0.13135714627798,0.0050582085397648,0.00100959755251095,0.984984477363134,-1.83607584309601,0.0663464404688849,0.102132936507937,0.41152980418365,"+/0"
"Romboutsia ilealis","Streptococcus thermophilus",0.265935757475598,8.67997362874462e-09,0.14050217989723,0.00848286036193646,-1.83518441622717,0.0664783693689638,0.102232142857143,0.41152980418365,"+/+"
"Anaerostipes hadrus","Streptococcus salivarius",0.145448041819196,0.00188934839785415,0.0163065469431508,0.761130594429777,-1.82302341035172,0.068299845314335,0.103670634920635,0.41152980418365,"+/0"
"Romboutsia ilealis","Ruminococcus bicirculans",0.106099702039437,0.0237686589731108,-0.0224120272899692,0.676061767650264,-1.80534190971473,0.0710211952659305,0.105803571428571,0.41152980418365,"+/0"
"Dialister pneumosintes","Streptococcus salivarius",-0.0269576272549121,0.566702764206112,0.101449880187231,0.0579523241843072,1.80321230320412,0.0713548789998492,0.106001984126984,0.41152980418365,"0/0"
"Butyrivibrio proteoclasticus","Streptococcus anginosus",0.0904841943380711,0.0540282122350633,-0.0373147329018837,0.486529159367226,-1.79341196533673,0.0729070757450576,0.107142857142857,0.41152980418365,"0/0"
"Dialister pneumosintes","Porphyromonas asaccharolytica",0.204701738000858,1.10136842159658e-05,0.0811873558626918,0.129532926736214,-1.76826321390599,0.0770169106390089,0.10922619047619,0.41152980418365,"+/0"
"Porphyromonas asaccharolytica","Bifidobacterium adolescentis",0.0802674127576519,0.0875765526943215,-0.0443060958202688,0.4086158943879,-1.74735515665127,0.0805757509826453,0.111259920634921,0.411910256817514,"0/0"
"Parvimonas micra","Bifidobacterium catenulatum",-0.00481112531626904,0.918574147229801,0.117817412635018,0.027527278557395,1.72498676674683,0.0845298573758571,0.113988095238095,0.41444346756634,"0/+"
"Adlercreutzia equolifaciens","Bifidobacterium longum",-0.0377353267850541,0.422491553674117,0.085000179557938,0.112423647274813,1.72191617968477,0.0850847035873015,0.114384920634921,0.41444346756634,"0/0"
"[Eubacterium] eligens","Fusobacterium periodonticum",0.0874600608245321,0.0626076651043748,-0.0349927985107869,0.514070110463824,-1.71816519871636,0.0857664873101413,0.115029761904762,0.41444346756634,"0/0"
"Dialister pneumosintes","Bifidobacterium angulatum",-0.00343377861819814,0.941835574036658,0.117579841842516,0.0278435947669018,1.70232442405417,0.0886945687392093,0.116914682539683,0.41444346756634,"0/+"
"Bifidobacterium angulatum","Bifidobacterium longum",0.0898863437653583,0.0556420361407481,0.208390570139782,8.56939842261983e-05,1.69950449709959,0.0892241679606165,0.117162698412698,0.41444346756634,"0/+"
"Anaerostipes hadrus","Streptococcus equinus",0.124032543001391,0.00815140312572149,0.00347156529932952,0.948401000121788,-1.69732388936391,0.0896354431412168,0.117261904761905,0.41444346756634,"+/0"
"Roseburia intestinalis","Ruminococcus bicirculans",0.0853218099969226,0.0693279320533897,0.203543038770943,0.000125801625927568,1.69302829816806,0.0904500809155989,0.117708333333333,0.41444346756634,"0/+"
"Roseburia intestinalis","Streptococcus equinus",0.150975935936006,0.00125300690628172,0.0331026336847191,0.537071588910699,-1.66681356852121,0.095551481370983,0.121230158730159,0.418994631822834,"+/0"
"Anaerostipes hadrus","Dialister pneumosintes",0.0706396979701611,0.132873072301358,-0.0465313537071074,0.385461139212215,-1.64298263737197,0.100386525653553,0.124801587301587,0.420689170108094,"0/0"
"Lactobacillus ruminis","Ruminococcus bicirculans",0.0941044562330281,0.0450667399997009,-0.0200379674590372,0.708722390582318,-1.60239698431486,0.109067851281764,0.130605158730159,0.426651185067103,"+/0"
"Streptococcus equinus","Bifidobacterium longum",0.0221814908625164,0.637367820893119,0.135184494827464,0.0113525794643756,1.59410143321167,0.110913317977463,0.131696428571429,0.426651185067103,"0/+"
"Fusobacterium nucleatum","Porphyromonas asaccharolytica",0.144734273685895,0.00199023502066042,0.0321540233871079,0.548806295201725,-1.59075004917977,0.111665838432359,0.131944444444444,0.426651185067103,"+/0"
"Porphyromonas asaccharolytica","Escherichia coli",0.0508546978808037,0.279569185456069,-0.0625069438034172,0.243470789312914,-1.58927205627723,0.11199898465878,0.132142857142857,0.426651185067103,"0/0"
"Streptococcus equinus","Escherichia coli",-0.00819395272642558,0.861777111295188,0.104440152451979,0.0509086949522755,1.582681504389,0.113494076006655,0.132936507936508,0.426998102478356,"0/0"
"Dialister pneumosintes","Streptococcus equinus",-0.0355150793719169,0.450320022912567,0.0756580036463943,0.157834202644589,1.55910375657356,0.118971824687977,0.136904761904762,0.42931934151975,"0/0"
"Bifidobacterium bifidum","Adlercreutzia equolifaciens",-0.018841368481946,0.688871469452201,0.0922221254685587,0.0849212435730555,1.55904256743289,0.118986305490657,0.136904761904762,0.42931934151975,"0/0"
"Streptococcus milleri","Bifidobacterium bifidum",-0.0197171742864117,0.675214801623633,0.0889159455203559,0.0967525609695055,1.52462924127478,0.127351599666399,0.142906746031746,0.439919137009428,"0/0"
"Romboutsia ilealis","Bifidobacterium longum",0.0913388797576804,0.051788872534968,-0.0147823948530148,0.782871420802049,-1.48971058744,0.136300349571946,0.148115079365079,0.445999485187581,"0/0"
"Clostridium beijerinckii","Streptococcus salivarius",0.149164656443564,0.00143567931495414,0.0440211971349875,0.411638792421496,-1.48773140761391,0.136821741255036,0.148313492063492,0.445999485187581,"+/0"
"Parvimonas micra","Pseudobutyrivibrio xylanivorans",-0.0577117719536687,0.219704679124066,0.0483390605256001,0.36725180570805,1.48656108211241,0.137130772978082,0.148462301587302,0.445999485187581,"0/0"
"Bifidobacterium adolescentis","Bifidobacterium longum",0.310429443613939,1.34243727245575e-11,0.402397389227294,4.66293670342566e-15,1.47721927177059,0.139616869474306,0.150099206349206,0.446443170166745,"+/+"
"Fusobacterium nucleatum","Clostridium beijerinckii",0.0103110531791588,0.826571676989661,0.113560029963818,0.0336878594894792,1.45278121858846,0.146284508203773,0.154811507936508,0.446443170166745,"0/+"
"Anaerostipes hadrus","Fusobacterium periodonticum",-0.0591845041819515,0.208143182341913,0.0413021919520536,0.441146968954135,1.40851294029112,0.158979237945007,0.162251984126984,0.446443170166745,"0/0"
"Pseudobutyrivibrio xylanivorans","Porphyromonas asaccharolytica",-0.0622087995915879,0.18579291480711,0.0377118062299456,0.481900204548989,1.40066340642032,0.161314750384323,0.164285714285714,0.446443170166745,"0/0"
"Roseburia intestinalis","Romboutsia ilealis",0.159435246377598,0.000650581949654283,0.0633419980454162,0.23721826477864,-1.36371121954077,0.172658471517352,0.171577380952381,0.451096409567853,"+/0"
"Pseudobutyrivibrio xylanivorans","Escherichia coli",-0.0594384653068978,0.206194777461474,-0.155267130030771,0.00359041091691137,-1.35873086445217,0.174231887998444,0.172321428571429,0.451096409567853,"0/-"
"Roseburia intestinalis","Adlercreutzia equolifaciens",0.0518968898576264,0.269820229451012,0.147154843641563,0.00581210634976936,1.34840841482683,0.17752705897344,0.17485119047619,0.45131839022634,"0/+"
"Anaerostipes hadrus","Adlercreutzia equolifaciens",0.111268859753292,0.017707938304762,0.204851436135014,0.000113517493405046,1.34521963416077,0.178554317461131,0.175396825396825,0.45131839022634,"+/+"
"Anaerostipes hadrus","Bifidobacterium adolescentis",0.002625665678517,0.955507788876067,0.0967133501461172,0.0707456274296923,1.32184876359693,0.186218516637873,0.180654761904762,0.451598448125146,"0/0"
"Parvimonas micra","Clostridium beijerinckii",0.0337478930108084,0.473190452529473,0.127220495172882,0.0172541571976743,1.31851531476155,0.187331201775836,0.181200396825397,0.451598448125146,"0/+"
"Streptococcus equinus","Adlercreutzia equolifaciens",0.0551453490710743,0.240936031350338,-0.0378687354644558,0.480077370733145,-1.30360557973876,0.192368097247856,0.183928571428571,0.451598448125146,"0/0"
"Dialister pneumosintes","Romboutsia ilealis",0.109020985449802,0.0201541526716951,0.0165626789414426,0.757494917628558,-1.30085548848881,0.193307924474137,0.184573412698413,0.451598448125146,"+/0"
"Fusobacterium nucleatum","Dialister pneumosintes",0.396368401261,0,0.315590893640928,1.5599606051353e-09,-1.29663382836601,0.19475720719409,0.185714285714286,0.451598448125146,"+/+"
"Clostridium beijerinckii","Lactobacillus ruminis",0.123540390054612,0.00840991224747789,0.0319053963904123,0.55190262417488,-1.29198615460004,0.196361939423025,0.186755952380952,0.451598448125146,"+/0"
"Fusobacterium nucleatum","Streptococcus milleri",0.0907539902252908,0.053312786011702,0.180880393708213,0.000673998367686002,1.28680249203858,0.198163138133008,0.187946428571429,0.451598448125146,"0/+"
"Butyrivibrio proteoclasticus","Escherichia coli",-0.0820642742070822,0.0806906380688828,-0.172370528296062,0.00120587581655296,-1.28639902370387,0.198303838968863,0.188045634920635,0.451598448125146,"0/-"
"Bifidobacterium catenulatum","Bifidobacterium bifidum",0.00212247210397372,0.964028019530892,0.0936812682852286,0.080084291670534,1.28604593634393,0.198427030464723,0.188095238095238,0.451598448125146,"0/0"
"Pseudobutyrivibrio xylanivorans","Bifidobacterium bifidum",0.00752022933897791,0.87304167852899,0.0989469057320617,0.0644513316319044,1.28488441836144,0.198832676667171,0.188492063492063,0.451598448125146,"0/0"
"Bifidobacterium catenulatum","Bifidobacterium adolescentis",0.170744284462952,0.000257242333311147,0.257021568150789,1.09725438868225e-06,1.26712904614261,0.205109151174996,0.192757936507937,0.452376941311143,"+/+"
"Streptococcus milleri","Bifidobacterium adolescentis",-0.000626449323011552,0.989379566747895,0.0872885622547233,0.103040064205304,1.23427914080884,0.217098905922012,0.200248015873016,0.455121794065089,"0/0"
"Butyrivibrio proteoclasticus","Bifidobacterium pseudocatenulatum",0.0735621561302621,0.117533830675759,-0.0139988420825022,0.794115437580114,-1.22807976506549,0.219417026243637,0.201934523809524,0.45621582928574,"0/0"
"Pseudobutyrivibrio xylanivorans","Fusobacterium periodonticum",-0.0524141994954369,0.265068517607159,0.0346444552288623,0.518270436435575,1.22003540614791,0.222451453199372,0.204613095238095,0.460160170501983,"0/0"
"Roseburia intestinalis","Lactococcus garvieae",0.00410796450986939,0.930442115641132,0.0906450529933361,0.090410832877974,1.21535746243559,0.224229784441552,0.205902777777778,0.461256488700274,"0/0"
"Roseburia intestinalis","Bifidobacterium pseudocatenulatum",0.039469585182649,0.401470508524938,-0.0462891006935335,0.387942458829356,-1.20171401846151,0.229474347922889,0.209871031746032,0.467758653670114,"0/0"
"[Eubacterium] eligens","Streptococcus milleri",-0.00105865804186584,0.982053148525241,-0.0853768979894537,0.110834363279763,-1.18370896717461,0.23652828807794,0.214732142857143,0.473405177459209,"0/0"
"Bifidobacterium pseudocatenulatum","Adlercreutzia equolifaciens",-0.000554676198565736,0.990596303993666,0.0825702128057768,0.123108810088019,1.16671815258752,0.243324209596787,0.219642857142857,0.479257810608941,"0/0"
"Butyrivibrio proteoclasticus","Bifidobacterium angulatum",-0.0205839148185194,0.661803591387342,0.0616026957956312,0.250370429699572,1.15207434161749,0.249290525770601,0.223958333333333,0.482059240047067,"0/0"
"Parvimonas micra","Prevotella intermedia",0.113774441685149,0.0152906584320305,0.0324011928114281,0.545736604776174,-1.14631943890419,0.251663002589847,0.225843253968254,0.485398393562762,"+/0"
"Fusobacterium nucleatum","Roseburia intestinalis",-0.0735214664501756,0.117737455460211,0.00709335260053383,0.894801254467603,1.13079135312958,0.258142920220767,0.229910714285714,0.488369485161343,"0/0"
"Clostridium beijerinckii","Streptococcus anginosus",0.116518283676333,0.0129802685175329,0.0369830159995392,0.490414480615652,-1.1210192851055,0.262279653581283,0.233085317460317,0.49295396013008,"+/0"
"Prevotella intermedia","Bifidobacterium longum",-0.0255903579843739,0.586546962687642,-0.104708166953371,0.0503138330463377,-1.11328054751504,0.265587958241029,0.234920634920635,0.495305163339105,"0/0"
"Pseudobutyrivibrio xylanivorans","Lactococcus garvieae",0.0740820823850121,0.114956127629671,0.152152494911753,0.00433143034055972,1.1080672643131,0.267832767330888,0.236011904761905,0.4955420990993,"0/+"
"Pseudobutyrivibrio xylanivorans","Bifidobacterium pseudocatenulatum",0.0684152211924363,0.145550529145921,-0.0101980142606128,0.849223079167734,-1.10240236378123,0.270286784352304,0.2375,0.495563463046622,"0/0"
"Romboutsia ilealis","Bifidobacterium bifidum",0.0622828455138455,0.185268796776019,-0.0163190880581062,0.760952455967562,-1.10189084226344,0.270509130354039,0.237599206349206,0.495563463046622,"0/0"
"Parvimonas micra","Streptococcus milleri",0.0725463698546776,0.122700162636866,0.149995390441218,0.00492277761767324,1.09877596113946,0.271865800023526,0.238640873015873,0.495563463046622,"0/+"
"Butyrivibrio proteoclasticus","Fusobacterium periodonticum",-0.0481498543518671,0.305973328026256,0.0302107287753418,0.573232176512586,1.09801084316908,0.27219975448842,0.238839285714286,0.495563463046622,"0/0"
"Lactococcus garvieae","Streptococcus equinus",0.00255723365648725,0.956666225235312,0.0802296088009211,0.134131990597786,1.09014251649249,0.275650370206675,0.241121031746032,0.496244333105366,"0/0"
"Parvimonas micra","Streptococcus thermophilus",-0.00146496245067201,0.975167201409604,0.0758183022421955,0.156952902161243,1.08431503064201,0.278225143183281,0.242857142857143,0.498223612525237,"0/0"
"Porphyromonas asaccharolytica","Fusobacterium periodonticum",0.09775064325641,0.0373382235445974,0.0207684493565496,0.698612636055536,-1.08240067291919,0.279074529415518,0.243452380952381,0.498223612525237,"+/0"
"[Eubacterium] eligens","Escherichia coli",-0.0410165143532639,0.383258656844384,-0.117448936988168,0.0280192191275632,-1.07766180871642,0.281184707934101,0.245337301587302,0.500672727455282,"0/-"
"Fusobacterium nucleatum","Romboutsia ilealis",0.101574544364594,0.0304712767837079,0.17586649365577,0.000952545824466577,1.06133352091519,0.288538357055077,0.250595238095238,0.506831877061126,"+/+"
"[Eubacterium] eligens","Bifidobacterium catenulatum",-0.00999609510567549,0.831788984838054,-0.0846248331470466,0.114024881167889,-1.04793604489009,0.2946680738993,0.255208333333333,0.512346650823148,"0/0"
"Streptococcus anginosus","Streptococcus milleri",0.881167906932222,0,0.896788554026443,0,1.04470527343232,0.296159206815997,0.255952380952381,0.512346650823148,"+/+"
"Parvimonas micra","Streptococcus equinus",-0.0439243127074442,0.350418385901614,0.0305572716279162,0.568838983410517,1.04356812539427,0.296685246478837,0.256150793650794,0.512346650823148,"0/0"
"Bifidobacterium angulatum","Adlercreutzia equolifaciens",-0.024273294116927,0.605960594801909,0.0501003104013847,0.350033149577241,1.04218135147273,0.297327607319694,0.256845238095238,0.512346650823148,"0/0"
"Pseudobutyrivibrio xylanivorans","Roseburia intestinalis",0.35482832030481,6.43929354282591e-15,0.418040438081837,4.44089209850063e-16,1.04131295135209,0.297730327775506,0.257043650793651,0.512346650823148,"+/+"
"Streptococcus anginosus","Escherichia coli",0.00469746073069259,0.920491426627624,0.0781260257687747,0.144673659654688,1.03052601209467,0.302763147909729,0.259176587301587,0.513638665159971,"0/0"
"Streptococcus salivarius","Bifidobacterium longum",0.00689444705878373,0.883527758004182,0.0801622852543682,0.134459946080888,1.02845390316504,0.303736363904343,0.259623015873016,0.513638665159971,"0/0"
"Parvimonas micra","Fusobacterium periodonticum",0.158628202368398,0.00069354397771404,0.228852468505563,1.53478315418898e-05,1.02227677137711,0.306649924027199,0.261607142857143,0.513761928401405,"+/+"
"Gemella morbillorum","Streptococcus equinus",-0.0123466416201732,0.793045405142398,0.0601137365277826,0.262025535428719,1.01575889758942,0.309744213349047,0.264583333333333,0.513761928401405,"0/0"
"Butyrivibrio proteoclasticus","Bifidobacterium catenulatum",0.0357842876827959,0.446891629021611,-0.0364236968187507,0.497003090492241,-1.01163917206274,0.311710609183889,0.265922619047619,0.513761928401405,"0/0"
"Pseudobutyrivibrio xylanivorans","Bifidobacterium catenulatum",0.0284197293310613,0.545843875343668,-0.0435974533627016,0.416159252653773,-1.00902184119068,0.312964159570247,0.266914682539683,0.513761928401405,"0/0"
"Streptococcus anginosus","Lactobacillus ruminis",0.038573856308297,0.412248507745695,0.110086081906829,0.0395503519749481,1.00746117898165,0.313713204284878,0.267311507936508,0.513761928401405,"0/+"
"Parvimonas micra","Streptococcus salivarius",-0.0284370403032413,0.545599201833616,0.0431338336493684,0.421138373245949,1.00275970459692,0.315976815260673,0.268650793650794,0.513761928401405,"0/0"
"Lactococcus garvieae","Streptococcus salivarius",-0.000919746318090898,0.98440772173331,0.07029146575893,0.189536361351064,0.998866607682001,0.317859314213853,0.270039682539683,0.513761928401405,"0/0"
"Gemella morbillorum","Ruminococcus bicirculans",0.0342947845219604,0.46604546052346,-0.0362105412397269,0.499526301093613,-0.987765581050965,0.323267467813235,0.27405753968254,0.513761928401405,"0/0"
"Butyrivibrio proteoclasticus","Roseburia intestinalis",0.341143868342338,7.7715611723761e-14,0.401755456263811,5.32907051820075e-15,0.985236589571328,0.324507871701799,0.274950396825397,0.513761928401405,"+/+"
"Anaerostipes hadrus","Roseburia intestinalis",0.165926172263965,0.000384750873673845,0.097130671641444,0.0695328938851225,-0.980792665883129,0.326694995705021,0.276339285714286,0.513761928401405,"+/0"
"[Eubacterium] eligens","Bifidobacterium pseudocatenulatum",-0.0161992248619218,0.73067151827021,-0.0854599174006297,0.110486510966554,-0.972832039378606,0.330636786133447,0.28015873015873,0.513761928401405,"0/0"
"Parvimonas micra","Adlercreutzia equolifaciens",0.070786709156339,0.132066250235426,0.00179372399390311,0.97332571816923,-0.967837247500778,0.333125658322129,0.282142857142857,0.515098896385837,"0/0"
"Romboutsia ilealis","Streptococcus milleri",0.0747085713849343,0.111909226189538,0.142646050957163,0.00752215481862128,0.963159227693518,0.335467622722189,0.283878968253968,0.515449094878129,"0/+"
"Bifidobacterium bifidum","Streptococcus thermophilus",0.0570892856321427,0.224727079045552,-0.011276116661048,0.833504671606758,-0.958264848916712,0.337929224133559,0.285168650793651,0.515449094878129,"0/0"
"Porphyromonas asaccharolytica","Bifidobacterium angulatum",0.00148578593970591,0.974814335368583,0.0686845720704109,0.199881854743928,0.942567456175208,0.345902192405098,0.290575396825397,0.521257122300149,"0/0"
"Streptococcus anginosus","Prevotella intermedia",0.0387127933168289,0.410565610598099,-0.0283627266716189,0.596925989617357,-0.939702044630065,0.347370416078526,0.29171626984127,0.521257122300149,"0/0"
"Porphyromonas asaccharolytica","Bifidobacterium longum",-0.035646763809948,0.448641156600283,-0.10172532840337,0.0572714684478348,-0.930096003914745,0.352321379617666,0.295386904761905,0.523640963327959,"0/0"
"Bifidobacterium catenulatum","Escherichia coli",-0.064805772060211,0.168056019567031,0.00126316093213256,0.981213909198451,0.926501899284555,0.354185210533144,0.296676587301587,0.523640963327959,"0/0"
"Bifidobacterium angulatum","Escherichia coli",-0.0388234113870041,0.409228644330871,0.027200299711062,0.612053456597967,0.92496228738724,0.354985524674935,0.297222222222222,0.523640963327959,"0/0"
"Parvimonas micra","Ruminococcus bicirculans",0.025891762177825,0.582144969395062,-0.0400496912591037,0.455135709195346,-0.923824179138042,0.355577864173096,0.297371031746032,0.523640963327959,"0/0"
"Gemella morbillorum","Bifidobacterium adolescentis",0.0629558128823358,0.180555230329264,-0.00269346960143352,0.959955017498522,-0.92051904261093,0.357301586543154,0.298263888888889,0.523640963327959,"0/0"
"Gemella morbillorum","Streptococcus thermophilus",0.139090341960547,0.00297882380702452,0.0742069842453347,0.165982225282597,-0.919420347400042,0.357875750561972,0.298759920634921,0.523640963327959,"+/0"
"Fusobacterium periodonticum","Streptococcus thermophilus",-0.0216912843641985,0.644825672219539,0.0438718026618232,0.413229198417697,0.918586614040151,0.35831183617444,0.298958333333333,0.523640963327959,"0/0"
"Streptococcus equinus","Streptococcus thermophilus",0.235430111394916,3.89456828564505e-07,0.173000713191681,0.00115606357500542,-0.912670314227819,0.361415961233794,0.301240079365079,0.524606822086452,"+/+"
"Lactococcus garvieae","Escherichia coli",0.0307150948493969,0.513882107829227,-0.0343352361069573,0.522013749289146,-0.911288130271318,0.362143578871597,0.301934523809524,0.524606822086452,"0/0"
"Fusobacterium periodonticum","Bifidobacterium longum",0.0160318174348371,0.733348604772163,-0.0485394345181451,0.365266794966529,-0.904808526581649,0.365566833713139,0.303670634920635,0.524672887476662,"0/0"
"Gemella morbillorum","Fusobacterium periodonticum",0.316928209396901,4.73621142305092e-12,0.257841446537857,1.01125788320999e-06,-0.902330765866898,0.36688118701932,0.304563492063492,0.524672887476662,"+/+"
"Lactococcus garvieae","Bifidobacterium longum",-0.01978132994908,0.674218515587007,0.0444751823625466,0.406828053032951,0.900294370729501,0.367963616027351,0.30515873015873,0.524672887476662,"0/0"
"Roseburia intestinalis","Porphyromonas asaccharolytica",-0.0510827438127385,0.27741584424322,0.0126753650622989,0.813203334742373,0.893500163793973,0.371589384451876,0.308184523809524,0.526939975115407,"0/0"
"Fusobacterium periodonticum","Escherichia coli",-0.0317942827913189,0.499197596559382,0.0316919489445382,0.554567634736848,0.889358881105874,0.373810236153649,0.310119047619048,0.527766971250193,"0/0"
"Parvimonas micra","Bifidobacterium adolescentis",0.0687805484190028,0.143407408604761,0.00551528154156005,0.918111276953022,-0.887488132799249,0.374816152554391,0.310863095238095,0.528415177338642,"0/0"
"Lactococcus garvieae","Romboutsia ilealis",0.0523202502395378,0.265927184009544,-0.0106133987834185,0.843159469719159,-0.881996966608228,0.377778447652039,0.313194444444444,0.52990190325794,"0/0"
"Fusobacterium nucleatum","Escherichia coli",-0.0112721901527332,0.810698399241778,0.0512640809589227,0.338940305068244,0.876393415676307,0.380816196559202,0.314732142857143,0.530038281242227,"0/0"
"Fusobacterium periodonticum","Ruminococcus bicirculans",0.00974218295106185,0.836000458051554,-0.0526543844784488,0.325986089719052,-0.874487347093027,0.381852907835847,0.315525793650794,0.53023101296456,"0/0"
"Lactococcus garvieae","Bifidobacterium catenulatum",0.05400864725305,0.250785718572921,-0.00836867196490252,0.876028156397397,-0.87427031329151,0.381971062276325,0.315575396825397,0.53023101296456,"0/0"
"Romboutsia ilealis","Bifidobacterium catenulatum",0.0421711411905065,0.36999973495803,-0.0193087069996818,0.718866463703738,-0.861346797437417,0.389047068607067,0.321329365079365,0.536183952510193,"0/0"
"Lactococcus garvieae","Clostridium beijerinckii",0.0631968043236981,0.178889058899081,0.00233025946700731,0.965351375757448,-0.853554998651073,0.393351601803743,0.325248015873016,0.53656946168461,"0/0"
"Bifidobacterium angulatum","Prevotella intermedia",-0.0051482561776678,0.91289028509194,0.0554115698759306,0.301257017100566,0.848875057249957,0.395950819393748,0.327430555555556,0.537369233602905,"0/0"
"Ruminococcus bicirculans","Escherichia coli",0.00495151647070689,0.916206699949229,-0.0555766172231774,0.299817256645996,-0.848438307647445,0.396193916165495,0.327579365079365,0.537369233602905,"0/0"
"Streptococcus salivarius","Adlercreutzia equolifaciens",-0.00184438672813825,0.968738467142612,-0.0620855384628203,0.246669487731755,-0.8447357272659,0.398258407096427,0.329017857142857,0.537818203900633,"0/0"
"Anaerostipes hadrus","Escherichia coli",-0.0269510592991845,0.566797318018811,-0.087011959224846,0.104140209274078,-0.84408957793202,0.398619351132828,0.329265873015873,0.537818203900633,"0/0"
"Parvimonas micra","Bifidobacterium angulatum",-0.0101259371315937,0.829637231484905,0.0500636651221237,0.350386129601322,0.84348560333587,0.39895691408964,0.329513888888889,0.537818203900633,"0/0"
"Fusobacterium nucleatum","Streptococcus anginosus",0.164724104691468,0.000424684536181053,0.106219084791433,0.0470678524374677,-0.834881508731428,0.403784427056734,0.332787698412698,0.537818203900633,"+/+"
"Prevotella intermedia","Bifidobacterium adolescentis",0.0417025967503847,0.375345557118678,-0.0175235631227288,0.743903753867079,-0.829766137216243,0.406671019925502,0.335069444444444,0.537818203900633,"0/0"
"Anaerostipes hadrus","Prevotella intermedia",-0.0835237976366424,0.0754258630796574,-0.141979842983886,0.00780973489863435,-0.829410124396721,0.406872374448905,0.335267857142857,0.537818203900633,"0/-"
"Lactobacillus ruminis","Bifidobacterium adolescentis",-0.00475054584347156,0.919595935859365,0.0542077750701178,0.311896582502529,0.826396673062338,0.408579110072684,0.336607142857143,0.538063487182259,"0/0"
"Gemella morbillorum","Roseburia intestinalis",-0.0473482637514173,0.314104947590053,0.0103890768924008,0.846432900996137,0.809054114977768,0.418484019844229,0.344642857142857,0.540344547434991,"0/0"
"Gemella morbillorum","Lactobacillus ruminis",0.0545242445251754,0.246283812786653,-0.00297993184100247,0.955700209433963,-0.806045619054087,0.420216545712326,0.346081349206349,0.541470907450307,"0/0"
"Pseudobutyrivibrio xylanivorans","Ruminococcus bicirculans",0.116701574020762,0.0128375238604614,0.17293500937225,0.00116116720278825,0.804596576393079,0.421052518418943,0.346875,0.54209010591845,"+/+"
"[Eubacterium] eligens","Streptococcus anginosus",-0.00647857946789191,0.890507732400691,-0.0637865096927,0.23393641901082,-0.803752436426548,0.421539963990665,0.347222222222222,0.54209010591845,"0/0"
"Streptococcus equinus","Bifidobacterium bifidum",-0.0129491188554029,0.783192276364006,0.0443110229311924,0.408563731646322,0.80228677589119,0.422387090181203,0.348015873015873,0.542190314656982,"0/0"
"Streptococcus milleri","Escherichia coli",-0.00603573289366752,0.897949822612849,0.0511290517346496,0.340215735640818,0.801160583122555,0.423038687128058,0.34890873015873,0.542190314656982,"0/0"
"Streptococcus salivarius","Bifidobacterium bifidum",-0.0129612719089387,0.782993871327175,0.0438370715481744,0.413599453231853,0.795806870549649,0.42614429771565,0.351587301587302,0.542190314656982,"0/0"
"Lactobacillus ruminis","Bifidobacterium angulatum",-0.00949619130027303,0.84008503407688,0.0466711137856319,0.384034024015101,0.787045124375007,0.431255451240935,0.355009920634921,0.542716788409358,"0/0"
"Bifidobacterium catenulatum","Adlercreutzia equolifaciens",-0.0410717982204187,0.382617279472019,0.0146441865467685,0.784851511641364,0.78058408686714,0.43504715408885,0.35828373015873,0.543399105826644,"0/0"
"Dialister pneumosintes","Adlercreutzia equolifaciens",-0.0490989579519745,0.296526721359177,0.00644691754771097,0.904340109230454,0.778418044594817,0.436322604372116,0.359424603174603,0.543399105826644,"0/0"
"Parvimonas micra","Anaerostipes hadrus",-0.0409316780208519,0.384244163450488,0.014512273765699,0.786742701609406,0.776770844689149,0.43729398087523,0.360168650793651,0.543399105826644,"0/0"
"Dialister pneumosintes","Bifidobacterium bifidum",-0.0222647818407138,0.636104260054655,0.0326625400948807,0.542500083779555,0.769415561433532,0.441646653510824,0.363144841269841,0.543617582624898,"0/0"
"Streptococcus salivarius","Bifidobacterium adolescentis",-0.0137892580081692,0.769510322795073,0.0408077983638381,0.446639158347072,0.764906005132179,0.444327517784208,0.365376984126984,0.544267651625835,"0/0"
"Clostridium beijerinckii","Bifidobacterium adolescentis",-0.0252204426023998,0.591970478077047,0.0283339434332324,0.597298513500456,0.750155836282145,0.453160853963049,0.372222222222222,0.546542681624035,"0/0"
"Streptococcus thermophilus","Escherichia coli",0.018795865892141,0.689583820018676,-0.0341172914660596,0.524660411972299,-0.741211444424648,0.458565245385718,0.376240079365079,0.546542681624035,"0/0"
"Anaerostipes hadrus","Bifidobacterium angulatum",0.00192252987589697,0.967414694861446,0.0544549276482029,0.309692284874853,0.736417870671522,0.461476432330767,0.378521825396825,0.546542681624035,"0/0"
"Gemella morbillorum","Pseudobutyrivibrio xylanivorans",0.00179891190604318,0.969508866303481,0.0538959402373534,0.314692422889349,0.730297927599506,0.465208094725083,0.382440476190476,0.547709183900496,"0/0"
"Parvimonas micra","Streptococcus anginosus",0.123257867169262,0.00856159013614644,0.0716185203029801,0.181293194343205,-0.730258267158473,0.465232332438868,0.382440476190476,0.547709183900496,"+/0"
"Clostridium beijerinckii","Bifidobacterium catenulatum",0.0373981443118693,0.426651936680972,-0.013417244300041,0.802489165763579,-0.711873462986399,0.476543136253253,0.392311507936508,0.551347796960616,"0/0"
"Pseudobutyrivibrio xylanivorans","[Eubacterium] eligens",0.406823406175473,0,0.447461972596688,0,0.696329079080489,0.486222766283888,0.39905753968254,0.552924790257067,"+/+"
"Romboutsia ilealis","Streptococcus equinus",0.0865200592910891,0.0654927446940234,0.0370506617668562,0.489620815924566,-0.695567914607736,0.4866994656066,0.399454365079365,0.552924790257067,"0/0"
"Bifidobacterium adolescentis","Ruminococcus bicirculans",0.00742616647851281,0.87461649412147,-0.0421974336251029,0.431300478580234,-0.695281062195566,0.486879179997991,0.399652777777778,0.552924790257067,"0/0"
"[Eubacterium] eligens","Prevotella intermedia",0.110990979354524,0.0179955683035162,0.0618590146137829,0.248400991290195,-0.69336582652458,0.488080002483201,0.400694444444444,0.552924790257067,"+/0"
"Fusobacterium nucleatum","Ruminococcus bicirculans",-0.0173251879620866,0.712752060831212,-0.0658692330132105,0.218986510832022,-0.681123235070805,0.495793516086783,0.406746031746032,0.552924790257067,"0/0"
"[Eubacterium] eligens","Bifidobacterium adolescentis",-0.0296542367990492,0.528532514627916,-0.0778983920615468,0.145851280834074,-0.677703147916743,0.49795993011042,0.408581349206349,0.552924790257067,"0/0"
"Gemella morbillorum","Streptococcus salivarius",0.00302819068364214,0.94869570923601,0.0512252965458308,0.339306333588047,0.675579748939567,0.499307502598087,0.409771825396825,0.552924790257067,"0/0"
"Streptococcus anginosus","Streptococcus equinus",0.377541295030528,0,0.335748033578815,1.14166454068254e-10,-0.670742007683965,0.502384896980214,0.412450396825397,0.552924790257067,"+/+"
"Roseburia intestinalis","Bifidobacterium longum",0.0674177424209498,0.151526493521845,0.0207990917541315,0.698189696206849,-0.654239059193581,0.512957800831511,0.422172619047619,0.557558436972941,"0/0"
"Bifidobacterium pseudocatenulatum","Bifidobacterium longum",0.131560759681792,0.00498987454466038,0.0857541377374159,0.109260633231129,-0.649259551952341,0.516170625190836,0.425396825396825,0.558148008715791,"+/0"
"Porphyromonas asaccharolytica","[Eubacterium] eligens",-0.0315201381397118,0.502906710959005,0.0146376174559303,0.784945660711052,0.646553317831414,0.517921079118099,0.426686507936508,0.558148008715791,"0/0"
"Lactococcus garvieae","Bifidobacterium pseudocatenulatum",0.0340451630021892,0.469299268738433,-0.0114763657345165,0.830592186478494,-0.637674084078365,0.523685859042194,0.431746031746032,0.560032586912161,"0/0"
"Pseudobutyrivibrio xylanivorans","Bifidobacterium angulatum",-0.0170795876657209,0.716647683174271,0.0282622339656946,0.598227062797778,0.63509477146724,0.525366606897107,0.432738095238095,0.560032586912161,"0/0"
"Butyrivibrio proteoclasticus","Bifidobacterium bifidum",0.0335850906080718,0.475328966846428,0.0786711476829204,0.141883070342065,0.633488762757349,0.526414516786779,0.433382936507937,0.560032586912161,"0/0"
"Streptococcus anginosus","Bifidobacterium angulatum",0.0639502529291871,0.173753391687154,0.018925983668833,0.724210110598356,-0.631711271535928,0.527575561391852,0.434573412698413,0.56057526868425,"0/0"
"Butyrivibrio proteoclasticus","[Eubacterium] eligens",0.411802263362901,0,0.448409382375685,0,0.629170435191042,0.52923748203411,0.436755952380952,0.561286561652583,"+/+"
"Roseburia intestinalis","Streptococcus thermophilus",0.0599843153109838,0.202051740330989,0.0154630407402369,0.773140551743041,-0.6244675701037,0.532320561650493,0.440178571428571,0.561833683630152,"0/0"
"Lactococcus garvieae","Lactobacillus ruminis",0.0363640832160832,0.439558366417075,-0.00817924819167089,0.878812406832486,-0.624011235686192,0.532620206260302,0.44047619047619,0.561833683630152,"0/0"
"Butyrivibrio proteoclasticus","Brachyspira pilosicoli",-0.0329159757232854,0.484173466348499,0.0111730231093898,0.835004986635959,0.617594668040639,0.536842560210176,0.44469246031746,0.563181336889643,"0/0"
"Roseburia intestinalis","Bifidobacterium catenulatum",-0.0124192709556027,0.791855817685787,-0.056137191937142,0.294961347248137,-0.613043441716515,0.539847615778722,0.447222222222222,0.563893965845929,"0/0"
"Streptococcus salivarius","Ruminococcus bicirculans",-0.0126080365327615,0.788766312946124,-0.0557544054856791,0.29827147300661,-0.605022192174267,0.54516425132853,0.451736111111111,0.564944551030216,"0/0"
"Bifidobacterium catenulatum","Prevotella intermedia",-0.041801705725017,0.374210832985847,0.000769818770935349,0.988550372815605,0.596512215574312,0.550833095772433,0.456994047619048,0.564955136292082,"0/0"
"Roseburia intestinalis","Streptococcus milleri",0.0428355152603652,0.362500900195463,0.000425891414675881,0.993665504476608,-0.594270934169501,0.5523309157558,0.458482142857143,0.56561841513733,"0/0"
"Bifidobacterium angulatum","Streptococcus milleri",0.0300414673552951,0.523160411989448,-0.0123220434218414,0.818318376497986,-0.593393229918501,0.552918018624143,0.459424603174603,0.56561841513733,"0/0"
"Porphyromonas asaccharolytica","Bifidobacterium bifidum",0.015498481408765,0.741898849050366,-0.0263831088979639,0.622788123367444,-0.586612203542698,0.55746418475356,0.463492063492064,0.56768280821576,"0/0"
"Roseburia intestinalis","Fusobacterium periodonticum",-0.0454696527104697,0.333712238076448,-0.0037998965349965,0.943528677184275,0.583981658611341,0.559232652040746,0.465376984126984,0.568555703048275,"0/0"
"Clostridium beijerinckii","Streptococcus equinus",0.136297885494106,0.00361752076585553,0.0959449724394112,0.0730236824827557,-0.572908702876403,0.566706511669095,0.471775793650794,0.569676740434835,"+/0"
"Lactobacillus ruminis","Prevotella intermedia",-0.015799728586513,0.73706538717766,0.0241220904094917,0.652902211096992,0.559148415716209,0.576060434619127,0.479811507936508,0.574138890756558,"0/0"
"Clostridium beijerinckii","Bifidobacterium pseudocatenulatum",0.0257592405926716,0.584078545874555,-0.013593845558672,0.799944060071975,-0.551191479737277,0.581502420171139,0.484623015873016,0.577226648102695,"0/0"
"Prevotella intermedia","Adlercreutzia equolifaciens",-0.0412315430387164,0.380767683150336,-0.0019072948653691,0.971637504999944,0.551023593530195,0.581617501064221,0.484771825396825,0.577226648102695,"0/0"
"[Eubacterium] eligens","Bifidobacterium angulatum",0.0184662391471973,0.694752337504009,-0.0206836002459256,0.699784246665075,-0.548324386552297,0.583469185454008,0.485962301587302,0.577226648102695,"0/0"
"Brachyspira pilosicoli","Romboutsia ilealis",0.0318195393675584,0.498856611019444,-0.00663925557066051,0.901500451799885,-0.538728140513511,0.5900744535611,0.492509920634921,0.581965546217198,"0/0"
"Bifidobacterium adolescentis","Adlercreutzia equolifaciens",-0.017262496477721,0.713745745393376,0.0211055898042502,0.693964428229111,0.537373927317992,0.591009349317567,0.493402777777778,0.581965546217198,"0/0"
"Clostridium beijerinckii","Streptococcus milleri",0.0996917085620289,0.0337039818740803,0.0621136731541081,0.24645502098104,-0.529773643697992,0.596268881049649,0.498759920634921,0.583669437974611,"+/0"
"Lactobacillus ruminis","Streptococcus salivarius",0.0283419671437329,0.546943635621967,-0.0091326367682025,0.864814841037647,-0.524903580763854,0.599650220059464,0.501835317460318,0.58501295390346,"0/0"
"Pseudobutyrivibrio xylanivorans","Brachyspira pilosicoli",-0.0266169426462101,0.571617256183297,0.0104429613796934,0.845646345168477,0.519079630086511,0.603705212580146,0.505555555555556,0.587072839246201,"0/0"
"Dialister pneumosintes","Clostridium beijerinckii",0.0302560668609579,0.520195320056291,0.067212097405351,0.209717058604012,0.518823436588243,0.603883872893102,0.505952380952381,0.587072839246201,"0/0"
"Dialister pneumosintes","Bifidobacterium pseudocatenulatum",-0.0715712205833364,0.127824526668031,-0.0348774677483172,0.515458814776212,0.515377141929274,0.606289502288574,0.508581349206349,0.588000589741462,"0/0"
"Prevotella intermedia","Ruminococcus bicirculans",0.0239310545566501,0.61105176082633,-0.0124724310949258,0.816140257443359,-0.509866835489563,0.610144757855822,0.512053571428571,0.588323563192419,"0/0"
"Clostridium beijerinckii","Escherichia coli",-0.0320928801557386,0.495174181705816,-0.0679845675626861,0.204514797155458,-0.503943022795765,0.61430141647519,0.516121031746032,0.589470410242199,"0/0"
"Bifidobacterium angulatum","Ruminococcus bicirculans",-0.00818617436500543,0.861907009288811,-0.0437371328457251,0.414665950949666,-0.498243446301667,0.618312463423543,0.519890873015873,0.591251962192953,"0/0"
"Brachyspira pilosicoli","Adlercreutzia equolifaciens",-0.014409915926301,0.75944817361178,0.0209035130179136,0.696749129372288,0.494585262124528,0.620892907532743,0.522271825396825,0.591251962192953,"0/0"
"Streptococcus thermophilus","Ruminococcus bicirculans",0.00334620652187374,0.943316426490679,-0.031490144758848,0.557093022114232,-0.487993684415237,0.625554314515224,0.526438492063492,0.591251962192953,"0/0"
"Anaerostipes hadrus","Streptococcus anginosus",0.0201740801700235,0.668131880225655,-0.0144638173394987,0.78743772070463,-0.48512097764587,0.627590532335205,0.528422619047619,0.591251962192953,"0/0"
"Romboutsia ilealis","Streptococcus anginosus",0.107544567982051,0.0219163196122052,0.0733460115198189,0.17096358283074,-0.482915026726526,0.629156071769028,0.529811507936508,0.591251962192953,"+/0"
"Porphyromonas asaccharolytica","Streptococcus equinus",-0.0630749241413522,0.179730286368474,-0.0287461364822094,0.591973823589434,0.481802997749545,0.629945899636451,0.530753968253968,0.591251962192953,"0/0"
"Gemella morbillorum","Anaerostipes hadrus",-0.0119463762272812,0.799609849965854,0.0221643448241145,0.679442260924312,0.477744745643282,0.632831892536815,0.533531746031746,0.591251962192953,"0/0"
"Fusobacterium nucleatum","Bifidobacterium adolescentis",-0.0109001806489498,0.816833357795356,-0.0449623008083959,0.401703534429772,-0.477424110508026,0.633060148815594,0.533829365079365,0.591251962192953,"0/0"
"Dialister pneumosintes","Streptococcus milleri",0.0525544792473506,0.263789952321379,0.0185386985357372,0.729631103867274,-0.477005356857246,0.633358307097274,0.534077380952381,0.591251962192953,"0/0"
"Streptococcus equinus","Ruminococcus bicirculans",-0.0175129670683345,0.709778600774932,-0.0514020402486173,0.337640357709303,-0.475191894384099,0.63465020396341,0.535416666666667,0.591251962192953,"0/0"
"Clostridium beijerinckii","Bifidobacterium angulatum",-0.0247710542747055,0.5985898792743,0.00912385944121644,0.864943523469868,0.474738305677483,0.6349735113631,0.535912698412698,0.591251962192953,"0/0"
"Anaerostipes hadrus","Streptococcus milleri",0.0192375935170774,0.682680179144824,-0.0146070924470884,0.785383190216655,-0.474008185392426,0.635494070208256,0.536507936507936,0.591251962192953,"0/0"
"Bifidobacterium longum","Escherichia coli",-0.0523200028350452,0.265929447724885,-0.08574917955397,0.109281202571749,-0.470428215921008,0.63804910921598,0.539285714285714,0.591251962192953,"0/0"
"Bifidobacterium bifidum","Prevotella intermedia",-0.0213893849058206,0.649436525666723,0.0121475476801942,0.82084741146332,0.469704681282461,0.638566022855288,0.539632936507937,0.591251962192953,"0/0"
"Gemella morbillorum","Escherichia coli",0.000245789283855829,0.995832937172791,-0.0329986133097744,0.538352208689794,-0.465721877962533,0.641414590246429,0.543055555555556,0.593225644678541,"0/0"
"Romboutsia ilealis","Porphyromonas asaccharolytica",-0.0473715732205219,0.313866506310302,-0.0143312209262826,0.789340434866454,0.463179677374854,0.643235581964585,0.545386904761905,0.594649816789431,"0/0"
"Streptococcus thermophilus","Bifidobacterium longum",0.02198410629615,0.640366424511358,0.0544565337176555,0.309677994297579,0.455448883331511,0.648786334208688,0.551537698412698,0.59844784226517,"0/0"
"Roseburia intestinalis","Escherichia coli",-0.0109350867473841,0.816257225242205,-0.0432054769691226,0.420366682037915,-0.452284785559579,0.651063835040156,0.553769841269841,0.600422094356544,"0/0"
"Porphyromonas asaccharolytica","Bifidobacterium catenulatum",-0.00633129415523513,0.892981845918818,-0.038138908591986,0.476947925364885,-0.445691282251784,0.655820262680428,0.558581349206349,0.603103852507098,"0/0"
"Fusobacterium periodonticum","Streptococcus anginosus",0.100215863803049,0.0327759394669833,0.131601880122126,0.0137410076483726,0.445553752734458,0.65591962346339,0.558730158730159,0.603103852507098,"+/+"
"Brachyspira pilosicoli","[Eubacterium] eligens",-0.020627213881484,0.661136401475463,0.011023230395706,0.837185976608736,0.44327950327171,0.657563579404191,0.560714285714286,0.603770072614213,"0/0"
"Gemella morbillorum","Adlercreutzia equolifaciens",-0.00359004401995899,0.939193612356925,-0.0350782078363245,0.51304294210409,-0.441161116163946,0.659096360962337,0.562251984126984,0.603770072614213,"0/0"
"Clostridium beijerinckii","Bifidobacterium bifidum",0.00879907984989849,0.851683226640938,0.0399785470716255,0.455937688384146,0.436932093936828,0.662160595819531,0.565228174603175,0.604231073414113,"0/0"
"Roseburia intestinalis","[Eubacterium] eligens",0.189071898918856,5.0322334968822e-05,0.218575718479946,3.71495433850733e-05,0.43111810772123,0.66638249488105,0.569047619047619,0.605471625286629,"+/+"
"Roseburia intestinalis","Streptococcus anginosus",0.0230273870067594,0.624584617508498,-0.00724830847656343,0.892516907357164,-0.424039107361385,0.671537292790586,0.574206349206349,0.60896700141778,"0/0"
"Parvimonas micra","Lactobacillus ruminis",0.0213761248407145,0.649639352993604,-0.00852133026891831,0.873785413676413,-0.418731937311675,0.675412052106307,0.578025793650794,0.609905898267637,"0/0"
"Anaerostipes hadrus","Bifidobacterium catenulatum",0.0844749776990544,0.0721477177339152,0.113352037384116,0.0340167537412497,0.408419272253268,0.682965886800054,0.586309523809524,0.612428951740649,"0/+"
"Brachyspira pilosicoli","Bifidobacterium adolescentis",-0.0128343159020729,0.785067187097553,0.0159798558686197,0.7657754469863,0.403542080587658,0.686549484502568,0.590178571428571,0.614705234764589,"0/0"
"Bifidobacterium bifidum","Escherichia coli",-0.0335754254920259,0.475456090340928,-0.00513678431186687,0.92371334279942,0.398430406348904,0.690312948240316,0.594097222222222,0.616239433927512,"0/0"
"Dialister pneumosintes","Escherichia coli",-0.0297658833907655,0.526980758553518,-0.00143493659668677,0.978659782678469,0.396869245904964,0.691463883969186,0.595039682539683,0.616239433927512,"0/0"
"Dialister pneumosintes","Streptococcus thermophilus",0.0286740478269017,0.542254798041869,0.000411985467129782,0.993872330456148,-0.395891535529083,0.692185045676198,0.595734126984127,0.616519815523177,"0/0"
"Butyrivibrio proteoclasticus","Lactobacillus ruminis",0.12725622639177,0.00662647840221631,0.0999629095672913,0.0617444565098961,-0.387238571608018,0.698579597321925,0.601587301587302,0.617730792358149,"+/0"
"Gemella morbillorum","Bifidobacterium bifidum",0.0170308475591073,0.717421659445529,-0.0102714329639402,0.848150686557957,-0.382368783322258,0.702187841704572,0.605505952380952,0.617730792358149,"0/0"
"Bifidobacterium pseudocatenulatum","Bifidobacterium adolescentis",-0.00155724948367469,0.973603382152196,0.0257363782725101,0.631340724622311,0.382299111871247,0.702239513374411,0.605605158730159,0.617730792358149,"0/0"
"Fusobacterium nucleatum","Bifidobacterium longum",-0.0370400050022245,0.431096861793103,-0.0642188244622301,0.230775481105609,-0.381613653421498,0.702747955388444,0.606200396825397,0.617730792358149,"0/0"
"Prevotella intermedia","Escherichia coli",-0.0383131059461411,0.415417870902439,-0.0654191664534526,0.222157797682862,-0.380640317461971,0.703470160386079,0.607043650793651,0.617730792358149,"0/0"
"Brachyspira pilosicoli","Ruminococcus bicirculans",-0.0156951106312678,0.738742801774055,0.0111189310024406,0.835792425806932,0.375527840351679,0.707267945274885,0.611309523809524,0.6196230124961,"0/0"
"Streptococcus milleri","Ruminococcus bicirculans",-0.017228148412857,0.714290381072373,-0.0437103773997575,0.41495174668286,-0.371223085519167,0.710471379890196,0.614186507936508,0.620227823975431,"0/0"
"Parvimonas micra","Bifidobacterium longum",-0.0156056792760462,0.740177702238106,0.0106499065276035,0.8426269817849,0.367706149437883,0.713092354742667,0.617361111111111,0.62048949333187,"0/0"
"Bifidobacterium pseudocatenulatum","Streptococcus equinus",0.0120909510495109,0.797237134751034,-0.0141440849505657,0.792027900827142,-0.367416449754632,0.713308403217118,0.617410714285714,0.62048949333187,"0/0"
"Dialister pneumosintes","Lactococcus garvieae",0.0573467791595618,0.222639719602202,0.0834010790084262,0.11936983017397,0.366701203774642,0.713841908540676,0.617906746031746,0.62048949333187,"0/0"
"Romboutsia ilealis","Escherichia coli",-0.0304136069239343,0.518024119997069,-0.00462408877556773,0.931307612339336,0.361286895918937,0.717884988655086,0.623462301587302,0.624874155887326,"0/0"
"Dialister pneumosintes","Ruminococcus bicirculans",0.00521322325013752,0.911795472990246,-0.0205672986947178,0.701391314029184,-0.361071265301564,0.718046173259689,0.623561507936508,0.624874155887326,"0/0"
"Streptococcus anginosus","Adlercreutzia equolifaciens",0.0122198982657668,0.795122468435034,0.0379117310612756,0.479578603328876,0.360034041854051,0.7188216764995,0.624652777777778,0.624875488255807,"0/0"
"Bifidobacterium pseudocatenulatum","Ruminococcus bicirculans",-0.068872895891094,0.142869509425313,-0.0433650476688717,0.418650874344083,0.358359736116118,0.72007411936633,0.626041666666667,0.625206620195566,"0/0"
"Brachyspira pilosicoli","Porphyromonas asaccharolytica",-0.0126140941809544,0.788667222635425,0.0126835287229811,0.813085242148176,0.354286366725795,0.723124283801377,0.629414682539683,0.625438411565413,"0/0"
"Lactococcus garvieae","Bifidobacterium adolescentis",-0.0158360778444333,0.73648286515067,0.00938591658404385,0.861103113036771,0.353230772453563,0.723915439845256,0.630555555555556,0.625438411565413,"0/0"
"Lactococcus garvieae","Prevotella intermedia",0.0286011085405592,0.54328295521102,0.003430161549098,0.949015557783196,-0.352602583224481,0.724386400701823,0.631001984126984,0.625438411565413,"0/0"
"Lactococcus garvieae","Fusobacterium periodonticum",0.00782582392420648,0.867928855752479,-0.0172403959506607,0.74790096010315,-0.351053069346556,0.725548535206677,0.632242063492063,0.625814948174352,"0/0"
"Ruminococcus bicirculans","Bifidobacterium longum",0.00491339067565644,0.916849551345941,-0.0200821708161621,0.708109147195685,-0.350075777345513,0.72628182896812,0.633184523809524,0.626010343911896,"0/0"
"[Eubacterium] eligens","Lactobacillus ruminis",0.0591054960973972,0.208752041841382,0.0350617540305178,0.513240739654039,-0.33747268091125,0.735760602972558,0.644196428571429,0.630782134165029,"0/0"
"Gemella morbillorum","Clostridium beijerinckii",0.0788548302735336,0.0933151538449501,0.102086370698445,0.056389084581957,0.328034266461546,0.742885753941969,0.652430555555556,0.632804992502941,"0/0"
"Bifidobacterium catenulatum","Bifidobacterium pseudocatenulatum",0.389198483292037,0,0.40875953669704,1.55431223447522e-15,0.325815625802096,0.744563855612905,0.654712301587302,0.632804992502941,"+/+"
"Roseburia intestinalis","Bifidobacterium adolescentis",-0.00150089870729224,0.974558243871379,-0.0246662725196053,0.645600286425055,-0.324477557007324,0.745576510825051,0.656547619047619,0.633481464851237,"0/0"
"Lactococcus garvieae","[Eubacterium] eligens",0.0428413269511609,0.362435724636891,0.0201826089201945,0.706716447115412,-0.31764135707857,0.750756999158226,0.662450396825397,0.634146584187229,"0/0"
"Adlercreutzia equolifaciens","Escherichia coli",-0.0479988026175545,0.307494917046456,-0.0699977013852915,0.191397723743242,-0.309160964112833,0.757199086380432,0.670039682539682,0.635527805988444,"0/0"
"Adlercreutzia equolifaciens","Ruminococcus bicirculans",0.242495101103311,1.68648124798665e-07,0.263110601855648,5.94528304365127e-07,0.308424189477543,0.757759577981674,0.670882936507937,0.635527805988444,"+/+"
"Bifidobacterium catenulatum","Ruminococcus bicirculans",-0.0350458630175463,0.456330889597767,-0.0568381461218959,0.288963631647048,-0.305836479107369,0.759729152091185,0.673065476190476,0.635527805988444,"0/0"
"Dialister pneumosintes","Bifidobacterium longum",-0.0432168097916091,0.358240361542961,-0.0217343595187586,0.68532615047972,0.301169123692186,0.763285533134986,0.676438492063492,0.6367517741135,"0/0"
"Bifidobacterium pseudocatenulatum","Streptococcus thermophilus",-0.0240883616989987,0.608709307141009,-0.00273925906739164,0.959274829640081,0.299037634409644,0.764911330505735,0.678521825396825,0.6367517741135,"0/0"
"Parvimonas micra","Bifidobacterium pseudocatenulatum",-0.0288788594340436,0.539372939874119,-0.00815643146544386,0.879147880519595,0.29030647098361,0.771581788791142,0.686458333333333,0.640124540810408,"0/0"
"Lactobacillus ruminis","Streptococcus equinus",0.0341707847486748,0.46766023054669,0.0134691231973789,0.801741290412583,-0.290080680755191,0.771754515195522,0.686607142857143,0.640124540810408,"0/0"
"Fusobacterium periodonticum","Bifidobacterium pseudocatenulatum",-0.0497958895352441,0.289715168533954,-0.0292573419596357,0.585400408638902,0.288081738985311,0.773284170543543,0.688194444444444,0.640124540810408,"0/0"
"Bifidobacterium bifidum","Ruminococcus bicirculans",0.00220171541033548,0.96268595061252,-0.0181414825972126,0.735205111970849,-0.284913717117979,0.775710246612894,0.690972222222222,0.641201325028591,"0/0"
"Brachyspira pilosicoli","Escherichia coli",-0.013535227815319,0.773639968689632,-0.0334513076983779,0.532790130551646,-0.279067708088735,0.780192864236615,0.696031746031746,0.643843338238384,"0/0"
"Anaerostipes hadrus","Bifidobacterium bifidum",0.0920387458810432,0.0500133017708588,0.0724839217423544,0.176062256629644,-0.275720221491182,0.78276296294316,0.699503968253968,0.644397470514158,"0/0"
"Streptococcus anginosus","Ruminococcus bicirculans",-0.0170746671308677,0.716725806442559,-0.0366202137260821,0.49468284325944,-0.273921679066137,0.784144811060107,0.700843253968254,0.644397470514158,"0/0"
"Streptococcus milleri","Bifidobacterium longum",0.0314310013833569,0.504115830543607,0.050849590650979,0.342865124124184,0.272407260398636,0.785308890730899,0.701984126984127,0.644397470514158,"0/0"
"Romboutsia ilealis","Bifidobacterium pseudocatenulatum",-0.000890632183360539,0.984901228244419,-0.0202996363470449,0.705094947802231,-0.271842410728644,0.785743193665636,0.702380952380952,0.644397470514158,"0/0"
"Bifidobacterium pseudocatenulatum","Escherichia coli",-0.0605356087850299,0.197929111385269,-0.0411987673466428,0.442292709453675,0.27150384735469,0.786003541039651,0.702827380952381,0.644397470514158,"0/0"
"Streptococcus milleri","Adlercreutzia equolifaciens",0.0232838454424371,0.620730917991551,0.0420144791132161,0.43330236045051,0.262591091935362,0.792865766785592,0.711210317460317,0.647997026463006,"0/0"
"Brachyspira pilosicoli","Clostridium beijerinckii",-0.0103110655535932,0.826571472154322,0.00787669746111862,0.883262539782881,0.254708515804775,0.798948238477529,0.71969246031746,0.650878077040523,"0/0"
"Streptococcus milleri","Prevotella intermedia",0.00213956206704471,0.963738574271833,-0.0160340847206645,0.765003842360998,-0.254522724746002,0.799091750210013,0.719791666666667,0.650878077040523,"0/0"
"Bifidobacterium catenulatum","Streptococcus salivarius",-0.021310077075904,0.650650011741258,-0.00321732579172213,0.952175156892417,0.253415604795941,0.799947070249477,0.720486111111111,0.650878077040523,"0/0"
"Streptococcus equinus","Streptococcus milleri",0.398083663725024,0,0.412874397264464,8.88178419700125e-16,0.247894369172877,0.80421613670962,0.72609126984127,0.654084217897991,"+/+"
"Bifidobacterium adolescentis","Escherichia coli",-0.0314900037183974,0.503315306459621,-0.013880188584425,0.795821903608954,0.24674091062818,0.805108743113038,0.727281746031746,0.654084217897991,"0/0"
"Roseburia intestinalis","Lactobacillus ruminis",0.0694343459023869,0.139632371306288,0.0518826389275296,0.333136775655978,-0.246707976660672,0.805134232871537,0.727331349206349,0.654084217897991,"0/0"
"Pseudobutyrivibrio xylanivorans","Adlercreutzia equolifaciens",0.276193309332515,2.1569706021296e-09,0.2921285143651,2.58293615384986e-08,0.242766006064669,0.808186671100992,0.731299603174603,0.654895619872063,"+/+"
"Brachyspira pilosicoli","Streptococcus salivarius",-0.0107455480780356,0.819386783693633,-0.0280588006957892,0.600864816930576,-0.242551863757588,0.808352574841978,0.731646825396825,0.654895619872063,"0/0"
"[Eubacterium] eligens","Bifidobacterium longum",-0.0860443399565654,0.0669939590079129,-0.0689335852772581,0.198252317236145,0.24107226275129,0.80949910999682,0.733134920634921,0.654895619872063,"0/0"
"Anaerostipes hadrus","Lactococcus garvieae",0.0256455583167113,0.585739615215613,0.00857258037184405,0.873032710548076,-0.239165511136341,0.810977244813075,0.734821428571429,0.655552884006198,"0/0"
"Fusobacterium periodonticum","Adlercreutzia equolifaciens",-0.0339790030552041,0.47016375574864,-0.050610474941117,0.345142418480904,-0.233329650582616,0.81550543609385,0.740426587301587,0.655728896469321,"0/0"
"Lactococcus garvieae","Streptococcus anginosus",0.0246257489592199,0.600737335223323,0.00852706569669127,0.873701172581916,-0.22551252200211,0.821580585094253,0.748759920634921,0.659627466504159,"0/0"
"Lactobacillus ruminis","Adlercreutzia equolifaciens",-0.00534015326878776,0.909656957050389,0.0107532130353654,0.841120581686313,0.225377737314199,0.821685429195234,0.74890873015873,0.659627466504159,"0/0"
"Fusobacterium nucleatum","Bifidobacterium catenulatum",-0.00494389227221775,0.916335249677833,-0.0208804899568762,0.69706665580697,-0.223217780229,0.823366014408491,0.751240079365079,0.661165228806802,"0/0"
"Fusobacterium nucleatum","Lactobacillus ruminis",0.00198949237685726,0.966280397713766,-0.0138298739820992,0.796545818772306,-0.221546517169425,0.824666920858024,0.752628968253968,0.661165228806802,"0/0"
"Bifidobacterium angulatum","Streptococcus thermophilus",-0.00310019345480883,0.947477559284088,-0.0186001280650846,0.728770342406117,-0.217090720309311,0.828137645647755,0.757242063492063,0.663520333689488,"0/0"
"Bifidobacterium angulatum","Bifidobacterium pseudocatenulatum",0.134970289082604,0.0039627081064435,0.119787496127539,0.0250210752632445,-0.216130799096881,0.82888579281843,0.758085317460317,0.663520333689488,"+/+"
"Fusobacterium nucleatum","Brachyspira pilosicoli",-0.0131905328433048,0.779253714125294,0.00212047636190399,0.968468943118359,0.214425865365534,0.830214973062577,0.759821428571429,0.663520333689488,"0/0"
"Brachyspira pilosicoli","Streptococcus milleri",-0.00782141211407645,0.868002629965931,-0.0229134550258564,0.6692379633133,-0.211402647297885,0.832573091179572,0.763244047619048,0.664410577915471,"0/0"
"Streptococcus anginosus","Bifidobacterium longum",0.0475807540785526,0.311732030036971,0.0624406424217892,0.243972120281634,0.208733169049208,0.834656545279469,0.766517857142857,0.665072659945334,"0/0"
"Fusobacterium periodonticum","Bifidobacterium angulatum",-0.00920085146057216,0.844994679780559,-0.0240253449807932,0.654203856340982,-0.207663070727922,0.835492054334165,0.767509920634921,0.665312126826126,"0/0"
"Brachyspira pilosicoli","Bifidobacterium longum",-0.0238178816558599,0.612739472483298,-0.00929904416280938,0.862375858434985,0.203380887865208,0.838837336912462,0.771577380952381,0.667472499484229,"0/0"
"Bifidobacterium angulatum","Streptococcus equinus",0.0100124881086301,0.8315172488978,-0.00405049667862551,0.939811262412787,-0.196942790344431,0.843872307522552,0.778621031746032,0.670751985180353,"0/0"
"Bifidobacterium catenulatum","Bifidobacterium angulatum",0.277825075113708,1.71913905333554e-09,0.26495836269547,4.9213588493302e-07,-0.194515494143542,0.845772264848794,0.781646825396825,0.670751985180353,"+/+"
"Anaerostipes hadrus","Bifidobacterium longum",0.1533475604205,0.00104612660241132,0.166820299907196,0.00173779277171682,0.193637570441628,0.846459677972643,0.782440476190476,0.670751985180353,"+/+"
"[Eubacterium] eligens","Bifidobacterium bifidum",-0.0132972505802479,0.777514453788147,-0.0270771875123454,0.613665445503379,-0.193055731826426,0.846915321281423,0.782837301587302,0.670751985180353,"0/0"
"[Eubacterium] eligens","Ruminococcus bicirculans",0.181452112276449,0.0001011099401802,0.194653042910393,0.000248596096432685,0.191646124066564,0.848019410335008,0.783878968253968,0.670751985180353,"+/+"
"Parvimonas micra","Bifidobacterium bifidum",-0.0246449174115643,0.600453847566661,-0.0109753471956544,0.837883422279696,0.191492150625776,0.848140029647031,0.783928571428571,0.670751985180353,"0/0"
"Brachyspira pilosicoli","Streptococcus equinus",-0.0197058671757612,0.67539045085944,-0.0332794977274191,0.534897679114481,-0.190221324131268,0.849135701945929,0.785416666666667,0.671460451148991,"0/0"
"Gemella morbillorum","Bifidobacterium pseudocatenulatum",-0.0248040749683824,0.59810235341796,-0.0114066357881602,0.831606099848285,0.187681839067519,0.851126067600389,0.788492063492063,0.672651301873638,"0/0"
"Fusobacterium nucleatum","Lactococcus garvieae",-0.00715455112335398,0.87916667972274,-0.0202379164807283,0.705949955334219,-0.183256213396552,0.854596989176272,0.793353174603175,0.674762189825588,"0/0"
"Lactococcus garvieae","Streptococcus thermophilus",0.0505771009838291,0.282205661090315,0.0375275687336887,0.484045015780973,-0.183103373186259,0.854716909101054,0.793452380952381,0.674762189825588,"0/0"
"Fusobacterium nucleatum","[Eubacterium] eligens",-0.0282872809687352,0.547717695053784,-0.0152685781812819,0.775917142527964,0.182402778204213,0.855266645689069,0.794196428571429,0.675000431176719,"0/0"
"Lactococcus garvieae","Porphyromonas asaccharolytica",-0.0150574503613533,0.748993411125381,-0.0276026892250915,0.606797770233087,-0.175765584662128,0.860478108121119,0.801488095238095,0.679382194193187,"0/0"
"Lactobacillus ruminis","Streptococcus thermophilus",0.0197304370810129,0.67500879446702,0.032169405449652,0.548615012218997,0.174314733627881,0.861618120747493,0.802976190476191,0.679878299094368,"0/0"
"Anaerostipes hadrus","Lactobacillus ruminis",0.0319293373867326,0.497375678360882,0.0196328842605175,0.714350915594102,-0.172316025259266,0.863189086456854,0.805109126984127,0.679878299094368,"0/0"
"Bifidobacterium catenulatum","Bifidobacterium longum",0.206004732747566,9.65103246741705e-06,0.194326055993714,0.000254759464653809,-0.170376585772005,0.864713984764401,0.806597222222222,0.679878299094368,"+/+"
"Brachyspira pilosicoli","Prevotella intermedia",-0.0133285156367167,0.777005113282006,-0.00116321470562558,0.982700096162057,0.170373709349297,0.864716246748184,0.806597222222222,0.679878299094368,"0/0"
"Bifidobacterium pseudocatenulatum","Bifidobacterium bifidum",0.0210743777220764,0.654261879547662,0.00893267494760317,0.86774731569286,-0.170072570037506,0.864953065164737,0.806746031746032,0.679878299094368,"0/0"
"Dialister pneumosintes","Bifidobacterium catenulatum",-0.0300483827602811,0.523064728142108,-0.0420837910005974,0.432543323312848,-0.168765218924228,0.865981317126977,0.808382936507936,0.680457577074686,"0/0"
"Brachyspira pilosicoli","Streptococcus thermophilus",-0.0128612498901414,0.784627201142956,-0.000859801172959999,0.98721215952033,0.168078007797262,0.866521910443447,0.808978174603175,0.680457577074686,"0/0"
"Gemella morbillorum","Brachyspira pilosicoli",-0.0132553856758329,0.778196626143835,-0.00128043104422361,0.980957111385792,0.16770791966173,0.866813065451649,0.809126984126984,0.680457577074686,"0/0"
"Streptococcus anginosus","Bifidobacterium pseudocatenulatum",-0.0321680593949274,0.494163915521645,-0.0202769227238894,0.70540955738287,0.16663982480341,0.867653456135553,0.809970238095238,0.680457577074686,"0/0"
"Fusobacterium periodonticum","Bifidobacterium bifidum",-0.0341141468140664,0.468398817109595,-0.0224900787984347,0.674997823900279,0.162915583557925,0.87058490084918,0.812946428571429,0.681150399384203,"0/0"
"Gemella morbillorum","Bifidobacterium longum",0.0153008450929456,0.745075426251554,0.00403617496300183,0.940023677035078,-0.157766661526017,0.874640669848751,0.818303571428571,0.682336959875381,"0/0"
"Dialister pneumosintes","[Eubacterium] eligens",-0.0142719810204842,0.761680945972861,-0.00325647752924431,0.951593882073374,0.154274329840195,0.877393436805597,0.822470238095238,0.683708614094984,"0/0"
"Bifidobacterium catenulatum","Streptococcus equinus",-0.00695082564862677,0.88258217360685,-0.0178944360160361,0.738678878006023,-0.153279314279892,0.878178012713516,0.823809523809524,0.684081400567702,"0/0"
"Porphyromonas asaccharolytica","Clostridium beijerinckii",-0.0100793795454494,0.830408642290893,-0.0210035441566443,0.695370147808641,-0.153020294502017,0.878382271067681,0.824156746031746,0.684081400567702,"0/0"
"Bifidobacterium angulatum","Streptococcus salivarius",-0.0092070111226236,0.844892221318569,-0.0200167079186689,0.70901739608794,-0.151412609117644,0.879650243498072,0.825793650793651,0.684182371820953,"0/0"
"Streptococcus equinus","Prevotella intermedia",-0.0178784730002504,0.704003506862207,-0.0072415960268269,0.892615843495591,0.148983548538425,0.881566614444284,0.828075396825397,0.684182371820953,"0/0"
"Streptococcus salivarius","Bifidobacterium pseudocatenulatum",-0.011856064786997,0.801092949709945,-0.0223208520601848,0.677305420819667,-0.146592845693134,0.883453400985071,0.830605158730159,0.684182371820953,"0/0"
"Roseburia intestinalis","Bifidobacterium angulatum",-0.0231361618361196,0.622948843096214,-0.0335498951316229,0.531582675741513,-0.145952310646286,0.883959035767513,0.831200396825397,0.684182371820953,"0/0"
"Gemella morbillorum","Bifidobacterium angulatum",0.0337610214107507,0.473018232733718,0.0234170944989364,0.662411327337957,-0.144975963269093,0.884729849801373,0.83234126984127,0.684182371820953,"0/0"
"Clostridium beijerinckii","Prevotella intermedia",-0.0165365159688665,0.725287695530856,-0.00667553771036939,0.900964925827942,0.1381126915385,0.890151355507247,0.839632936507936,0.685970481729819,"0/0"
"Fusobacterium nucleatum","Bifidobacterium bifidum",-0.0234884549535902,0.617663748212413,-0.032892356465435,0.539661935140389,-0.131797787136809,0.895144236892953,0.846875,0.687786995732236,"0/0"
"Fusobacterium periodonticum","Bifidobacterium catenulatum",-0.0192861870297058,0.681922324537381,-0.0101554660747451,0.849844687894534,0.127895061967807,0.898232018933148,0.85109126984127,0.687786995732236,"0/0"
"Porphyromonas asaccharolytica","Streptococcus milleri",-0.0121941311324907,0.795544916444433,-0.0213161584264017,0.691067077273808,-0.127781471341623,0.898321913573563,0.851190476190476,0.687786995732236,"0/0"
"Fusobacterium nucleatum","Streptococcus thermophilus",0.00701360889976999,0.881529366215199,0.0160801063638181,0.764349197518959,0.12698487399452,0.898952370429966,0.851884920634921,0.687786995732236,"0/0"
"Lactobacillus ruminis","Escherichia coli",-0.0204251827288734,0.664251761075171,-0.0114477435427819,0.831008335670341,0.125752685166537,0.899927696116503,0.853273809523809,0.68784580054393,"0/0"
"Brachyspira pilosicoli","Bifidobacterium bifidum",-0.0137939198648017,0.769434597702915,-0.0226203199471729,0.673223907354527,-0.123646545753901,0.901595137052867,0.855208333333333,0.689023539079456,"0/0"
"Porphyromonas asaccharolytica","Streptococcus salivarius",-0.0345209629105812,0.463108047638521,-0.0258488305539019,0.629850037701614,0.121555908260882,0.903250734564012,0.857986111111111,0.690065541175878,"0/0"
"Brachyspira pilosicoli","Streptococcus anginosus",-0.0118597598649468,0.801032254863233,-0.0204582749674864,0.702899024592317,-0.120445648826866,0.904130132046408,0.859821428571429,0.690065541175878,"0/0"
"Gemella morbillorum","Streptococcus milleri",0.131056109884107,0.00516078370926376,0.122933180162031,0.021427057071822,-0.115618700718914,0.907954741273387,0.863988095238095,0.691042149263945,"+/+"
"Porphyromonas asaccharolytica","Streptococcus anginosus",-0.0087253190571495,0.852912340285265,-0.0169385396720873,0.752169424037182,-0.11503738760415,0.908415487722666,0.864831349206349,0.691042149263945,"0/0"
"Butyrivibrio proteoclasticus","Lactococcus garvieae",0.102216342166817,0.0294317889483673,0.110197852579693,0.0393491114844826,0.113048744428482,0.90999191041171,0.866914682539683,0.691042149263945,"+/+"
"Dialister pneumosintes","Bifidobacterium adolescentis",0.0480647376311417,0.30683012113475,0.0403399417794584,0.451872042760101,-0.108390227859241,0.913686152505175,0.871974206349206,0.692939271112467,"0/0"
"Brachyspira pilosicoli","Bifidobacterium catenulatum",-0.0101364827463447,0.829462524317218,-0.0175991078584125,0.742838514389714,-0.104527059936623,0.916751095171736,0.877232142857143,0.694840718842241,"0/0"
"Bifidobacterium catenulatum","Lactobacillus ruminis",-0.00723050382610951,0.877893888925797,2.17473800816094e-05,0.999676536989957,0.101562164357613,0.919104212573212,0.880654761904762,0.696036124320927,"0/0"
"Lactobacillus ruminis","Streptococcus milleri",0.0500765761850955,0.28700173831832,0.0572692023254852,0.285316210287814,0.101016859144084,0.919537076973318,0.881448412698413,0.696181519078696,"0/0"
"Pseudobutyrivibrio xylanivorans","Butyrivibrio proteoclasticus",0.928909518532307,0,0.929853927788116,0,0.0970694940078006,0.922671206684014,0.886210317460317,0.69739651299853,"+/+"
"Romboutsia ilealis","Bifidobacterium angulatum",-0.0104703295481697,0.823936137224809,-0.00389548096374138,0.942110624216344,0.0920791477291428,0.926635155760075,0.891815476190476,0.700498709278442,"0/0"
"Anaerostipes hadrus","Ruminococcus bicirculans",0.0254723192939343,0.588275092391113,0.0189426901366493,0.723976570395883,-0.0914862574105076,0.927106225439466,0.892559523809524,0.700498709278442,"0/0"
"Porphyromonas asaccharolytica","Streptococcus thermophilus",-0.0483815829777843,0.30364874311868,-0.0421286350706422,0.432052642818154,0.0877461683124901,0.930078424105506,0.897371031746032,0.701711962183624,"0/0"
"Bifidobacterium catenulatum","Streptococcus thermophilus",-0.016730513646587,0.722197214630731,-0.0228676404491302,0.669860325348622,-0.0859781910229543,0.931483754059364,0.899454365079365,0.701711962183624,"0/0"
"Lactococcus garvieae","Bifidobacterium angulatum",-0.00390536116512709,0.933864640925864,0.00212465212626042,0.968406882631554,0.0844445240626191,0.932703008595852,0.901240079365079,0.701711962183624,"0/0"
"Brachyspira pilosicoli","Lactobacillus ruminis",-0.00607995601195717,0.897206234544067,-0.0119922861101553,0.823099239067171,-0.0828031701388548,0.934008048380334,0.902777777777778,0.702196296599776,"0/0"
"Bifidobacterium catenulatum","Streptococcus milleri",-0.014943208548999,0.750834625948472,-0.0206548461303683,0.70018144990852,-0.080011239122495,0.936228317103935,0.906051587301587,0.703287195471246,"0/0"
"Parvimonas micra","Escherichia coli",-0.0202673447726901,0.666689686052094,-0.0147962271234617,0.782673324665084,0.0766411845092884,0.938908994786651,0.910119047619048,0.704170115012035,"0/0"
"Fusobacterium nucleatum","Bifidobacterium angulatum",-0.0154130448490501,0.74327152322453,-0.0208142031808883,0.697981155990511,-0.0756627367103993,0.939687422773429,0.911309523809524,0.704170115012035,"0/0"
"Butyrivibrio proteoclasticus","Ruminococcus bicirculans",0.140818030560304,0.00263688135451878,0.135751019748602,0.0110105716140438,-0.0723418633516143,0.942329849813969,0.914880952380952,0.705660052899407,"+/+"
"Fusobacterium nucleatum","Anaerostipes hadrus",-0.0168867805659383,0.719711082461228,-0.0220084254234602,0.681573628213078,-0.0717507193643913,0.942800291927554,0.915625,0.705660052899407,"0/0"
"Streptococcus equinus","Bifidobacterium adolescentis",0.026281151271749,0.57648084044126,0.0213056953502933,0.691210939665326,-0.0697158103267297,0.944419857579582,0.918154761904762,0.706045710502061,"0/0"
"Brachyspira pilosicoli","Bifidobacterium pseudocatenulatum",-0.0189797015750002,0.686707532363374,-0.0141673896157568,0.791693086881196,0.0674101795970398,0.946255165477511,0.920684523809524,0.706750859765143,"0/0"
"Anaerostipes hadrus","Bifidobacterium pseudocatenulatum",0.112993718002401,0.0160107877824314,0.117706210252665,0.0276749538801586,0.0668837189181531,0.946674274433497,0.921428571428571,0.706750859765143,"+/+"
"Prevotella intermedia","Streptococcus thermophilus",-0.0282797001115189,0.547825041436582,-0.0330190448682892,0.538100550545944,-0.0664322317288259,0.947033709663822,0.92202380952381,0.706750859765143,"0/0"
"Porphyromonas asaccharolytica","Ruminococcus bicirculans",-0.027512675692222,0.558739520421837,-0.0322387579323069,0.547752989610934,-0.0662432231731102,0.94718418520911,0.922172619047619,0.706750859765143,"0/0"
"Parvimonas micra","Brachyspira pilosicoli",-0.011141237357333,0.812856693800417,-0.00645753094186298,0.904183382150036,0.0655957421483527,0.947699679087666,0.922916666666667,0.706750859765143,"0/0"
"Butyrivibrio proteoclasticus","Bifidobacterium longum",0.0134205830692309,0.775505793978636,0.00874195801630749,0.870545902259259,-0.0655275498759095,0.947753971839461,0.922916666666667,0.706750859765143,"0/0"
"Fusobacterium nucleatum","Bifidobacterium pseudocatenulatum",-0.0481623878005825,0.305847298783233,-0.0435241003817196,0.416944727253846,0.0650914103190017,0.948101219502656,0.923363095238095,0.706750859765143,"0/0"
"Roseburia intestinalis","Brachyspira pilosicoli",-0.02342703216281,0.618583803416008,-0.0188898314027316,0.724715571658844,0.0635674475957459,0.949314652354576,0.924801587301587,0.706750859765143,"0/0"
"Pseudobutyrivibrio xylanivorans","Bifidobacterium longum",0.0170109465841819,0.7177377633435,0.0125896593395604,0.814443377811323,-0.0619292961873296,0.950619137284282,0.926488095238095,0.707288876214763,"0/0"
"Streptococcus thermophilus","Adlercreutzia equolifaciens",0.00215823874769511,0.963422260916144,0.00636570125997348,0.905539545577334,0.0589223890558328,0.953013925142987,0.930059523809524,0.707787253506046,"0/0"
"Bifidobacterium pseudocatenulatum","Streptococcus milleri",-0.0213183882139647,0.650522799962271,-0.0254853477576346,0.634673812843789,-0.058386088627265,0.953441095536066,0.93110119047619,0.708209572733773,"0/0"
"Butyrivibrio proteoclasticus","Bifidobacterium adolescentis",-0.00320635628131836,0.945681710181915,0.000901206124461453,0.986596399184119,0.0575223897743192,0.954129071174237,0.932390873015873,0.708449855719848,"0/0"
"Porphyromonas asaccharolytica","Adlercreutzia equolifaciens",-0.0390944719629948,0.405963450886964,-0.043168024141048,0.420769994230365,-0.0571427062616134,0.954431517303108,0.933085317460317,0.708607478946212,"0/0"
"Fusobacterium nucleatum","Adlercreutzia equolifaciens",-0.0489750313579925,0.29774902609593,-0.04540453701895,0.397084748581785,0.0501127892857868,0.96003250816789,0.941121031746032,0.710493104981145,"0/0"
"Streptococcus thermophilus","Bifidobacterium adolescentis",-0.0168715948153222,0.719952551427761,-0.0203591926811704,0.704270263202251,-0.0488572400804787,0.961033065612348,0.942757936507936,0.710493104981145,"0/0"
"Pseudobutyrivibrio xylanivorans","Lactobacillus ruminis",0.104204476087959,0.0264024787681842,0.107545092251774,0.0443654234068591,0.0473123227034598,0.962264306984756,0.945188492063492,0.710493104981145,"+/+"
"Butyrivibrio proteoclasticus","Adlercreutzia equolifaciens",0.290694170637659,2.72482258978357e-10,0.287698322349474,4.2685744716664e-08,-0.0457828810014598,0.963483303483963,0.946577380952381,0.710493104981145,"+/+"
"Roseburia intestinalis","Bifidobacterium bifidum",-0.0044516166784911,0.924639853308353,-0.00771158129499914,0.885692743938136,-0.0456542167827992,0.963585855445144,0.94672619047619,0.710493104981145,"0/0"
"Fusobacterium periodonticum","Lactobacillus ruminis",-0.00592332016344319,0.899840383135159,-0.00276284118118077,0.958924536373909,0.0442601643884589,0.964697024750708,0.948263888888889,0.710493104981145,"0/0"
"Bifidobacterium pseudocatenulatum","Prevotella intermedia",-0.0619069925908873,0.187940494431162,-0.0648902990616162,0.225926020500945,-0.0419468040299124,0.966541104989736,0.950744047619048,0.711618508821979,"0/0"
"Brachyspira pilosicoli","Bifidobacterium angulatum",-0.00934447028036694,0.84260643938423,-0.00690596431230356,0.89756487667151,0.0341510667125892,0.972756686862922,0.960962301587302,0.714411892589251,"0/0"
"Streptococcus anginosus","Bifidobacterium catenulatum",-0.0208292111721191,0.658027401805135,-0.0231409463064144,0.666150994638009,-0.0323891681619334,0.974161700512032,0.963244047619048,0.714411892589251,"0/0"
"Porphyromonas asaccharolytica","Bifidobacterium pseudocatenulatum",-0.0498648835703837,0.289046604786565,-0.0475938281207625,0.374693043323114,0.0318795343979773,0.974568119527883,0.963690476190476,0.714411892589251,"0/0"
"Romboutsia ilealis","Bifidobacterium adolescentis",-0.00847865385218061,0.857025217869097,-0.00622564295270995,0.907608488229365,0.0315528443568078,0.974828649398114,0.964037698412698,0.714411892589251,"0/0"
"Brachyspira pilosicoli","Fusobacterium periodonticum",-0.0108856339720867,0.817073482923361,-0.0130614757522513,0.807622670781333,-0.0304748315274169,0.975688365587476,0.965079365079365,0.714411892589251,"0/0"
"Dialister pneumosintes","Brachyspira pilosicoli",-0.021368467161435,0.6497564974389,-0.0193076699538051,0.718880924773253,0.0288713207317375,0.976967218823862,0.967757936507937,0.714507432663986,"0/0"
"Anaerostipes hadrus","Brachyspira pilosicoli",-0.0248791109996881,0.596995171168395,-0.0269381821410749,0.615487771559756,-0.0288545755338241,0.976980573994691,0.967757936507937,0.714507432663986,"0/0"
"Dialister pneumosintes","Lactobacillus ruminis",-0.00196842408770956,0.966637272326174,-0.00383927798538553,0.942944407642668,-0.0261996340074789,0.979098107803103,0.970634920634921,0.714777784520916,"0/0"
"Lactobacillus ruminis","Bifidobacterium pseudocatenulatum",-0.00791892743723325,0.866372248722933,-0.00604954319553118,0.91021071979813,0.0261801090835762,0.979113681096586,0.970684523809524,0.714777784520916,"0/0"
"Romboutsia ilealis","Prevotella intermedia",-0.0108148703230836,0.81824183743215,-0.00900451103538849,0.866693616322173,0.0253547367876439,0.979772014299977,0.97172619047619,0.715182896383146,"0/0"
"Parvimonas micra","[Eubacterium] eligens",-0.0225021823738869,0.632508586043719,-0.0242578533237506,0.651077384999307,-0.0245998386685532,0.980374147985552,0.972619047619048,0.71547813134936,"0/0"
"Streptococcus salivarius","Prevotella intermedia",-0.0190849014749913,0.685063606237991,-0.0204684684900062,0.702758006934153,-0.0193830325477567,0.984535545932262,0.978819444444444,0.717510775516047,"0/0"
"Romboutsia ilealis","Streptococcus salivarius",0.0429963987161854,0.360699365230378,0.0417867108828979,0.435802054663877,-0.0169709469972627,0.98645979337115,0.980952380952381,0.717510775516047,"0/0"
"Gemella morbillorum","[Eubacterium] eligens",-0.0217302028480716,0.644232262118789,-0.0229358702565914,0.668933548948139,-0.0168925728836458,0.986522317903306,0.981150793650794,0.717510775516047,"0/0"
"Gemella morbillorum","Bifidobacterium catenulatum",0.0403311393921248,0.391264453651794,0.0397225989801258,0.458829422239343,-0.00853566502754686,0.993189607356554,0.989930555555556,0.720174295744705,"0/0"
"Lactococcus garvieae","Brachyspira pilosicoli",-0.00801112692341104,0.864831265085236,-0.00859630090788463,0.87268436903121,-0.00819533161558617,0.993461144628705,0.990228174603175,0.720174295744705,"0/0"
"Porphyromonas asaccharolytica","Lactobacillus ruminis",-0.0115854904881203,0.805540595593332,-0.011193503709074,0.834706885769012,0.00549008828357029,0.99561956532627,0.993650793650794,0.720174295744705,"0/0"
"Lactococcus garvieae","Streptococcus milleri",0.00519010614808158,0.912185018751056,0.00480332358438012,0.928651964713212,-0.0054166315997206,0.99567817440869,0.993700396825397,0.720174295744705,"0/0"
"Pseudobutyrivibrio xylanivorans","Bifidobacterium adolescentis",-0.00289453917009429,0.95095715337296,-0.00302034320212089,0.955100080041883,-0.00176177288783016,0.998594309340333,0.997668650793651,0.720786660229452,"0/0"
"Dialister pneumosintes","Fusobacterium periodonticum",0.310662800689074,1.29369848167471e-11,0.310680818195233,2.86554335815481e-09,0.000279271259523141,0.999777173776647,0.999751984126984,0.721575248796832,"+/+"
