"Gene1","Gene2","adenoma_cor","adenoma_pVal","CTRL_cor","CTRL_pVal","zScoreDiff","pValDiff","empPVals","pValDiff_adj","Classes","type","abs_zScoreDiff"
"Parvimonas micra","Porphyromonas asaccharolytica",0.010104785826215,0.85058522344769,0.973737876080064,0,31.0357714171179,1.77523637109325e-211,3.6036036036036e-05,0.0868679315245639,"0/+","Bacteria",31.0357714171179
"Streptococcus sp. HSISS1","Streptococcus sp. HSISS2",0.488496377990059,0,0.988623270280314,0,29.5639782346358,4.34247486809789e-192,7.20720720720721e-05,0.0868679315245639,"+/+","Bacteria",29.5639782346358
"Streptococcus sp. HSISS1","Streptococcus sp. HSISS3",0.312523080528675,2.28393925993942e-09,0.975895264085247,0,27.1401452438455,3.30978999928947e-162,0.00018018018018018,0.144779885874273,"+/+","Bacteria",27.1401452438455
"Streptococcus sp. FDAARGOS 192","Streptococcus sp. HSISS2",0.504409048752913,0,0.982338532043517,0,26.0613252370855,1.00113220786924e-149,0.000252252252252252,0.152018880167987,"+/+","Bacteria",26.0613252370855
"Streptococcus sp. FDAARGOS 192","Streptococcus sp. HSISS3",0.34318127453279,4.14397405279487e-11,0.958962738860363,0,22.7411420834056,1.75599830408642e-114,0.000648648648648649,0.31272455348843,"+/+","Bacteria",22.7411420834056
"Bifidobacterium angulatum","Trichophyton mentagrophytes",-0.00807823926619228,0.880297701751068,0.872338118520702,0,19.5029190603882,1.03691957351336e-84,0.00111711711711712,0.448817646210247,"0/+","Intersect",19.5029190603882
"Gemella morbillorum","Porphyromonas asaccharolytica",-0.0148407316097355,0.782036057683891,0.822670617264515,0,17.0342467369756,4.57595675569216e-65,0.00216216216216216,0.694943452196511,"0/+","Bacteria",17.0342467369756
"Streptococcus sp. A12","Streptococcus sp. I-G2",0.652377255318744,0,0.959013925351864,0,16.6616085295169,2.49230385641669e-62,0.00241441441441441,0.694943452196511,"+/+","Bacteria",16.6616085295169
"Streptococcus sp. A12","Streptococcus sp. JS71",0.629677819105862,0,0.954760364633031,0,16.4896108147547,4.35747109822689e-61,0.00259459459459459,0.694943452196511,"+/+","Bacteria",16.4896108147547
"Streptococcus salivarius","Streptococcus sp. HSISS2",0.479521056250462,0,0.920270531109952,0,15.4253750338995,1.10511322000191e-53,0.0034954954954955,0.783763472069942,"+/+","Bacteria",15.4253750338995
"Streptococcus anginosus","Streptococcus sp. HSISS3",0.203639975821237,0.000124850357980932,0.848901182551361,0,15.0969286822966,1.696536475445e-51,0.00374774774774775,0.783763472069942,"+/+","Bacteria",15.0969286822966
"Romboutsia ilealis","Moniliophthora perniciosa",0.731011153974709,0,0.0573278170082893,0.189691210327675,-12.6111704621459,1.83251081351235e-36,0.00601801801801802,0.783763472069942,"+/0","Intersect",12.6111704621459
"Streptococcus anginosus","Streptococcus sp. HSISS1",0.280856260677947,9.11814614923401e-08,0.793045002530925,0,11.4196255078433,3.33668612186563e-30,0.00781981981981982,0.783763472069942,"+/+","Bacteria",11.4196255078433
"Streptococcus salivarius","Streptococcus equinus",0.92651176441557,0,0.698809954376533,0,-11.0908327540721,1.3898781561448e-28,0.00825225225225225,0.783763472069942,"+/+","Bacteria",11.0908327540721
"Streptococcus sp. I-P16","Streptococcus sp. A12",0.647083041400059,0,0.908938420331925,0,10.8442348236634,2.12405745079199e-27,0.0083963963963964,0.783763472069942,"+/+","Bacteria",10.8442348236634
"Streptococcus anginosus","Streptococcus sp. HSISS2",0.236616139182588,7.65737997632243e-06,0.75472349608887,0,10.7220159738195,8.02351535693457e-27,0.0085045045045045,0.783763472069942,"+/+","Bacteria",10.7220159738195
"Streptococcus salivarius","Streptococcus sp. HSISS3",0.388137309752663,4.9737991503207e-14,0.813013278107836,0,10.4851724063402,1.01061173007985e-25,0.0089009009009009,0.783763472069942,"+/+","Bacteria",10.4851724063402
"Streptococcus anginosus","Streptococcus sp. FDAARGOS 192",0.327369092646281,3.46525919070473e-10,0.76495918316199,0,9.64685188132206,5.06879103451659e-22,0.00994594594594595,0.783763472069942,"+/+","Bacteria",9.64685188132206
"Streptococcus anginosus","Streptococcus equinus",0.335748033578815,1.14166454068254e-10,0.755179105735312,0,9.17653665381471,4.45179065248852e-20,0.0105945945945946,0.783763472069942,"+/+","Bacteria",9.17653665381471
"Streptococcus salivarius","Streptococcus sp. A12",0.303743758013275,6.63972921088885e-09,0.72898995548592,0,8.84913338824864,8.8201503156326e-19,0.0112432432432432,0.783763472069942,"+/+","Bacteria",8.84913338824864
"Streptococcus equinus","Streptococcus sp. HSISS3",0.412838767765184,8.88178419700125e-16,0.78021397238657,0,8.76191848218967,1.91955073109469e-18,0.0113873873873874,0.783763472069942,"+/+","Bacteria",8.76191848218967
"Porphyromonas asaccharolytica","Prevotella intermedia",0.5637919215316,0,0.125405992035731,0.00400290762501232,-7.39637223828962,1.39955331637876e-13,0.0139459459459459,0.783763472069942,"+/+","Bacteria",7.39637223828962
"Parvimonas micra","Romboutsia ilealis",0.47672721995692,0,0.0137989818550043,0.752430795591847,-7.29004640671957,3.0984827831546e-13,0.0140900900900901,0.783763472069942,"+/0","Bacteria",7.29004640671957
"Hyaloscypha variabilis","Choanephora cucurbitarum",0.512613967110128,0,0.0683083878862373,0.117996746887023,-7.18773713580122,6.5873928327052e-13,0.0143063063063063,0.783763472069942,"+/0","Eukaryota",7.18773713580122
"Dialister pneumosintes","Aspergillus rambellii",-0.0144911611562641,0.787045502742589,0.444565988765941,0,7.10898487771294,1.1689955355755e-12,0.0143783783783784,0.783763472069942,"0/+","Intersect",7.10898487771294
"Bifidobacterium bifidum","Bifidobacterium adolescentis",0.481790328485814,0,0.0360990383780108,0.409127274719708,-7.06277194293573,1.63213474918657e-12,0.0146306306306306,0.783763472069942,"+/0","Bacteria",7.06277194293573
"Parvimonas micra","Gemella morbillorum",0.66270996057151,0,0.857128136630568,0,6.99910735528261,2.57598426246821e-12,0.0147387387387387,0.783763472069942,"+/+","Bacteria",6.99910735528261
"Streptococcus salivarius","Streptococcus sp. I-G2",0.490171500284455,0,0.764816596756824,0,6.80627197584641,1.00160279885314e-11,0.0153153153153153,0.783763472069942,"+/+","Bacteria",6.80627197584641
"Rhizophagus clarus","Naumovozyma dairenensis",0.3094711786659,3.32299388006163e-09,0.649974940983999,0,6.57329060378025,4.92152692178177e-11,0.0158198198198198,0.783763472069942,"+/+","Eukaryota",6.57329060378025
"Streptococcus sp. A12","Streptococcus sp. HSISS2",0.154347676788794,0.00379622489971654,0.533824734839092,0,6.35085296340375,2.14124302211864e-10,0.0165045045045045,0.783763472069942,"+/+","Bacteria",6.35085296340375
"Streptococcus anginosus","Streptococcus milleri",0.896788554026443,0,0.768292255411942,0,-6.34413511857308,2.23678450712647e-10,0.0165045045045045,0.783763472069942,"+/+","Bacteria",6.34413511857308
"Streptococcus salivarius","Streptococcus sp. JS71",0.507214800038723,0,0.754752736198244,0,6.13497912300294,8.5170378220349e-10,0.016972972972973,0.783763472069942,"+/+","Bacteria",6.13497912300294
"Pichia kudriavzevii","Aspergillus ochraceoroseus",0.43645187538294,0,0.0641626313559012,0.142060907852853,-5.82678241412277,5.65062066581355e-09,0.0177297297297297,0.783763472069942,"+/0","Eukaryota",5.82678241412277
"Fusobacterium nucleatum","Fusobacterium periodonticum",0.799298887426295,0,0.613809082712715,0,-5.51015508111135,3.58517688243972e-08,0.0187387387387387,0.783763472069942,"+/+","Bacteria",5.51015508111135
"Streptococcus anginosus","Streptococcus salivarius",0.234853598185463,8.98553923489587e-06,0.546640016187194,0,5.40330564547328,6.54238381051441e-08,0.0190630630630631,0.783763472069942,"+/+","Bacteria",5.40330564547328
"Streptococcus sp. I-G2","Streptococcus sp. HSISS2",0.257311387275255,1.06608420202825e-06,0.562597098550056,0,5.39090822715329,7.01024709680022e-08,0.0191351351351351,0.783763472069942,"+/+","Bacteria",5.39090822715329
"Romboutsia ilealis","Clostridium beijerinckii",0.0606102835086399,0.25809794504483,0.40808071874961,0,5.37970124253145,7.46095505661156e-08,0.0191351351351351,0.783763472069942,"0/+","Bacteria",5.37970124253145
"Streptococcus sp. JS71","Streptococcus sp. HSISS2",0.259587298909068,8.49144564663007e-07,0.559247780904213,0,5.28514333495625,1.25606370022267e-07,0.0196036036036036,0.783763472069942,"+/+","Bacteria",5.28514333495625
"Streptococcus equinus","Streptococcus sp. HSISS2",0.523460638499773,0,0.737182472099556,0,5.24346337644453,1.57590101043614e-07,0.0197477477477477,0.783763472069942,"+/+","Bacteria",5.24346337644453
"Dialister pneumosintes","Moniliophthora perniciosa",-0.0224005718441457,0.676217974581452,0.327603456213591,1.33226762955019e-14,5.23422824054319,1.65675629134181e-07,0.0197837837837838,0.783763472069942,"0/+","Intersect",5.23422824054319
"Streptococcus salivarius","Streptococcus sp. I-P16",0.542070620412464,0,0.747387822372567,0,5.19643411927924,2.03147548255948e-07,0.019963963963964,0.783763472069942,"+/+","Bacteria",5.19643411927924
"Streptococcus salivarius","Streptococcus sp. FDAARGOS 192",0.847874351702569,0,0.922232224869204,0,5.12840006712659,2.92214943924094e-07,0.0201801801801802,0.783763472069942,"+/+","Bacteria",5.12840006712659
"Streptococcus salivarius","Streptococcus sp. HSISS1",0.823424458837292,0,0.906799461784959,0,4.93547493836269,7.9955947827592e-07,0.0208288288288288,0.783763472069942,"+/+","Bacteria",4.93547493836269
"Streptococcus sp. A12","Naumovozyma dairenensis",0.325517191015426,4.40905978393857e-10,-0.00309745209254088,0.943554903964688,-4.92177084473255,8.57646034304766e-07,0.0208288288288288,0.783763472069942,"+/0","Intersect",4.92177084473255
"Parvimonas micra","Moniliophthora perniciosa",0.33188332400319,1.91322069298394e-10,0.0184967913603878,0.672411476962571,-4.71301919613708,2.44073194277225e-06,0.0218738738738739,0.783763472069942,"+/0","Intersect",4.71301919613708
"Fusobacterium periodonticum","Trichoderma atroviride",0.275723478628532,1.59005307365234e-07,-0.0406586080256566,0.352490335509106,-4.67381374577989,2.95657479343112e-06,0.0220900900900901,0.783763472069942,"+/0","Intersect",4.67381374577989
"Streptococcus sp. I-P16","Streptococcus sp. HSISS2",0.28174733169927,8.26947936793943e-08,0.54374986106111,0,4.61832229782999,3.86855067626375e-06,0.0226306306306306,0.783763472069942,"+/+","Bacteria",4.61832229782999
"Streptococcus milleri","Colletotrichum fioriniae",0.302509645144561,7.69272956446798e-09,-0.00657429055577998,0.88054489951361,-4.60343642616546,4.15576093706265e-06,0.0228108108108108,0.783763472069942,"+/0","Intersect",4.60343642616546
"Prevotella intermedia","Thielaviopsis punctulata",0.214056222944279,5.40951578904547e-05,-0.0964996443587466,0.0270374653888004,-4.53652251039609,5.71893878412477e-06,0.0232072072072072,0.783763472069942,"+/-","Intersect",4.53652251039609
"Brachyspira pilosicoli","[Eubacterium] eligens",0.011023230395706,0.837185976608736,0.313971817878867,1.78523862359725e-13,4.53222683566271,5.83651256366801e-06,0.0232072072072072,0.783763472069942,"0/+","Bacteria",4.53222683566271
"Streptococcus thermophilus","Streptococcus sp. HSISS3",0.0540494054365191,0.313314445116821,0.352074539896874,0,4.52913563770018,5.92254715598637e-06,0.0232072072072072,0.783763472069942,"0/+","Bacteria",4.52913563770018
"Albugo candida","Naumovozyma dairenensis",0.321549214143133,7.34714067363029e-10,0.0281893145656766,0.519259761661409,-4.40597703010945,1.05308123018825e-05,0.0242162162162162,0.783763472069942,"+/0","Eukaryota",4.40597703010945
"Bifidobacterium pseudocatenulatum","Schizosaccharomyces pombe",0.303989064717948,6.44773634483897e-09,0.00915106113720009,0.834306356553554,-4.39991972908285,1.0829092832725e-05,0.0242522522522523,0.783763472069942,"+/0","Intersect",4.39991972908285
"Streptococcus milleri","Streptococcus sp. HSISS3",0.307386150152244,4.28271196284413e-09,0.550218207723806,0,4.34621664723541,1.38505772530548e-05,0.0246126126126126,0.783763472069942,"+/+","Bacteria",4.34621664723541
"Streptococcus anginosus","Colletotrichum fioriniae",0.267557779193622,3.76315514305503e-07,-0.0237320407318643,0.587439898258421,-4.30189317751941,1.69344953776609e-05,0.0249369369369369,0.783763472069942,"+/0","Intersect",4.30189317751941
"Romboutsia ilealis","Aspergillus rambellii",0.28025902747215,9.73330731568467e-08,-0.00961647803978833,0.826010503164507,-4.2962915043501,1.7367916540465e-05,0.025045045045045,0.783763472069942,"+/0","Intersect",4.2962915043501
"Naumovozyma dairenensis","Hyaloscypha variabilis",0.48698303569227,0,0.235437578799822,4.79873500935923e-08,-4.21803288230309,2.46442886551431e-05,0.0255855855855856,0.783763472069942,"+/+","Eukaryota",4.21803288230309
"Streptococcus thermophilus","Streptococcus sp. HSISS2",0.0637711296964194,0.234049432299386,0.339920782173011,1.11022302462516e-15,4.18895261048666,2.80244909461698e-05,0.0258378378378378,0.783763472069942,"0/+","Bacteria",4.18895261048666
"Streptococcus sp. FDAARGOS 192","Streptococcus thermophilus",0.0839556327002179,0.116923992484898,0.35620771919573,0,4.16349738168802,3.13409621274697e-05,0.026018018018018,0.783763472069942,"0/+","Bacteria",4.16349738168802
"Naumovozyma dairenensis","Edhazardia aedis",0.295556925155402,1.7405885621713e-08,0.0164592995805616,0.706726210612336,-4.16062996804649,3.17370944224562e-05,0.026018018018018,0.783763472069942,"+/0","Eukaryota",4.16062996804649
"Streptococcus sp. HSISS1","Streptococcus thermophilus",0.0804224180182704,0.133196160257338,0.351806512076071,0,4.14220845761425,3.43977478600628e-05,0.0261261261261261,0.783763472069942,"0/+","Bacteria",4.14220845761425
"Streptococcus salivarius","Streptococcus milleri",0.30113889325365,9.05188812794222e-09,0.530745606644701,0,4.04841591933905,5.1565452034904e-05,0.0267747747747748,0.783763472069942,"+/+","Bacteria",4.04841591933905
"Streptococcus sp. A12","Streptococcus sp. HSISS3",0.11389404426077,0.0331653564538108,0.374836269895775,0,4.03739728053199,5.40474973394537e-05,0.026990990990991,0.783763472069942,"+/+","Bacteria",4.03739728053199
"Moniliophthora perniciosa","Pneumocystis murina",0.24798086160117,2.64972922914275e-06,-0.0246019337527354,0.573814478357391,-4.01168901154027,6.02858820986682e-05,0.0271351351351351,0.783763472069942,"+/0","Eukaryota",4.01168901154027
"Streptococcus equinus","Streptococcus sp. JS71",0.558008272736974,0,0.339134899646699,1.33226762955019e-15,-3.99659308748075,6.4260619446864e-05,0.0273513513513514,0.783763472069942,"+/+","Bacteria",3.99659308748075
"Streptococcus sp. A12","Streptococcus sp. FDAARGOS 192",0.31459813489809,1.76563075271474e-09,0.538401477172381,0,3.98850562755279,6.64908259017599e-05,0.0274594594594595,0.783763472069942,"+/+","Bacteria",3.98850562755279
"Streptococcus milleri","Streptococcus sp. HSISS2",0.348953931596483,1.85129689356245e-11,0.564855465054366,0,3.98015740145956,6.88696526047768e-05,0.0275315315315315,0.783763472069942,"+/+","Bacteria",3.98015740145956
"Blautia sp. SC05B48","Romboutsia ilealis",-0.00415006019713869,0.938334690177383,0.26312069134614,9.20057807718422e-10,3.95020349470505,7.80847762632124e-05,0.0276756756756757,0.783763472069942,"0/+","Bacteria",3.95020349470505
"Fusobacterium nucleatum","Trichoderma atroviride",0.253016762877236,1.62822720284339e-06,-0.0138877677979521,0.750890356466841,-3.93451854234003,8.33636332413797e-05,0.0278198198198198,0.783763472069942,"+/0","Intersect",3.93451854234003
"Gemella morbillorum","Romboutsia ilealis",0.375488412730466,3.66817687336152e-13,0.121693137650279,0.00523707836643617,-3.93417091652849,8.34843632140899e-05,0.0278198198198198,0.783763472069942,"+/+","Bacteria",3.93417091652849
"Colletotrichum fioriniae","Hyaloscypha variabilis",-0.00773490228810268,0.885349436645074,0.258525340798998,1.83315163049258e-09,3.9307732356333,8.46731053013187e-05,0.0278198198198198,0.783763472069942,"0/+","Eukaryota",3.9307732356333
"Pseudobutyrivibrio xylanivorans","Romboutsia ilealis",0.0168699545583747,0.75314032504457,0.280466078006808,6.04032379669661e-11,3.9171122050246,8.96160435348262e-05,0.0278198198198198,0.783763472069942,"0/+","Bacteria",3.9171122050246
"Streptococcus milleri","Streptococcus sp. HSISS1",0.36356295839787,2.23554508238522e-12,0.573038957464528,0,3.91327464635886,9.10528735931892e-05,0.0278198198198198,0.783763472069942,"+/+","Bacteria",3.91327464635886
"[Candida] arabinofermentans","Hyaloscypha variabilis",0.437445132626525,0,0.196597669483229,5.67243650850813e-06,-3.89631788934286,9.76661821108354e-05,0.028,0.783763472069942,"+/+","Eukaryota",3.89631788934286
"Adlercreutzia equolifaciens","Thielaviopsis punctulata",-0.0331686786734533,0.536259285317198,0.229691137848372,1.02828171977265e-07,3.85543420486102,0.000115524399219821,0.0282882882882883,0.783763472069942,"0/+","Intersect",3.85543420486102
"Streptococcus equinus","Streptococcus sp. FDAARGOS 192",0.871291813627904,0,0.790298542983572,0,-3.84312860931703,0.000121475769592849,0.0285405405405405,0.783763472069942,"+/+","Bacteria",3.84312860931703
"Naumovozyma dairenensis","[Candida] arabinofermentans",0.397315432040149,1.11022302462516e-14,0.154505682033339,0.000380734910959912,-3.82164780505963,0.000132562922947489,0.0287567567567568,0.783763472069942,"+/+","Eukaryota",3.82164780505963
"Parvimonas micra","Dialister pneumosintes",0.054667225449404,0.307807049756748,0.308561466218896,4.81836792687318e-13,3.81484637113009,0.000136267681721762,0.0287927927927928,0.783763472069942,"0/+","Bacteria",3.81484637113009
"Pichia kudriavzevii","Naumovozyma dairenensis",0.263186812344445,5.89928145888763e-07,0.00894232237477973,0.838033074111591,-3.7622049047988,0.000168421972182509,0.0294414414414414,0.783763472069942,"+/0","Eukaryota",3.7622049047988
"Romboutsia ilealis","Fusobacterium periodonticum",0.354117963455789,8.87800943871753e-12,0.109661057291049,0.0119286481388863,-3.75431847940561,0.000173813751482331,0.0296576576576577,0.783763472069942,"+/+","Bacteria",3.75431847940561
"Naumovozyma dairenensis","Choanephora cucurbitarum",0.28512333792245,5.69342561984598e-08,0.0361142378190582,0.408929930919222,-3.71215412856001,0.000205502777250846,0.0301621621621622,0.783763472069942,"+/0","Eukaryota",3.71215412856001
"Butyrivibrio proteoclasticus","Romboutsia ilealis",0.0108830258107154,0.839228492633251,0.261111083885728,1.24580723515066e-09,3.70200369199237,0.000213903504849818,0.0303063063063063,0.783763472069942,"0/+","Bacteria",3.70200369199237
"Streptococcus sp. HSISS1","Streptococcus sp. FDAARGOS 192",0.983370310770349,0,0.993214416203486,0,3.69556211780067,0.000219400828208301,0.0304864864864865,0.783763472069942,"+/+","Bacteria",3.69556211780067
"Streptococcus equinus","Streptococcus sp. I-P16",0.583871336816525,0,0.392230748878595,0,-3.66541646400467,0.000246936407564188,0.0308108108108108,0.783763472069942,"+/+","Bacteria",3.66541646400467
"Streptococcus sp. JS71","Streptococcus sp. HSISS3",0.176599808596061,0.000906067586401438,0.406038257923585,0,3.64382626891733,0.000268614767196944,0.0309189189189189,0.783763472069942,"+/+","Bacteria",3.64382626891733
"Streptococcus thermophilus","Escherichia coli",-0.0341172914660596,0.524660411972299,0.212650541005405,8.78035710361047e-07,3.61046124463455,0.000305652972084436,0.0315675675675676,0.783763472069942,"0/+","Bacteria",3.61046124463455
"Streptococcus equinus","Streptococcus sp. I-G2",0.537678072063578,0,0.33732324774655,1.99840144432528e-15,-3.60668361540499,0.000310135424039439,0.0316036036036036,0.783763472069942,"+/+","Bacteria",3.60668361540499
"Fusobacterium periodonticum","Streptococcus milleri",0.280135110883526,9.86586230489195e-08,0.0384837973154844,0.378859950465741,-3.59962653928084,0.000318674530349388,0.0316756756756757,0.783763472069942,"+/0","Bacteria",3.59962653928084
"Fusobacterium nucleatum","Porphyromonas asaccharolytica",0.0321540233871079,0.548806295201725,0.274099934124705,1.67853730914658e-10,3.5967459452372,0.000322222915021316,0.0316756756756757,0.783763472069942,"0/+","Bacteria",3.5967459452372
"Gemella morbillorum","Moniliophthora perniciosa",0.289003346619154,3.68472279355103e-08,0.0486197641356859,0.266129060728993,-3.59232752575696,0.000327737566745586,0.0317477477477477,0.783763472069942,"+/0","Intersect",3.59232752575696
"Romboutsia ilealis","Pichia kudriavzevii",-0.0153982739470675,0.774064991014613,0.225451957032054,1.78148161555924e-07,3.53417118015505,0.000409056059972706,0.0326486486486487,0.783763472069942,"0/+","Intersect",3.53417118015505
"Streptococcus sp. I-G2","Streptococcus sp. HSISS3",0.181292259757064,0.000654851196700612,0.403165499031693,0,3.52424400573286,0.000424692963546754,0.0327927927927928,0.783763472069942,"+/+","Bacteria",3.52424400573286
"Lactobacillus ruminis","Pichia kudriavzevii",0.226658228351445,1.86003136790625e-05,-0.0121986430217443,0.780359803024024,-3.50632121512986,0.000454346551681165,0.0331171171171171,0.783763472069942,"+/0","Intersect",3.50632121512986
"Fusobacterium periodonticum","Aspergillus rambellii",0.268485061105699,3.41729814667957e-07,0.0341952811674563,0.434288950749712,-3.47973792081869,0.000501904499098469,0.0334414414414414,0.783763472069942,"+/0","Intersect",3.47973792081869
"Porphyromonas asaccharolytica","Edhazardia aedis",-0.104615166123716,0.0505195891336503,0.132545250832047,0.00234083304617938,3.44086095450633,0.000579866434678649,0.0338738738738739,0.783763472069942,"0/+","Intersect",3.44086095450633
"Gemella morbillorum","Fusobacterium periodonticum",0.257841446537857,1.01125788320999e-06,0.0257518106221812,0.556036150090397,-3.43664763146417,0.000588961282202834,0.0339099099099099,0.783763472069942,"+/0","Bacteria",3.43664763146417
"Streptococcus sp. I-P16","Streptococcus sp. HSISS3",0.180908366193258,0.000672681733497882,0.397334885098104,0,3.42973665876617,0.000604167305738327,0.0339099099099099,0.783763472069942,"+/+","Bacteria",3.42973665876617
"Bifidobacterium angulatum","Bifidobacterium adolescentis",0.296682891961173,1.52722976487496e-08,0.0692051091550995,0.113237423985028,-3.41535597840897,0.000636987048747636,0.0341621621621622,0.783763472069942,"+/0","Bacteria",3.41535597840897
"Pichia kudriavzevii","Choanephora cucurbitarum",0.0997059987070311,0.0624199177649514,0.323607424127343,2.88657986402541e-14,3.40193494237949,0.000669105639459302,0.0343063063063063,0.783763472069942,"0/+","Eukaryota",3.40193494237949
"Streptococcus sp. A12","Streptococcus sp. HSISS1",0.301849561505297,8.32054825039563e-09,0.498025758274459,0,3.39458711371439,0.000687321697188702,0.0344864864864865,0.783763472069942,"+/+","Bacteria",3.39458711371439
"Aspergillus rambellii","Phytopythium vexans",0.194585259152314,0.000249862193783201,-0.0374696130618952,0.391560283701061,-3.38681565029023,0.000707088835938959,0.0347027027027027,0.783763472069942,"+/0","Eukaryota",3.38681565029023
"Streptococcus anginosus","Bifidobacterium adolescentis",0.223287740263997,2.48969461740245e-05,-0.00715618257716551,0.870061785426464,-3.38225858516856,0.000718924365945628,0.0347747747747748,0.783763472069942,"+/0","Bacteria",3.38225858516856
"Bifidobacterium bifidum","Bifidobacterium longum",0.316035813357343,1.47551704188231e-09,0.0929875149758375,0.033159209847323,-3.3780709029462,0.000729962567310181,0.0348828828828829,0.783763472069942,"+/+","Bacteria",3.3780709029462
"Parvimonas micra","Streptococcus sp. I-G2",0.229267295756833,1.47970064943159e-05,5.39746368395999e-05,0.999015597002702,-3.36914916723299,0.000754006111697201,0.0350630630630631,0.783763472069942,"+/0","Bacteria",3.36914916723299
"Dialister pneumosintes","Porphyromonas asaccharolytica",0.0811873558626918,0.129532926736214,0.304724395670522,9.61675183930311e-13,3.36901849550672,0.000754363666724972,0.0350630630630631,0.783763472069942,"0/+","Bacteria",3.36901849550672
"Porphyromonas asaccharolytica","Debaryomyces hansenii",0.23348046211997,1.01692672855869e-05,0.0058703636577641,0.893254326428073,-3.34944239652764,0.000809743910709682,0.0353513513513514,0.783763472069942,"+/0","Intersect",3.34944239652764
"Streptococcus sp. A12","Pichia kudriavzevii",0.0151773660122652,0.777220480906413,0.241148173912161,2.20612901280504e-08,3.33236674479978,0.000861106972614596,0.0358198198198198,0.783763472069942,"0/+","Intersect",3.33236674479978
"Romboutsia ilealis","Pneumocystis murina",0.383473554760135,1.04805053524615e-13,0.171884327844543,7.54296472122995e-05,-3.3280894035349,0.000874437993572139,0.0358558558558559,0.783763472069942,"+/+","Intersect",3.3280894035349
"Fusobacterium periodonticum","Phytopythium vexans",0.121303835910846,0.0232284587571185,-0.105195845986594,0.0158962865284296,-3.28438127970564,0.00102206548672103,0.0367207207207207,0.783763472069942,"+/-","Intersect",3.28438127970564
"Moniliophthora perniciosa","Trichoderma atroviride",0.185703252546594,0.000479086453252897,-0.0350151124967952,0.423345749299757,-3.21828770449197,0.00128958394640143,0.0384144144144144,0.783763472069942,"+/0","Eukaryota",3.21828770449197
"Parvimonas micra","Streptococcus sp. JS71",0.219191699673127,3.52731913770832e-05,0.000192578602914906,0.996487713443087,-3.21397958945713,0.00130908978421579,0.0385945945945946,0.783763472069942,"+/0","Bacteria",3.21397958945713
"Streptococcus sp. HSISS3","Choanephora cucurbitarum",0.236697316012575,7.60095183727216e-06,0.018871008909798,0.666179786876509,-3.21087512416995,0.00132331426384271,0.0387027027027027,0.783763472069942,"+/0","Intersect",3.21087512416995
"Lactobacillus ruminis","Bifidobacterium bifidum",0.334393266373511,1.36929356742144e-10,0.125568467303169,0.00395547524589879,-3.19835057486235,0.00138216141454293,0.0389189189189189,0.783763472069942,"+/+","Bacteria",3.19835057486235
"Parvimonas micra","Fusobacterium periodonticum",0.228852468505563,1.53478315418898e-05,0.0114462580862982,0.793591166710864,-3.19834589711468,0.00138218383704325,0.0389189189189189,0.783763472069942,"+/0","Bacteria",3.19834589711468
"Phytophthora capsici","Hyaloscypha variabilis",0.0112451887640131,0.833954700545386,0.227284666614137,1.40659440539537e-07,3.17737218010039,0.00148616183448091,0.0392792792792793,0.783763472069942,"0/+","Eukaryota",3.17737218010039
"Streptococcus sp. I-P16","Colletotrichum fioriniae",0.186687228979353,0.000446390701293709,-0.0309318470051056,0.479431283975605,-3.17398786207999,0.00150359978470906,0.0393153153153153,0.783763472069942,"+/0","Intersect",3.17398786207999
"Clostridium beijerinckii","Colletotrichum salicis",0.179265988080878,0.000754156064734168,-0.038101134555891,0.383621935313091,-3.16676213171757,0.00154146349433041,0.0395315315315315,0.783763472069942,"+/0","Intersect",3.16676213171757
"Rhizophagus clarus","[Candida] arabinofermentans",0.452025640787792,0,0.261904547083144,1.10562758948163e-09,-3.16311329535798,0.00156091572740107,0.0396756756756757,0.783763472069942,"+/+","Eukaryota",3.16311329535798
"Streptococcus anginosus","Streptococcus thermophilus",0.0876060735261726,0.101788579052302,0.294600349847577,5.67856872635275e-12,3.11509597441118,0.0018388506842283,0.0409009009009009,0.783763472069942,"0/+","Bacteria",3.11509597441118
"Streptococcus sp. I-G2","Colletotrichum fioriniae",0.185811236711803,0.000475392639660122,-0.0269194202804675,0.538262362230049,-3.10290855541954,0.00191628842010298,0.0414054054054054,0.783763472069942,"+/0","Intersect",3.10290855541954
"Lipomyces starkeyi","Hyaloscypha variabilis",-0.0391575276192841,0.465249767349978,0.172496024587532,7.10394130964964e-05,3.08117511875113,0.0020618534566336,0.0421261261261261,0.783763472069942,"0/+","Eukaryota",3.08117511875113
"Clostridium beijerinckii","Edhazardia aedis",0.402863564234882,4.44089209850063e-15,0.212884991511703,8.53493078878387e-07,-3.0444402944913,0.00233113696147105,0.0431711711711712,0.783763472069942,"+/+","Intersect",3.0444402944913
"Butyrivibrio proteoclasticus","Clostridium beijerinckii",0.243646771015309,3.99603016099093e-06,0.429073453041692,0,3.03349485452148,0.00241738833697063,0.0435675675675676,0.783763472069942,"+/+","Bacteria",3.03349485452148
"Parvimonas micra","Streptococcus sp. I-P16",0.205428421991254,0.000108466407799934,-0.000830404136849898,0.984855783543095,-3.02065870219611,0.00252225489301194,0.0439279279279279,0.783763472069942,"+/0","Bacteria",3.02065870219611
"Pichia kudriavzevii","Albugo candida",0.330242760657456,2.3768720325279e-10,0.13379811658319,0.00212475172691207,-3.01014046535371,0.00261126896758015,0.0442162162162162,0.783763472069942,"+/+","Eukaryota",3.01014046535371
"Fusobacterium periodonticum","Moniliophthora perniciosa",0.314521407618353,1.78257808514104e-09,0.118623412718812,0.00650573884165473,-2.97946495802073,0.0028875225498744,0.0448288288288288,0.783763472069942,"+/+","Intersect",2.97946495802073
"Streptococcus milleri","Streptococcus sp. FDAARGOS 192",0.410182972475326,1.33226762955019e-15,0.566332179324787,0,2.97808769294239,0.00290052984099194,0.0448288288288288,0.783763472069942,"+/+","Bacteria",2.97808769294239
"Streptococcus sp. I-P16","Streptococcus sp. I-G2",0.98769743572508,0,0.981499506291218,0,-2.96770696769183,0.00300030214160764,0.045009009009009,0.783763472069942,"+/+","Bacteria",2.96770696769183
"Streptococcus sp. JS71","Colletotrichum fioriniae",0.176035317229743,0.000941654853390261,-0.0252575262704459,0.563645412526277,-2.93298184719269,0.00335723520562202,0.0455855855855856,0.783763472069942,"+/0","Intersect",2.93298184719269
"Pneumocystis murina","Hyaloscypha variabilis",-0.0197444735689533,0.712798851251604,0.178195049400924,4.02329322763961e-05,2.88553780628576,0.00390745527643703,0.0469189189189189,0.783763472069942,"0/+","Eukaryota",2.88553780628576
"Streptococcus sp. HSISS2","Choanephora cucurbitarum",0.237335889440365,7.17066522870624e-06,0.0424090197680615,0.332129770183846,-2.88047956791962,0.00397070687809302,0.047027027027027,0.783763472069942,"+/0","Intersect",2.88047956791962
"Anaerostipes hadrus","Longibaculum sp. KGMB06250",0.556248247013184,0,0.403669215711514,0,-2.8782366562917,0.0039990501234104,0.0470990990990991,0.783763472069942,"+/+","Bacteria",2.8782366562917
"Roseburia intestinalis","Clostridium beijerinckii",0.341048162511126,5.55799850587846e-11,0.154982398493792,0.00036498642986893,-2.87357998267852,0.00405848299939475,0.0471711711711712,0.783763472069942,"+/+","Bacteria",2.87357998267852
"Gemella morbillorum","Choanephora cucurbitarum",0.167774678101671,0.00163323722727249,-0.0294560480754909,0.500654515851267,-2.870748279468,0.00409501473393343,0.0472432432432432,0.783763472069942,"+/0","Intersect",2.870748279468
"Anaerostipes hadrus","Aspergillus ochraceoroseus",0.0662405634463379,0.216394495256381,0.259034090736688,1.69956626550061e-09,2.86922466348506,0.00411479411231137,0.0472792792792793,0.783763472069942,"0/+","Intersect",2.86922466348506
"Erysiphe pulchra","Phytophthora capsici",-0.0865133106971585,0.106146957266528,0.110623075230906,0.0111985772714864,2.85583748818758,0.00429234774997143,0.0476036036036036,0.783763472069942,"0/+","Eukaryota",2.85583748818758
"Streptococcus milleri","Trichoderma atroviride",0.208431726993162,8.54118538147208e-05,0.0148167471916427,0.734832942145104,-2.84003808953952,0.00451081474196091,0.0480720720720721,0.783763472069942,"+/0","Intersect",2.84003808953952
"Trichoderma atroviride","Phytopythium vexans",0.261355037990315,7.10542783943779e-07,0.0708945943753787,0.104681472924457,-2.83765672079364,0.00454460301278016,0.0481801801801802,0.783763472069942,"+/0","Eukaryota",2.83765672079364
"Rhizophagus clarus","Edhazardia aedis",0.600754947593213,0,0.460529534751161,0,-2.83471089875078,0.00458671721723307,0.0483963963963964,0.783763472069942,"+/+","Eukaryota",2.83471089875078
"Fusobacterium nucleatum","Phytopythium vexans",0.139799225309543,0.0088208468555071,-0.0542770545514391,0.214386169128261,-2.81604001446629,0.00486196106730528,0.048972972972973,0.783763472069942,"+/0","Intersect",2.81604001446629
"Bifidobacterium angulatum","Colletotrichum fioriniae",0.141387517825496,0.00807361622681313,-0.0524918266435188,0.229867619085653,-2.81358551017613,0.00489923540316384,0.0490810810810811,0.783763472069942,"+/0","Intersect",2.81358551017613
"Pseudocercospora musae","Tuber magnatum",0.304628559396399,5.97216054387673e-09,0.119648275034134,0.00605444116449982,-2.80648716796683,0.00500849072620632,0.0494054054054054,0.783763472069942,"+/+","Eukaryota",2.80648716796683
"Aspergillus ochraceoroseus","Colletotrichum fioriniae",0.139638512473442,0.0088997813301559,-0.0531864908513415,0.223751839283859,-2.7978830009888,0.00514387416737701,0.0497657657657658,0.783763472069942,"+/0","Eukaryota",2.7978830009888
