"","all-Median","all-low-CI","all-high-CI","all-p-value"
"Albugo candida",-0.45234539017713,-0.48450795222928,-0.42033230475678,6.94808875972853e-166
"Albugo laibachii",-0.151457691177831,-0.179716852983026,-0.123192699564458,1.57336332302692e-25
"Aphanomyces invadans",0.26266228905798,0.232006838191162,0.293473873396035,1.40837901494695e-63
"Aphanomyces astaci",0.0230528163517083,-0.00262313953795757,0.0486343382771745,0.0786364652684887
"Saprolegnia diclina",0.193639023509129,0.161985128769902,0.22525942590576,2.28680469399749e-32
"Saprolegnia parasitica",-0.0858724988034258,-0.120167854553335,-0.0514947149202569,9.94209408185959e-07
"Phytopythium vexans",0.275483509075995,0.24693203997776,0.304023596553338,1.85532900257463e-77
"Globisporangium ultimum",0.015901925274421,-0.00485285189740371,0.0366850276795778,0.132533431885569
"Pythium irregulare",0.218549596335232,0.191654815159018,0.245492434604398,9.38839256387479e-56
"Pythium arrhenomanes",0.138330237932421,0.109893899692156,0.166749643421296,2.11940242072481e-21
"Pythium iwayamai",0.13062632540152,0.105289578992416,0.156041222660786,7.5265086655737e-24
"Pythium aphanidermatum",-0.107717799766691,-0.140667408645535,-0.0746574679959951,1.76822171733544e-10
"Hyaloperonospora arabidopsidis",-0.180296367623397,-0.207133305262854,-0.153566752022511,9.14191778535822e-40
"Phytophthora parasitica",0.257877085194816,0.233742812789165,0.282016734146956,2.07644040290343e-92
"Phytophthora palmivora",-0.0613321733906005,-0.0827675063945043,-0.0398970463221848,2.09990626824681e-08
"Phytophthora capsici",0.392506944456951,0.365914716037832,0.418899314144723,6.966202041901e-172
"Phytophthora ramorum",-0.249847954476915,-0.280441795359613,-0.219401951738957,1.49869376355644e-58
"Phytophthora cinnamomi",0.290170648710307,0.265419575016896,0.31510337398549,2.25204379870771e-112
"Phytophthora infestans",-0.125402923417637,-0.1519810368596,-0.0988355273226855,2.26696458391766e-20
"Phytophthora sojae",0.286367258402718,0.254832692048391,0.317999207883017,7.34438253687439e-71
"Catenaria anguillulae",0.296309498420159,0.2656174267008,0.327035172012679,7.93718704558026e-79
"Allomyces macrogynus",0.137589212767128,0.108572360762197,0.166692372909767,1.50185942075666e-20
"Paramicrosporidium saccamoebae",-0.142305285116862,-0.193293343008958,-0.0909595264710983,6.30385673847485e-08
"Rozella allomycis",-0.332306925329343,-0.367353830546866,-0.29724705165443,2.04148710652553e-76
"Basidiobolus meristosporus",-0.108258236943871,-0.13060733391439,-0.0859267889633948,3.71202199938705e-21
"Conidiobolus coronatus",-0.114036433905547,-0.145942566897015,-0.0823640994203337,1.57835748054434e-12
"Gonapodya prolifera",-0.050877639748439,-0.077479690271768,-0.024141545004529,0.000185886784914794
"Spizellomyces punctatus",-0.0918545392690115,-0.124094115150358,-0.0597168996820409,1.94862830069033e-08
"Batrachochytrium salamandrivorans",-0.478319345541165,-0.507947597609455,-0.448683480892363,1.2508111429665e-210
"Batrachochytrium dendrobatidis",-0.236978566903854,-0.306609764852172,-0.166457276783954,7.0837528861978e-11
"Rhizoclosmatium globosum",-0.308821443785387,-0.332729921234919,-0.284824215244173,6.65418776124136e-136
"Anaeromyces robustus",-0.47600887899287,-0.501818479062002,-0.45036648133866,2.18275693481358e-278
"Piromyces sp. E2",-0.360957157639002,-0.390531186244152,-0.33136206958053,4.65502587810093e-128
"Piromyces finnis",-0.247991746093168,-0.27673240204872,-0.219452421788694,7.38216850866149e-65
"Neocallimastix californiae",-0.379408422601972,-0.40768417759061,-0.351091680951564,6.44849296214981e-149
"Mortierella elongata",-0.171597374173686,-0.194619865182907,-0.148495696681702,1.61943314230029e-46
"Mortierella verticillata",0.102974927285765,0.0772130164610828,0.128812795148509,4.88779298701409e-15
"Rhizophagus irregularis",-0.430184872692861,-0.454609957900787,-0.405896309872158,2.18569142886636e-261
"Rhizophagus clarus",-0.539861353835309,-0.563999374954406,-0.515791630842796,0
"Bifiguratus adelaidae",-0.253894390467477,-0.292894633867847,-0.215086677272473,9.26517526389355e-38
"Syncephalastrum racemosum",0.0867245080835803,0.0580343068851247,0.115467530279724,3.03378045987363e-09
"Lichtheimia corymbifera",-0.107071216732535,-0.135257153566743,-0.0789556572540761,9.38867847971784e-14
"Lichtheimia ramosa",-0.00972870566188641,-0.0404166797279582,0.0209170630762471,0.531758664125794
"Phycomyces blakesleeanus",-0.253587001435128,-0.275291684715538,-0.231828664466083,2.30628514062307e-110
"Hesseltinella vesiculosa",0.182421793748613,0.149508698562978,0.21504556668769,4.45798085306549e-27
"Absidia glauca",-0.048752618688376,-0.0764721300577986,-0.0208726214491091,0.000613163117695681
"Absidia repens",0.0454516841242381,0.0202023522215543,0.0707141187256791,0.000427457112632438
"Choanephora cucurbitarum",-0.340642759715515,-0.369060924886394,-0.312185301707929,7.13285184760644e-118
"Mucor ambiguus",0.0226747782628816,-0.00997919400522428,0.0552731797622638,0.172856603600216
"Mucor circinelloides",-0.111414658661977,-0.133400991626425,-0.0895793781716998,1.83851327829713e-23
"Rhizopus microsporus",-0.629014128788828,-0.706843286342625,-0.523736916689916,3.75126480815434e-51
"Rhizopus delemar",-0.259699253625219,-0.28839233309792,-0.230935158364987,2.39578160058455e-70
"Trachipleistophora hominis",-0.155637363778659,-0.207189646213612,-0.104176150475337,2.67586451873555e-09
"Vavraia culicis",-0.205692305848394,-0.266436317899311,-0.145153273526476,2.35051615184152e-11
"Anncaliia algerae",-0.439418822949897,-0.471148669491748,-0.407765176989009,3.3388276629442e-163
"Amphiamblys sp. WSBS2006",0.257469116557774,0.191235333324992,0.324050762825894,2.41658830655599e-14
"Ordospora colligata",-0.141200907942606,-0.212928184627413,-0.0752839020748063,1.42847998076172e-05
"Pseudoloma neurophilia",-0.266829998830057,-0.310718427848439,-0.222801580050916,2.06499769060515e-32
"Nematocida parisii",-0.0291877843388102,-0.0344040718756587,-0.0239942806086057,2.42170876436074e-28
"Nematocida displodere",-0.498505841959976,-0.568799175930608,-0.432213855412144,1.05122742168979e-52
"Nematocida sp. 1",-0.385331026667038,-0.453326585920749,-0.318190723494735,2.41154840714989e-31
"Nematocida sp. ERTm5",-1.18954873541099,-1.27947544434917,-1.10128786436695,7.22902970860428e-186
"Edhazardia aedis",-0.451997207006486,-0.478996117280332,-0.42489960552168,2.37637435539721e-228
"Spraguea lophii",-0.528482680892654,-0.579154844361164,-0.478114026780427,9.40643450432386e-93
"Encephalitozoon intestinalis",0.280592449533983,0.204212263845639,0.351830362394263,3.68198435833819e-21
"Encephalitozoon cuniculi",-0.0373595405030225,-0.0607899346471076,-0.014558979345962,0.00133985620756626
"Encephalitozoon hellem",-1.69625648464621,-1.8388736307711,-1.53362261120381,1.36516840029703e-288
"Encephalitozoon romaleae",-0.390926843750806,-0.4764723419395,-0.304818857009251,2.17749052245514e-19
"Vittaforma corneae",-0.1084660118884,-0.18383487151026,-0.0331323692204182,0.00484509707147256
"Nosema apis",-0.707004918455833,-0.7491898970801,-0.664928833246638,1.3613067881468e-232
"Nosema ceranae",-0.319481043570282,-0.370710676777569,-0.268044166527718,1.06831230862059e-33
"Nosema bombycis",-0.503309263252546,-0.545263945925578,-0.461339661480097,1.15433247088019e-119
"Enterospora canceri",-0.752419221778773,-0.835866525967683,-0.67068459450834,1.51547146445105e-80
"Hepatospora eriocheir",-0.352549354456834,-0.398846031297434,-0.306509950360915,1.3883977784577e-50
"Enterocytozoon hepatopenaei",-0.433333148046506,-0.493813558284697,-0.373024467695659,1.79295932796584e-44
"Enterocytozoon bieneusi",-0.568452571784201,-0.597414591309502,-0.539438340875066,3.22127416731501e-294
"Wallemia mellicola",0.0682107264155571,0.0230261017992236,0.113296944857104,0.00317808751341869
"Wallemia ichthyophaga",-0.782188378836916,-0.823372708385094,-0.741289145812178,4.35322380320087e-284
"Mixia osmundae",0.192587436479998,0.144381559347217,0.241221995398606,3.14904901009881e-15
"Microbotryum intermedium",0.231032279319181,0.187686274071602,0.274449312720763,2.71734618995629e-25
"Leucosporidium creatinivorum",0.193421668918079,0.156188437029162,0.230515924813421,4.24380191147305e-24
"Rhodotorula taiwanensis",0.565504118901771,0.523595320429063,0.607734798128687,1.62873255084343e-148
"Rhodotorula graminis",0.257238714405249,0.223264693237002,0.291311696585707,2.97897214913937e-50
"Rhodotorula toruloides",0.32378014954851,0.289592949158283,0.357882690632082,4.9203678184944e-75
"Rhodotorula sp. JG-1b",-0.129728188169899,-0.171178393908531,-0.0881667088943529,8.34993049445825e-10
"Puccinia coronata",-0.259578504102732,-0.27872187717204,-0.240419809870708,3.04646306316357e-146
"Puccinia striiformis",-0.00597606010310784,-0.0359102751425041,0.0240254569481319,0.695878035065109
"Puccinia graminis",-0.374373593466475,-0.4007630354563,-0.347976148524726,6.05770508495706e-159
"Puccinia sorghi",-0.295239414879459,-0.323314575118291,-0.267241479923212,1.90494811124451e-93
"Malassezia globosa",0.224138392748463,0.180136366248648,0.26804763557023,9.48234021606866e-24
"Malassezia restricta",-0.304219795804122,-0.373199009038636,-0.235632916892789,2.02919165348381e-18
"Malassezia sympodialis",0.346054462728204,0.299058757726643,0.393127656584729,2.50102488437334e-47
"Malassezia vespertilionis",0.0350183417702363,-0.00197472624277059,0.0720378851816738,0.0634057452465623
"Tilletiaria anomala",0.0322321475014241,0.00434287487871467,0.0603123109050879,0.023507681436988
"Ceraceosorus bombacis",-0.0834114815321838,-0.123939851045983,-0.0427604094851382,5.62503776852209e-05
"Tilletia controversa",1.39149187047509,1.26364681836462,1.5231865840934,2.24496966042233e-198
"Tilletia walkeri",0.206243024038367,0.139133744610562,0.273968656336019,1.57496285789358e-09
"Tilletia indica",-0.276499889718795,-0.32035856681112,-0.232441242976813,2.7287855552131e-34
"Tilletia caries",-0.098458455747407,-0.161603206000326,-0.036813255310267,0.00177231422307232
"Violaceomyces palustris",-0.103441221126121,-0.137418837328467,-0.0695820317829537,2.07721577460299e-09
"Testicularia cyperi",0.443441111700093,0.398534086835995,0.488524156471281,2.80442584479484e-81
"Pseudozyma hubeiensis",0.208367674154987,0.166601299435682,0.250208361851965,2.97729075111817e-22
"Kalmanozyma brasiliensis",0.288958967833578,0.254172726420743,0.323613963051734,7.20948497295517e-60
"Moesziomyces aphidis",0.186953031475955,0.106351031353489,0.266694801709211,6.10480239413307e-06
"Moesziomyces antarcticus",0.453815530169081,0.395737236211838,0.511757927686184,5.90879812838806e-52
"Ustilago hordei",0.0535179836965812,0.0113376314934744,0.0956961706988166,0.0128896330777746
"Ustilago bromivora",0.529280508067214,0.456798315685542,0.601958407698905,3.87725956627417e-48
"Ustilago maydis",0.282885199528044,0.248240054203311,0.317376235512071,5.60474332171559e-56
"Anthracocystis flocculosa",0.299119629780495,0.261266088240175,0.336926457985546,1.77709026775794e-53
"Sporisorium graminicola",-0.112467553882253,-0.152256340048695,-0.0726507141969572,3.24792000687134e-08
"Sporisorium reilianum",0.415857316322463,0.378777401730347,0.452941656301743,1.27208963967868e-104
"Dacryopinax primogenitus",0.272699189718152,0.233234304014905,0.312218362898931,1.95702433997773e-41
"Calocera viscosa",0.432998706127412,0.398264439692352,0.467863950636707,6.50861562945974e-124
"Calocera cornea",0.148721507423304,0.120624891148449,0.176748487963985,7.84311651630663e-25
"Xanthophyllomyces dendrorhous",-0.0399722345135318,-0.0730314630777642,-0.00684278435560141,0.0180868271199375
"Trichosporon asahii",0.433135864676877,0.391972512570422,0.474342875273489,5.58485417950861e-92
"Naematelia encephala",0.10754769220347,0.0586285990015894,0.156547898769521,1.5991099880631e-05
"Tremella mesenterica",0.028315416315564,-0.00583066286458361,0.0623822764699368,0.104093023381638
"Kwoniella heveanensis",0.458578435308145,0.416967780819183,0.500419369696715,2.44711617146339e-101
"Kwoniella bestiolae",-0.2779257902613,-0.312045913295614,-0.243876810864402,2.51550798987513e-57
"Kwoniella dejecticola",0.235114066610088,0.194030693104838,0.27631909386858,2.06887999593355e-29
"Kwoniella pini",-0.226753090110069,-0.257663013802572,-0.195704401288408,1.19313096385971e-45
"Kwoniella mangrovensis",0.162100658676223,0.100858334119814,0.225136101561736,6.84757271375425e-08
"Cryptococcus wingfieldii",0.0316172391125867,-0.0302674040423006,0.0936853735533455,0.316960225284287
"Cryptococcus amylolentus",0.121720312063961,0.0745887192407432,0.182325876508082,1.67744927557223e-08
"Cryptococcus gattii VGII",0.0988741273440269,0.071309828919459,0.129400373753666,2.23654060046842e-14
"Cryptococcus gattii VGIII",0.0013192176247109,-0.0481566015449267,0.0505486466330356,0.957466419174389
"Cryptococcus gattii VGIV",-0.160454075187245,-0.244762790377263,-0.0766346417320327,0.000174767638688328
"Cryptococcus gattii VGI",-0.131279172592115,-0.157550338299427,-0.109063477775052,2.2587061703077e-47
"Cryptococcus depauperatus",-0.0291936411794701,-0.0710751278163309,0.012669930944862,0.172681111061697
"Cryptococcus neoformans",0.00112392713605251,-0.0380146551174975,0.0403147321976239,0.954300822686315
"Sphaerobolus stellatus",0.0507552390200605,0.0321189641449929,0.0693595774454168,1.08287283515865e-07
"Punctularia strigosozonata",-0.153006950950995,-0.183202681855808,-0.122766498970446,6.24271517323811e-23
"Gloeophyllum trabeum",0.0138289611933601,-0.0200683688827022,0.0477350174698699,0.424163038113869
"Neolentinus lepideus",-0.127731146176798,-0.159845503432644,-0.0955099199735955,9.76658559022123e-15
"Sistotremastrum niveocremeum",-0.134478346597076,-0.181880675698109,-0.0871171132747825,2.41324201875107e-08
"Sistotremastrum suecicum",0.332892207080572,0.282319627133336,0.383742160890936,2.04018188991486e-38
"Serendipita vermifera",-0.195269682090879,-0.22732438527612,-0.163179569705714,3.55953558614698e-33
"Serendipita indica",-0.200119580639409,-0.2332055501571,-0.167050994602353,3.06282775787912e-32
"Exidia glandulosa",0.0283370303538416,0.00302918317595733,0.053644707118624,0.0283504577308495
"Schizopora paradoxa",-0.111758768518598,-0.140900519544772,-0.0826980358040057,4.27447861782359e-14
"Fomitiporia mediterranea",-0.138278703430124,-0.164936857954602,-0.111750305109875,4.43873936019742e-24
"Pyrrhoderma noxium",-0.00935170573349731,-0.0430375910769318,0.0243643815351537,0.58591841305202
"Botryobasidium botryosum",0.0262437400870737,-0.00259347195485847,0.0552073816039204,0.074501085171763
"Rhizoctonia solani",-0.0692046760682754,-0.0873212690740187,-0.0511174184629443,8.56118878107915e-14
"Peniophora sp. CONT",0.393386298517366,0.364290899078066,0.422532446053618,7.82188565510811e-150
"Stereum hirsutum",-0.0617822485145648,-0.0889002260451398,-0.0344838200266823,1.01929781689289e-05
"Heterobasidion irregulare",0.0333962087604144,0.00232088876370895,0.0646092715378641,0.0352111997971811
"Phlebia centrifuga",-0.135269336872082,-0.173097081863345,-0.0975860152700735,2.30738147206122e-12
"Gelatoporia subvermispora",0.351294013695002,0.312477973536664,0.390151961048066,4.06301537552727e-69
"Fomitopsis pinicola",0.096179359963679,0.0580091536720079,0.13429897071998,8.1825010158898e-07
"Daedalea quercina",0.233559620036675,0.198743805569949,0.268558168244258,2.47040077458645e-39
"Grifola frondosa",0.266061469674419,0.233759889671781,0.298304376980327,7.23048598024343e-58
"Postia placenta",0.305080071408835,0.254612598227081,0.357322853170824,1.69603069493434e-35
"Phlebiopsis gigantea",0.41648393352504,0.383189645148887,0.449761655198933,8.18863614489737e-128
"Phanerochaete carnosa",0.209266322775189,0.180964916803277,0.237680736917801,1.10958320974095e-46
"Phanerochaete chrysosporium",0.255068556069729,0.221425510328022,0.288911495969616,6.59881093357243e-50
"Wolfiporia cocos",0.170831219184454,0.139435215840517,0.202291299646427,2.68078302336941e-26
"Laetiporus sulphureus",-0.0250992259698842,-0.0533172815640395,0.00310246104600488,0.0807715418384087
"Ganoderma sinense",-0.0808930923302638,-0.108450539497834,-0.053380673819952,8.52820308460378e-09
"Dichomitus squalens",-0.0822626447752352,-0.110829921457602,-0.0537063950404423,1.62825559928383e-08
"Trametes pubescens",-0.109741368865996,-0.142063573427582,-0.0774391168353682,3.44481493314365e-11
"Trametes coccinea",-0.134709993833183,-0.166841734517959,-0.102527730476571,3.0314751699492e-16
"Trametes cinnabarina",0.180064155670132,0.139177100471264,0.22097414165722,5.92841979704718e-18
"Trametes versicolor",0.167582586480733,0.131796804272537,0.203355050211186,6.05997198161947e-20
"Jaapia argillacea",-0.0180373931235445,-0.0470857420956383,0.0109624237966551,0.221957335992862
"Plicaturopsis crispa",-0.0140214323749984,-0.0479633565499941,0.0198546256860583,0.415095785227886
"Piloderma croceum",-0.119281241659732,-0.150829246578119,-0.0877043550169896,1.16315727184467e-13
"Fibularhizoctonia sp. CBS 109695",-0.0291826962172466,-0.0580676072662909,-0.000179994563618421,0.0485001352801559
"Serpula lacrymans",-0.0540911264153756,-0.0690361836172571,-0.0397838532966395,2.01510684401761e-14
"Coniophora puteana",-0.147984381781273,-0.175840670394584,-0.120265783804558,1.91552982675617e-25
"Hydnomerulius pinastri",0.177402369904692,0.135583011156331,0.219430584476388,1.07150978000084e-16
"Paxillus involutus",-0.210080783774214,-0.241934878527012,-0.178166549449113,9.35018666469443e-38
"Paxillus rubicundulus",0.193646862756982,0.166257036663853,0.220981892415711,2.45829017997346e-43
"Pisolithus tinctorius",0.0348652687812791,0.00798603530498036,0.0617647467176301,0.0110288076939045
"Pisolithus microcarpus",0.152627035593836,0.115983961126838,0.189247942753916,3.53791770861011e-16
"Scleroderma citrinum",-0.331418681483174,-0.358207978157636,-0.304568965159284,8.68141237524642e-127
"Suillus luteus",0.00728561157250168,-0.0222877246226786,0.0368419244304649,0.6292042518205
"Rhizopogon vinicolor",0.239534888593991,0.198779766149745,0.28008875683156,1.87629443325429e-30
"Rhizopogon vesiculosus",-0.563787581621292,-0.609519854821515,-0.518168899186885,8.87022009350844e-122
"Schizophyllum commune",0.0598691672802018,0.030123180022011,0.0895712595217005,8.07976315563271e-05
"Amanita muscaria",-0.571182145503313,-0.611217759064397,-0.531584541441372,6.47123458831939e-171
"Amanita thiersii",-0.172129961413464,-0.198917931965521,-0.145522012427461,6.16843916239935e-37
"Hebeloma cylindrosporum",-0.0704954541630417,-0.101922116745091,-0.0391265405920598,1.06063636029164e-05
"Fistulina hepatica",-0.240663239799316,-0.27401842930542,-0.207357966532188,5.54368857527579e-45
"Laccaria bicolor",0.310700730342454,0.282706207517174,0.33866565855226,6.11859899279235e-102
"Laccaria amethystina",-0.0671614255551492,-0.10196390875185,-0.0323040115551617,0.000154826611837238
"Pleurotus ostreatus",-0.180082215024907,-0.213784131002843,-0.14623038451264,1.58687746493957e-25
"Coprinopsis cinerea",0.230337865074373,0.197850654206314,0.26294666786393,6.49040019366693e-44
"Moniliophthora perniciosa",0.790524341271007,0.751821130462539,0.829444060282626,0
"Moniliophthora roreri",-0.287712625554644,-0.313037069071158,-0.262439970393202,5.23643669041699e-106
"Hypsizygus marmoreus",-0.0422173344015759,-0.0734056707779073,-0.011041092436028,0.00800321806643228
"Termitomyces sp. J132",-0.082120200376166,-0.10739348255301,-0.0567505572582776,2.22330616973546e-10
"Gymnopus luxurians",-0.0664789223963018,-0.0927265618643431,-0.0403503352886603,6.15447511220375e-07
"Lentinula edodes",-0.378544125445792,-0.407710165486121,-0.349473790027312,2.49354674111605e-139
"Cylindrobasidium torrendii",-0.0980674891966448,-0.13110813957938,-0.0650057637241281,6.4472294808871e-09
"Armillaria solidipes",0.0501965567027241,0.0134790998667808,0.0871294652603309,0.00735427077679358
"Armillaria ostoyae",0.0406009842976687,0.000121823091715946,0.0811038631957806,0.0493116489204707
"Armillaria gallica",-0.143923308841604,-0.169547044424374,-0.118325698632518,8.47297621110854e-28
"Hypholoma sublateritium",0.190925196656921,0.167714142607682,0.214208298198315,8.63551034066405e-58
"Galerina marginata",-0.312504271701934,-0.34285587690522,-0.282135474253294,1.69171534411139e-88
"Agaricus bisporus",-0.158918265949388,-0.198236509131467,-0.11954734524442,1.93845455571626e-15
"Leucoagaricus sp. SymC.cos",-0.473149691290698,-0.500914247464826,-0.445471887744614,3.6859384917754e-232
"Protomyces lactucaedebilis",0.66797914153517,0.599973052896435,0.736896535566897,2.41583793698794e-89
"Neolecta irregularis",-0.213948856683814,-0.256542078662157,-0.171468842352797,7.72429362940409e-23
"Saitoella complicata",-0.370775639122967,-0.420330458200435,-0.321309895027365,5.38944108852706e-48
"Schizosaccharomyces pombe",-0.631998685124204,-0.667235745167517,-0.59657875508203,9.84450615302451e-247
"Pneumocystis jirovecii",-0.48498578780152,-0.540188196345556,-0.43002614198517,4.45745589252917e-65
"Pneumocystis murina",-0.608233637717083,-0.646727121687705,-0.569754127042088,1.08751517239212e-203
"Pneumocystis carinii",-0.17574154656526,-0.216305951547804,-0.135039963618167,3.67241052456536e-17
"Tortispora caseinolytica",-0.118404537385051,-0.155331217687972,-0.0815546955521498,3.36762155571777e-10
"Yarrowia lipolytica",0.184148390787738,0.12985625280959,0.23901552153264,2.56006786861247e-11
"Sugiyamaella lignohabitans",-0.723170101286233,-0.766320052432977,-0.680367414043406,4.80111752439313e-239
"Lipomyces starkeyi",-0.28566757903596,-0.322902875752712,-0.248436003002037,8.13246355842571e-50
"Metschnikowia bicuspidata",-0.155000652789854,-0.188096698329559,-0.121915507221412,1.31536881753341e-19
"Clavispora lusitaniae",-0.0830155331853457,-0.123361684977453,-0.0425643476674153,5.72291056933092e-05
"[Candida] intermedia",0.0874825383132356,0.0465677226692124,0.128379034388695,2.87304795307296e-05
"Kuraishia capsulata",-0.284741970728053,-0.324025413640713,-0.245418123973375,3.36971575715634e-44
"Nadsonia fulvescens",0.106773528890507,0.0693207308116179,0.144351193993657,2.56635445392115e-08
"Ascoidea rubescens",-0.566743809472266,-0.604005076580295,-0.529578172494535,8.79539249571185e-181
"Komagataella phaffii",0.0683961991682962,0.049146040794177,0.0898403667571724,2.28836836613126e-14
"Komagataella pastoris",-0.624547394103958,-0.667009978713379,-0.582248594892267,7.40001680623645e-173
"Wickerhamomyces anomalus",0.146578892722994,0.113411054695523,0.17981098188684,3.97989778514045e-18
"Cyberlindnera jadinii",0.289684024175261,0.251832532985561,0.327503743035996,3.57838570346426e-50
"Cyberlindnera fabianii",-0.767919182597412,-0.807802613162892,-0.728097497496771,1.08288110140887e-288
"Hanseniaspora osmophila",-0.158448415896088,-0.200006517696526,-0.116794521871685,1.20903497553851e-13
"Hanseniaspora opuntiae",-0.322716332949291,-0.371263114646574,-0.274031374093977,4.16471024347018e-38
"Hanseniaspora uvarum",-0.291492680251771,-0.33725236382268,-0.245676664111271,2.99764797775098e-35
"Hanseniaspora guilliermondii",-0.653404198015356,-0.69136051525042,-0.615473515097683,6.64113232744344e-231
"Hanseniaspora valbyensis",-0.114856789431928,-0.156381677431084,-0.0733750348166141,5.51737419291889e-08
"Brettanomyces nanus",-0.312539912409212,-0.342448961332869,-0.282637872664381,1.11778465958145e-89
"Brettanomyces bruxellensis",-0.443355381411986,-0.47986220372916,-0.406896883762975,2.36019086412485e-123
"Ogataea parapolymorpha",0.165754424138058,0.120392954595239,0.211339295213629,6.28270807052062e-13
"[Candida] arabinofermentans",-0.658293049206348,-0.693803519062515,-0.622901040174038,1.06485132657779e-273
"Pichia membranifaciens",0.121038060345504,0.0904317016987256,0.151575515974713,1.12058037715064e-14
"Pichia kudriavzevii",-0.530097914034211,-0.564756041767301,-0.495510792409508,6.26429344291705e-194
"Millerozyma farinosa",-0.0512309617312105,-0.0837898780663201,-0.0188278833038024,0.00196925927187799
"Yamadazyma tenuis",-0.261327862399231,-0.297030203992986,-0.225739977083988,9.37856656565835e-47
"Scheffersomyces stipitis",0.090087848492878,0.0620534670362212,0.118186076093829,3.33188106655724e-10
"Debaryomyces hansenii",-0.46786602624936,-0.515889673367682,-0.419535383270174,1.66948428242758e-77
"Suhomyces tanzawaensis",-0.0538426969358621,-0.0961098252992763,-0.0115129805648906,0.0124968398427121
"Babjeviella inositovora",-0.144901596472322,-0.17690550781036,-0.112977594292081,7.45435682564599e-19
"Meyerozyma guilliermondii",-0.184959154783149,-0.233791672565406,-0.136301549035101,8.86115604283656e-14
"Hyphopichia burtonii",-0.47675153447471,-0.513278582013627,-0.440458618343661,2.21268249125718e-141
"Spathaspora passalidarum",-0.168663374686463,-0.200188760850331,-0.137170810743709,2.0076061839413e-25
"Lodderomyces elongisporus",-0.133385663963167,-0.162179747917707,-0.104508354129839,2.41498392224712e-19
"Candida dubliniensis",0.240421951937312,0.204690349288452,0.276044908477192,3.23957125613923e-40
"Candida maltosa",-0.153407880980783,-0.188584868220563,-0.118333412858812,1.54805549566953e-17
"Candida parapsilosis",-0.215860727987148,-0.256276888420935,-0.175701443652353,1.5057854063261e-25
"Candida orthopsilosis",-0.15234018559579,-0.189019412735831,-0.1158944353533,2.85691300608208e-16
"Candida tropicalis",-0.323017630681603,-0.35098739725646,-0.295103096463235,6.22214287032866e-111
"Candida albicans",-0.139459007929311,-0.175304604992077,-0.103594072128742,2.1040513581594e-14
"Saccharomycetaceae sp. 'Ashbya aceri'",0.0611585029137118,0.0205316499226223,0.101818161046881,0.00320796842603416
"[Candida] glabrata",-0.111207493268949,-0.145638500298779,-0.0766249044559862,3.83447566737664e-10
"Kazachstania africana",-0.0529931190545241,-0.0932238424284623,-0.0126781620639222,0.0100704132828417
"Kazachstania naganishii",-0.0149393538475621,-0.0781844206307718,0.0485594496965649,0.641777374523241
"Eremothecium gossypii",0.936342819653183,0.899748606797487,0.965223027051513,1.3327523779044e-119
"Eremothecium cymbalariae",0.00945359048194444,-0.0385923370579726,0.0573438822837608,0.697782614533949
"Eremothecium sinecaudum",-0.66708619398035,-0.717946925820784,-0.616147252819403,5.69177408267142e-138
"Torulaspora globosa",-0.487051716066491,-0.531031709976833,-0.443202341692477,1.86302566292752e-101
"Torulaspora delbrueckii",-0.884237574808451,-0.927096762197673,-0.841484962730442,0
"Zygotorulaspora mrakii",-0.737764679827985,-0.784165809714125,-0.691542530710474,1.39511119066923e-204
"Pachysolen tannophilus",-0.335462193238419,-0.372693729443477,-0.298202434199044,2.55039622724559e-68
"Naumovozyma castellii",0.0386334930497777,-0.00228336164946589,0.0797623266531873,0.0643001530966752
"Naumovozyma dairenensis",-0.673235566895366,-0.711565313384836,-0.635011546265379,1.91471954533017e-257
"Zygosaccharomyces bailii",-0.838325763522296,-0.931175788841788,-0.743821076365868,8.84635540075583e-68
"Zygosaccharomyces parabailii",-1.09561945957837,-1.13187512507788,-1.04773189122128,3.66460276389057e-124
"Zygosaccharomyces rouxii",0.209161530551804,0.159639357818197,0.258587085157797,1.68080281505294e-16
"Vanderwaltozyma polyspora",-0.239180916040547,-0.26861280784693,-0.20985144407772,7.74621792029812e-57
"Lachancea mirantina",0.548545198540542,0.499321293317054,0.597295309632365,3.14922621391298e-104
"Lachancea thermotolerans",0.0697032203492626,0.0189390813327079,0.120469720676529,0.00714760785208831
"Lachancea dasiensis",0.302261148925342,0.255585618476028,0.349352718377423,2.69830847514907e-37
"Lachancea meyersii",0.0964697519173222,0.0489819632377296,0.144795638047911,6.35546281782993e-05
"Lachancea sp. PJ-2012a",0.136974272479728,0.0807507446370184,0.193045413885022,1.7282748889559e-06
"Lachancea quebecensis",0.103519888925897,0.0448561997231209,0.162430297201575,0.000535327321605831
"Lachancea fermentati",-0.0192016203057904,-0.0573319873290259,0.0189246964586581,0.32386372879793
"Lachancea nothofagi",0.335120468992101,0.284504062758507,0.386051347219949,1.88875371500891e-38
"Kluyveromyces lactis",-0.132395556891027,-0.17553723161396,-0.0889446620682617,3.17000414485602e-09
"Kluyveromyces marxianus",0.281453537217199,0.234642886132684,0.328368866943431,3.93942426893044e-32
"Kluyveromyces dobzhanskii",0.0745017007388064,0.0298530598355465,0.119450037035483,0.00109507099264248
"Tetrapisispora phaffii",-0.151879235029985,-0.18406727209694,-0.119833721417572,1.48117134897485e-20
"Tetrapisispora blattae",-0.353280691112734,-0.385435480093651,-0.321289014075923,8.95095219255152e-103
"Saccharomyces sp. 'boulardii'",0.086197766362639,0.0405598735424697,0.135000197677433,0.000154210151592692
"Saccharomyces cerevisiae x Saccharomyces kudriavzevii",0.196132840353425,0.144162262345083,0.247860366481432,2.15493598625481e-13
"Saccharomyces kudriavzevii",-0.215399032737455,-0.294210760733915,-0.142896659750826,2.67129403071303e-10
"Saccharomyces paradoxus",-0.0325994303021782,-0.0683582158034373,0.00315969212798721,0.0739161471416738
"Saccharomyces arboricola",0.1310406961548,0.0949636185817085,0.167187225585954,9.12129947516628e-13
"Saccharomyces eubayanus",-0.311132289005401,-0.354416581469732,-0.267798323901473,5.19742844782773e-44
"Saccharomyces cerevisiae",-0.331464770515317,-0.38756400837761,-0.275584141494543,2.37339112719038e-31
"Drechslerella stenobrocha",0.301959027099761,0.263345089109328,0.340663790916785,1.59124792512052e-51
"Arthrobotrys oligospora",-0.0618125418300421,-0.0861720178336452,-0.0375302594526433,6.00094147557954e-07
"Dactylellina haptotyla",-0.0731833894919301,-0.0988089000617681,-0.0475342196450926,2.30134180922627e-08
"Tuber borchii",-0.2195286859819,-0.241945516411019,-0.197085858832778,6.6570148352113e-80
"Tuber magnatum",-0.32189941036478,-0.343371657438988,-0.300397537494929,4.00223724419802e-178
"Umbilicaria pustulata",-0.0982487633035372,-0.131418496622753,-0.0650218959538357,7.4525379836944e-09
"Xylona heveae",0.129557444844423,0.0911297852476778,0.168144333876103,3.98111085910686e-11
"Coniosporium apollinis",-0.186395506436582,-0.216591372169566,-0.156274405135709,4.88888661747536e-34
"Diplodia seriata",0.00108973072077496,-0.0219955078652717,0.0241279261877627,0.927716139271859
"Macrophomina phaseolina",-0.0890536739016339,-0.110995474959637,-0.0671361978665081,1.97790549767865e-15
"Neofusicoccum parvum",0.125353075408268,0.0983857983073903,0.152571604638635,9.23478435835839e-20
"Cenococcum geophilum",-0.302967794118179,-0.326136287783136,-0.279781093765614,2.74090639510933e-141
"Clohesyomyces aquaticus",-0.127956674422128,-0.154984346183166,-0.100960248236347,1.42354616026433e-20
"Corynespora cassiicola",0.248512660760811,0.219047650303465,0.277946511480307,1.66192291123787e-59
"Stagonospora sp. SRC1lsM3a",0.265589853042025,0.236398942044305,0.294772706054013,3.5775694534266e-69
"Periconia macrospinosa",-0.275760443789286,-0.299799974197554,-0.251644047306386,3.36507362896273e-108
"Pyrenochaeta sp. DS3sAY3a",0.584593698912188,0.545668046760664,0.623578610744626,2.64690069911052e-190
"Epicoccum nigrum",-0.00324926797072791,-0.0341892390045602,0.027550162549553,0.836511360758886
"Ascochyta rabiei",0.01957646867681,-0.0112028897950265,0.0503597365190092,0.211929706346831
"Exserohilum turcicum",0.0471282708028913,0.0199759615432031,0.0741334402964666,0.000670499724942046
"Bipolaris victoriae",-0.132878482787655,-0.189923676891216,-0.0749839389458787,8.03571561006603e-06
"Bipolaris zeicola",0.0501474027665088,-0.0106051391724962,0.111285124417462,0.105828272171827
"Bipolaris maydis",-0.166463099648529,-0.198219290063281,-0.138515539990832,9.2468582562582e-45
"Bipolaris sorokiniana",-0.128510924602925,-0.17496677594068,-0.0823370552202361,5.36357737373995e-08
"Bipolaris oryzae",0.00603502902189247,-0.0299928238401826,0.0421129382302322,0.742094532731662
"Stemphylium lycopersici",0.366355521099419,0.339387679406776,0.393480909387465,3.12833748619596e-155
"Elsinoe australis",0.29697089981464,0.261828444722072,0.332135444109469,2.56013532174975e-60
"Aureobasidium melanogenum",-0.0261868979382942,-0.0589645074236747,0.006517128853839,0.116728956539568
"Aureobasidium namibiae",-0.4840297233399,-0.516597521458553,-0.45157718979031,6.25407295879579e-177
"Aureobasidium subglaciale",-0.0483784060135435,-0.0855683413236895,-0.0111497931904975,0.0108500233035315
"Acidomyces richmondensis",-0.323324719982939,-0.351638168073622,-0.294888264448876,1.05428807475492e-105
"Rachicladosporium sp. CCFEE 5018",0.217429586714498,0.166633090366274,0.267914328723443,5.75024035421771e-17
"Rachicladosporium antarcticum",0.212819574519298,0.181289765957762,0.244379691828124,3.42459554578529e-39
"Hortaea werneckii",-0.564792476330442,-0.596431621922277,-0.53329222802337,4.7606847019322e-261
"Baudoinia panamericana",-1.00756006185299,-1.04082509172886,-0.974035253746971,0
"Sphaerulina musiva",0.521553362252863,0.484523390514257,0.558589501945901,3.65526219087894e-165
"Cercospora beticola",0.00376914442461372,-0.0346273564555635,0.0422005502467788,0.848596059986832
"Cercospora zeina",-0.0387975050655269,-0.0707694131796284,-0.00678440827273818,0.0174399594731288
"Cercospora berteroae",-0.00398529667694375,-0.040253514936392,0.0321759431086549,0.829854353433629
"Zymoseptoria brevis",-0.673801067168318,-0.711346759061806,-0.636335508859951,1.24506037621259e-246
"Zymoseptoria tritici",0.203469221661187,0.170371076347417,0.236859422638896,4.46198488393363e-34
"Pseudocercospora eumusae",0.275501323609192,0.2430367702874,0.307934999795298,6.02860121773324e-60
"Pseudocercospora musae",-0.50828961349804,-0.536125854963678,-0.480424853629336,2.59846845138924e-257
"Pseudocercospora fijiensis",-0.30856085086031,-0.333143807866925,-0.284024818682026,3.47592595920469e-130
"Phaeomoniella chlamydospora",-0.0743404949749982,-0.105304964309674,-0.0431261477680533,2.95199758403711e-06
"Endocarpon pusillum",-0.342248423194782,-0.373183293389561,-0.311314681604999,4.70292141782182e-98
"Cyphellophora europaea",0.00717540052091541,-0.0243570299407193,0.0387988395622473,0.657949272655123
"Phialophora americana",0.0814660972531075,0.045932748925477,0.117049257436045,7.42431647344209e-06
"Rhinocladiella mackenziei",-0.275619197514816,-0.309039375011438,-0.242318846990607,3.29731883098082e-58
"Capronia coronata",-0.439939699116475,-0.473081416539496,-0.406918776496831,2.0293516612095e-144
"Capronia epimyces",0.338235525767572,0.304542768435855,0.371977182530254,4.77284436550227e-85
"Exophiala dermatitidis",0.0811418193902031,0.0526338183361117,0.109638571638986,2.85973698201165e-08
"Exophiala aquamarina",-0.00520126618674265,-0.0350411024272116,0.0246511925730129,0.732552496473763
"Exophiala sideris",-0.131262150151583,-0.157305077322153,-0.105303954066983,2.34675397417024e-23
"Fonsecaea multimorphosa",-0.0704416593438742,-0.0984289791554883,-0.0424028520487845,8.39136501130257e-07
"Fonsecaea pedrosoi",-0.411688148511108,-0.44505056636826,-0.378333268574914,1.04089565421555e-125
"Cladophialophora yegresii",-0.263222186496265,-0.296386933961957,-0.23004436856175,6.14552089305903e-54
"Cladophialophora carrionii",0.261246158106857,0.229105769731723,0.293384187613109,2.65087785826521e-56
"Cladophialophora bantiana",0.197986546608516,0.16985260182136,0.225960839985087,1.08238803716141e-42
"Cladophialophora psammophila",-0.512104553340834,-0.548554127190692,-0.475442803618532,1.24343394880797e-155
"Ascosphaera apis",-0.164528791982788,-0.195300729058082,-0.133798738051744,1.30898680358196e-25
"Uncinocarpus reesii",-0.0618442148401916,-0.0963472008655325,-0.0275293426658051,0.00040097538485998
"Nannizzia gypsea",-0.331475789377349,-0.364487507754948,-0.298555507018581,1.42993390102579e-86
"Microsporum canis",-0.517814072021886,-0.54822658677204,-0.487352786385766,1.42292138765222e-226
"Trichophyton tonsurans",0.167188349154612,0.144829138002314,0.190536529976718,1.6648058375743e-52
"Trichophyton interdigitale",-0.172110151573399,-0.227170395483706,-0.121447623551064,1.26820960171671e-13
"Trichophyton soudanense",-0.16499259162545,-0.201527252987082,-0.137252953751141,2.01080649059963e-62
"Trichophyton rubrum",-0.0664678806591018,-0.0807067104044542,-0.0521958040337606,2.87605908125022e-19
"Trichophyton equinum",0.0790657219501937,0.0604346695687896,0.0976338444665595,5.39640954524931e-16
"Trichophyton mentagrophytes",-0.804576250714716,-0.923105602108544,-0.69115772298333,9.08700670920535e-59
"Trichophyton verrucosum",-1.18168036464391,-1.2594634074076,-1.10518042096484,7.85440145132914e-214
"Trichophyton benhamiae",0.356026408760265,0.297952204869204,0.414471858474427,5.98270233591116e-33
"Coccidioides immitis",-0.403590232172174,-0.46998283944646,-0.338021664558638,7.13331628795614e-35
"Coccidioides posadasii",-0.477780214723967,-0.543209461459945,-0.413117924689335,4.70283938118399e-48
"Paracoccidioides brasiliensis",-0.0599184573637814,-0.0928680100839647,-0.0268828718035973,0.000378983453374512
"Paracoccidioides lutzii",-0.61855079715657,-0.64936791913269,-0.587820296589367,0
"Emergomyces pasteurianus",0.0228240651116047,-0.00486710305277648,0.0506720003124609,0.10617103600494
"Polytolypa hystricis",-0.434818034173086,-0.463780601651877,-0.405965865504107,1.27485497622679e-179
"Helicocarpus griseus",-0.322329976396006,-0.357958192522911,-0.286631795819063,9.48016030650914e-69
"Histoplasma capsulatum",-0.165055114268764,-0.187205919459708,-0.142902210491261,1.70317740573948e-47
"Emmonsia sp. CAC-2015a",-0.387776650387142,-0.414227181419576,-0.361287236420266,1.42318226635016e-172
"Emmonsia crescens",-0.102619863127003,-0.12224636024632,-0.0829895454553106,1.51991521631673e-24
"Blastomyces parvus",0.462310530943467,0.430373360682376,0.494458447485481,3.90039995687553e-169
"Blastomyces percursus",-0.14738091239515,-0.17623775661975,-0.118667943340079,8.07212169636034e-24
"Blastomyces gilchristii",-0.332114350789634,-0.362642880804622,-0.301480530589009,3.31822849645841e-98
"Blastomyces dermatitidis",-0.328533651520676,-0.352577517970402,-0.304423473724096,2.25806169686059e-150
"Blastomyces silverae",-0.535692900518166,-0.565549501642812,-0.505842503831565,1.52179160438035e-248
"Byssochlamys spectabilis",-0.120975030756842,-0.146807412807013,-0.0950126331528694,7.46772312116533e-20
"Elaphomyces granulatus",0.00740873163765527,-0.0157254126174317,0.0305124518879039,0.53014510476762
"Rasamsonia emersonii",0.181031388445992,0.155984241435046,0.205845597241601,1.15672763144154e-44
"Talaromyces marneffei",-0.481843089918207,-0.541199043858463,-0.423654518634694,8.23313656310031e-55
"Talaromyces cellulolyticus",0.115716601511028,0.0529644701811709,0.178098198635035,0.00030819081888788
"Talaromyces stipitatus",-0.0521178075299566,-0.0812457273716537,-0.0229244385417918,0.000448388274405592
"Talaromyces islandicus",-0.15190116376072,-0.188701875005246,-0.11479592358678,1.08515954986451e-15
"Talaromyces rugulosus",-0.108241532137453,-0.13725139448511,-0.079315012627929,2.53034995026791e-13
"Penicilliopsis zonata",-0.130312869546579,-0.159793608484415,-0.100923528461211,2.92048886422114e-18
"Penicillium chrysogenum",-0.0207437465306417,-0.0253265789264599,-0.0161398105951095,1.05454415123944e-18
"Penicillium rubens",0.0291271445221904,0.0190564753645622,0.0391611208857279,1.86292673639007e-08
"Penicillium flavigenum",-0.138386898943918,-0.182285763533917,-0.0944783959244325,7.79895240185795e-10
"Penicillium solitum",-0.633040054541763,-0.686736151534782,-0.579614501312576,1.05235578859797e-117
"Penicillium digitatum",0.0978044587495916,0.0858229661546311,0.109891657389014,1.84223371080458e-57
"Penicillium roqueforti",-0.227641050696058,-0.288631538547569,-0.16679916630248,3.43258861015402e-13
"Penicillium nordicum",-0.513891892833596,-0.551932956885404,-0.476033682602925,1.74475961131564e-158
"Penicillium nalgiovense",-0.634613635387583,-0.678483751505312,-0.590835668824329,7.32681316845038e-164
"Penicillium sp. 'occitanis'",0.177792019891132,0.123904693798166,0.231574218792414,7.96541562697882e-11
"Penicillium griseofulvum",-0.12460738365464,-0.163045378367201,-0.0861862035976474,1.87697008085555e-10
"Penicillium antarcticum",-0.485251628636102,-0.520990152360973,-0.449600259922629,2.17652353619723e-156
"Penicillium brasilianum",-0.0494433394070247,-0.0766460773404252,-0.0223707745796414,0.000349226424457141
"Penicillium vulpinum",0.105143329964692,0.07079393414301,0.139506591447464,1.70916665862032e-09
"Penicillium freii",-0.317794738921442,-0.363541413514639,-0.272035083547427,9.19614905148415e-43
"Penicillium camemberti",0.282457346615447,0.207191701167779,0.358101700641678,1.65206034532608e-13
"Penicillium polonicum",-0.61851034357942,-0.661313095417113,-0.575687858948968,1.7007504149384e-164
"Penicillium decumbens",0.631815227009551,0.593631776249916,0.67003006707243,4.83356150027329e-220
"Penicillium italicum",-0.312654741582817,-0.349465033137054,-0.27604481955007,2.69417470834552e-62
"Penicillium coprophilum",-0.283379393696488,-0.320131874786954,-0.246619790241318,1.15532266219444e-50
"Penicillium oxalicum",-0.214191825937324,-0.247694091162932,-0.180790652172588,1.20942864929658e-35
"Penicillium steckii",-0.245119615954213,-0.274683255051275,-0.215540185994315,1.58431686839546e-57
"Penicillium subrubescens",-0.262273226546689,-0.290961630183782,-0.233596014696508,9.58107406501065e-70
"Aspergillus violaceofuscus",-0.551029732999924,-0.638059261727375,-0.464443129405872,3.16678300095705e-41
"Aspergillus parasiticus",-0.238867360258215,-0.287035148484954,-0.191012031219507,3.19481272399117e-22
"Aspergillus flavus",-0.482310488926795,-0.574768157539278,-0.396862921200347,1.61852192795466e-35
"Aspergillus ochraceoroseus",1.01087702608771,0.949918430788846,1.07224678796976,1.19183319993047e-211
"Aspergillus tubingensis",0.273449911966433,0.213023817026735,0.334452991300502,3.49983938410469e-19
"Aspergillus kawachii",-0.348492165576219,-0.457695312354427,-0.245831213986314,5.09019671540766e-19
"Aspergillus arachidicola",0.398006502485755,0.341659030647042,0.454447081931538,3.88868250947028e-44
"Aspergillus oryzae",-0.0229374378470424,-0.0389880657648594,-0.00688018198856445,0.00531079709009516
"Aspergillus glaucus",-0.185076416564037,-0.224692028261463,-0.145511870685634,8.41121372130286e-20
"Aspergillus novofumigatus",0.12631071240117,0.0895430085345631,0.163174503422944,1.79204992113783e-11
"Aspergillus japonicus",-0.841496190947739,-0.946612720297181,-0.738241455743928,1.14623691812489e-83
"Aspergillus piperis",0.0201763821712878,-0.0421571062136411,0.0827878380088563,0.526580923888171
"Aspergillus luchuensis",-0.936850452931969,-1.01235587619836,-0.861995337740022,1.51430002818497e-135
"Aspergillus indologenus",-0.0585246112577799,-0.106842173910933,-0.0102823693012026,0.017447026204022
"Aspergillus brunneoviolaceus",-0.50438094337187,-0.538565352343271,-0.470203528735253,1.14130011715293e-177
"Aspergillus vadensis",-0.238219351561984,-0.283835447258209,-0.192617057479443,1.16658289351594e-24
"Aspergillus udagawae",-0.260660783770846,-0.294066673098614,-0.22745167244194,1.04452399071758e-52
"Aspergillus uvarum",0.00990546719183798,-0.0240001011941816,0.0439310164948947,0.566897363317314
"Aspergillus niger",-0.199945772617977,-0.251174381403881,-0.154153195581965,2.19396695624958e-23
"Aspergillus ustus",0.190428046079421,0.162745275584003,0.218269427273647,1.26822029230693e-41
"Aspergillus neoniger",-0.664205311862223,-0.717717067508971,-0.610305271375126,4.73860319382874e-119
"Aspergillus eucalypticola",-0.453185445464286,-0.488532563625594,-0.417811833354425,4.58307749594154e-131
"Aspergillus versicolor",0.057183019347721,0.0284164615054143,0.0860675856617607,9.80085570306159e-05
"Aspergillus calidoustus",-0.0796670729904274,-0.105014243562626,-0.0541665755026262,9.53772074576798e-10
"Aspergillus carbonarius",-0.0191498280211104,-0.0515078363129504,0.0130390166438766,0.244357498324137
"Aspergillus sclerotiicarbonarius",-0.150461653477286,-0.179335623364807,-0.121612240073874,3.21686702943715e-24
"Aspergillus rambellii",1.17917882446845,1.12177981988525,1.23639564131028,0
"Aspergillus campestris",0.0539744585396919,0.0234825533034137,0.0844226573324966,0.000529696477285054
"Aspergillus cristatus",-0.0115939992310389,-0.0455626544787203,0.0222487821458111,0.502818125147952
"Aspergillus ellipticus",0.473866006493753,0.441431656570417,0.506463815936932,1.85281841821502e-174
"Aspergillus aculeatinus",-0.33829463714807,-0.382792540094477,-0.293964452832441,5.17452826784934e-50
"Aspergillus turcosus",0.132573158087565,0.0979787034223647,0.167211178308739,5.8596899028068e-14
"Aspergillus aculeatus",-0.0831706830645444,-0.117449953184283,-0.0488229360500238,2.02588506875146e-06
"Aspergillus saccharolyticus",0.0146041213118601,-0.0121946936790528,0.0413416714504517,0.285090604005103
"Aspergillus nomius",0.0286056053169761,-0.00109163129092805,0.0581579161163915,0.0589355514734945
"Aspergillus wentii",-0.00604461537559298,-0.0368091666156776,0.0245187471759323,0.696778242777343
"Aspergillus fumigatus",0.117326607470671,0.073766195386161,0.161262327556102,1.33043698154686e-07
"Aspergillus ruber",-0.296562173750958,-0.324692358842298,-0.268464513604278,1.08125002943496e-93
"Aspergillus sydowii",0.217268926995957,0.186668044586902,0.247784437088384,7.9824736472409e-43
"Aspergillus nidulans",-0.329882541874442,-0.363592998126547,-0.296066508976746,5.0547956033985e-80
"Aspergillus sclerotioniger",-0.308376321451207,-0.337566788261764,-0.279125351624148,4.27539294200128e-92
"Aspergillus brasiliensis",-0.0777994586922421,-0.112026147812605,-0.0436903437775785,7.94442101408179e-06
"Aspergillus heteromorphus",-0.0778696989056832,-0.109743687811412,-0.0459984584794529,1.77465435844807e-06
"Aspergillus steynii",-0.159466643715686,-0.18521313193506,-0.133758453051714,3.30323049282242e-33
"Aspergillus taichungensis",-0.239769257519782,-0.27078184025065,-0.208865869950575,6.4236880178981e-52
"Blumeria graminis",0.128940971042635,0.0995889718504019,0.158287228268838,9.18877748914578e-18
"Erysiphe necator",-0.317049361858029,-0.347514151590215,-0.286548555937676,3.56874468026603e-90
"Erysiphe pulchra",0.327231813030321,0.298150620613723,0.356369739573196,1.31351173383047e-104
"Amorphotheca resinae",0.504930275885099,0.472449816760262,0.537217435153611,6.57323814303358e-187
"Oidiodendron maius",-0.381178587956564,-0.411137900840213,-0.351148184784045,1.01287301238487e-126
"Pseudogymnoascus sp. VKM F-4516 (FW-969)",0.0930958384520775,0.0808202031551324,0.105664268933409,2.86092834029908e-58
"Pseudogymnoascus sp. VKM F-4514 (FW-929)",0.0955888662064719,0.0862148544824351,0.104967549146737,5.63766898487841e-89
"Pseudogymnoascus sp. VKM F-4517 (FW-2822)",-0.090762643830345,-0.149005635416027,-0.0385499858355566,0.000465540679567801
"Pseudogymnoascus sp. VKM F-4515 (FW-2607)",-0.274335852154172,-0.320970220023409,-0.233578606833849,3.80255989953073e-60
"Pseudogymnoascus sp. VKM F-4246",0.0248261783241804,-0.037030623012631,0.0876931531571317,0.432853600817904
"Pseudogymnoascus sp. VKM F-4520 (FW-2644)",0.657124575315947,0.608290807091529,0.706602090960889,2.58400769880742e-158
"Pseudogymnoascus sp. VKM F-3557",-0.513645219700883,-0.588301752916342,-0.439712898245814,3.32952931285231e-42
"Pseudogymnoascus sp. 05NY08",-0.191952404376169,-0.250798174002811,-0.133108777697665,2.18715096504517e-10
"Pseudogymnoascus sp. VKM F-4519 (FW-2642)",-0.40773811080931,-0.472824070486364,-0.342909212786015,3.20703142946425e-35
"Pseudogymnoascus sp. WSF 3629",-0.0146899585186812,-0.0550473747317916,0.0254386067234282,0.474862115623864
"Pseudogymnoascus sp. VKM F-3775",-0.268427891367468,-0.311934367033843,-0.22516619167997,7.54061349883244e-35
"Pseudogymnoascus sp. 24MN13",-0.344224124409792,-0.405241465313726,-0.28316750702143,3.49401437161431e-28
"Pseudogymnoascus sp. VKM F-4281 (FW-2241)",-0.0372746943636932,-0.0779940516208743,0.00330699118306237,0.071780712904917
"Pseudogymnoascus sp. VKM F-3808",0.20850087439914,0.154693748192333,0.262624491374249,2.22532621937416e-14
"Pseudogymnoascus sp. 03VT05",-0.0524967160293086,-0.0879666841941406,-0.0169915195089474,0.00386281661072006
"Pseudogymnoascus sp. 23342-1-I1",-0.257710354771556,-0.286058315340886,-0.229491149116967,4.06341312072797e-70
"Pseudogymnoascus sp. VKM F-103",-0.112696863888532,-0.179042153157544,-0.0469998055771379,0.000752502488438301
"Pseudogymnoascus sp. VKM F-4518 (FW-2643)",0.871950999755591,0.807326974140676,0.937191009334046,3.13662570458175e-148
"Pseudogymnoascus sp. VKM F-4513 (FW-928)",-0.629845305769798,-0.66972602190158,-0.590027824994242,1.07903880644928e-194
"Pseudogymnoascus destructans",0.0542390427503302,0.0179541512544695,0.0905947802407966,0.00337890406974425
"Glarea lozoyensis",-0.0127998412414322,-0.0449412093214175,0.0194399904872193,0.43712078324631
"Rutstroemia sp. NJR-2017a BBW",-0.544564646921062,-0.585654610451867,-0.503575201491527,1.90973282043674e-147
"Rutstroemia sp. NJR-2017a BVV2",-0.172269474030159,-0.198576638714508,-0.145927051543604,1.91341390801949e-37
"Rutstroemia sp. NJR-2017a WRK4",-0.54180235669747,-0.578308548109668,-0.50540318981092,9.36324846696221e-180
"Pezoloma ericae",-0.56829067696107,-0.596571147942088,-0.540121092207271,1.53874457083052e-307
"Diplocarpon rosae",0.159861766076364,0.137834871944119,0.181866459307773,1.83437347108018e-45
"Marssonina brunnea",0.144463627577637,0.116845685016326,0.172237439478104,2.01279082286174e-24
"Hyaloscypha variabilis",-0.42572630728205,-0.449604919852734,-0.401904774185393,1.11070546734217e-249
"Hyaloscypha bicolor",-0.0860136340635139,-0.112038564312638,-0.059999897523979,9.34331314181783e-11
"Phialocephala subalpina",-0.110630170128735,-0.136681492248989,-0.084628781771615,6.82457068040023e-17
"Cadophora sp. DSE1049",-0.331915608198166,-0.35232590081693,-0.311619982739075,4.86430733863303e-215
"Rhynchosporium secalis",-0.293006914075618,-0.332458236175623,-0.253622681664216,2.74154151826809e-47
"Rhynchosporium commune",-0.717261397155683,-0.76297804023183,-0.671811266592003,1.28945577958785e-210
"Rhynchosporium agropyri",-0.177901432689277,-0.211936107258808,-0.143938299940736,8.26001717553554e-25
"Botrytis cinerea",-0.0471641664399601,-0.0747491610676862,-0.0197808219748243,0.00073649320169548
"Sclerotinia sclerotiorum",0.263951101539136,0.233752686837981,0.29418870191919,7.72545499360569e-65
"Sclerotinia borealis",0.248037967686356,0.223535360206332,0.272580746841461,2.90982092047947e-85
"Microdochium bolleyi",0.138275033081763,0.112157699057617,0.164445656874191,5.83267657547632e-25
"Pestalotiopsis fici",-0.173849212784693,-0.197463152278468,-0.150309836996265,7.57021817833248e-47
"Eutypa lata",0.0772384485558358,0.0476562086404156,0.106776086240527,3.22670474665455e-07
"Pseudomassariella vexata",-0.0463054607076017,-0.0741334049989899,-0.0183843240502062,0.00114592499797569
"Rosellinia necatrix",0.0264996249879668,3.6563175212225e-05,0.0530395021270891,0.049887796384622
"Daldinia sp. EC12",0.0973869257389714,0.0665275923991447,0.128008073423253,7.0808905574257e-10
"Hypoxylon sp. EC38",0.0233210085302351,-0.0207482739281258,0.0674402917174057,0.300750227447987
"Hypoxylon sp. CI-4A",0.195727033542331,0.16628215263595,0.225194242349944,3.03892466138393e-38
"Hypoxylon sp. CO27-5",-0.624419051413225,-0.671507827855598,-0.57725432123617,3.78461859634052e-139
"Phaeoacremonium minimum",-0.225280901106749,-0.245728290489941,-0.204785463472347,1.9058992913555e-98
"Coniochaeta ligniaria",0.376893768282937,0.347255427189453,0.406678937210973,3.73830729631639e-134
"Pyricularia grisea",-0.0416794765529696,-0.0693163180696402,-0.0141764832646543,0.00297660294387869
"Pyricularia oryzae",-0.316104408813902,-0.342346208735451,-0.289860485552302,3.33041958065437e-121
"Pyricularia pennisetigena",-0.00438073605362595,-0.0384667632397446,0.0294929321942122,0.799139220712651
"Coniella lustricola",0.10492373087577,0.0810383985583482,0.12868463991328,1.17806019140788e-17
"Valsa mali",-0.050224134259521,-0.0729986933606834,-0.0275515322643226,1.41444535697535e-05
"Diaporthe ampelina",0.0346580553429972,0.0092334639221503,0.0601548723956981,0.00739653431425491
"Diaporthe helianthi",0.0138595735448343,-0.0124442134359602,0.0402500369125431,0.299512851132203
"Grosmannia clavigera",-0.0581981122526556,-0.0867398677017189,-0.0296757305362073,6.39999124702244e-05
"Ophiostoma piceae",-0.0289889463040649,-0.0544770373630528,-0.00351481745606621,0.0257573592427334
"Sporothrix schenckii",0.149671778309574,0.10365154287884,0.196169493504176,2.15963507918934e-10
"Sporothrix brasiliensis",0.0664008734595468,0.0364895513121431,0.0962811879541242,1.42658668795855e-05
"Sporothrix insectorum",-0.232088756912774,-0.261369515309478,-0.202832102824419,7.51654710704587e-53
"Madurella mycetomatis",-0.0770748083594086,-0.107889636643832,-0.0462807180411852,9.5408541158469e-07
"Podospora anserina",-0.0476302251164335,-0.0760682353766398,-0.0191712285829972,0.00102296635247762
"Sordaria macrospora",-0.0178888169858951,-0.0451160772448596,0.00915241670486702,0.194701011185297
"Neurospora discreta",0.0138978536513244,-0.0145119060211389,0.0424003329911032,0.338140928239269
"Neurospora tetrasperma",-0.120467254278779,-0.166615196677472,-0.0744850243622958,2.81040765847742e-07
"Neurospora crassa",0.139901723379895,0.109065550527766,0.170698065001175,9.66814546781025e-19
"Chaetomium thermophilum",-0.100700085595582,-0.129554434844636,-0.0717907510572935,8.91005435180296e-12
"Chaetomium globosum",0.024644741133264,-0.0048356898173584,0.0541100711192404,0.101360953512674
"Thermothelomyces thermophilus",-0.073976248799376,-0.103887496095264,-0.0440405507063821,1.2279389884945e-06
"Thielavia terrestris",0.190526974646152,0.163161669154907,0.217799179877118,1.08361195481501e-41
"Lomentospora prolificans",0.230245335758391,0.203635521191643,0.256916894903933,5.11930236123517e-64
"Thielaviopsis punctulata",0.375433072777268,0.34511155523184,0.405949079525539,3.39819503312973e-125
"Ceratocystis platani",-0.419879435908857,-0.455975442160435,-0.383793775485138,8.06487438842109e-109
"Verticillium alfalfae",0.091673612662751,0.052839392173587,0.13062470632467,4.03761202084279e-06
"Verticillium longisporum",0.0993572585852476,0.0680770215734676,0.130936708524436,4.5892049424376e-10
"Colletotrichum sublineola",-0.0262584671436864,-0.054051575546595,0.00160380627700491,0.0647710360286037
"Colletotrichum incanum",0.255264751109624,0.23086120234672,0.27979753695576,2.9636499143273e-92
"Colletotrichum nymphaeae",0.076836444956222,0.0439263225753078,0.109682398232979,4.74144742783023e-06
"Colletotrichum higginsianum",0.0274855008993756,0.00108396457996553,0.0539866135886725,0.041363792509333
"Colletotrichum gloeosporioides",0.0270629597913611,0.00180208731606292,0.0522296580121048,0.0357100591694995
"Colletotrichum simmondsii",0.352008882040802,0.314862700729306,0.389148735965463,2.69099220427421e-75
"Colletotrichum chlorophyti",0.0531016266489098,0.0242678450711589,0.0820847344100108,0.000300012471503553
"Colletotrichum tofieldiae",-0.24638302808342,-0.276775778506128,-0.215870018873064,7.26203289214512e-54
"Colletotrichum salicis",-0.00931094096262304,-0.0421595905432836,0.023626701309601,0.579630231058489
"Colletotrichum fioriniae",-0.158771889398276,-0.188057940553875,-0.129427750695821,4.76760740179617e-26
"Stachybotrys chlorohalonata",-0.0295982089131651,-0.0637351782911732,0.00446712678864631,0.0881860468073789
"Stachybotrys chartarum",-0.151507598193589,-0.179224696480199,-0.123828940998316,5.07778128974719e-27
"Acremonium chrysogenum",-0.00244845528219294,-0.0337219250124239,0.0288865637436515,0.877580214080115
"Ustilaginoidea virens",-0.342065155128389,-0.376159415452479,-0.307859520059128,1.38511257340891e-80
"Beauveria brongniartii",-0.137701309584173,-0.168683554993013,-0.106705352465521,5.4663998200565e-18
"Beauveria bassiana",-0.022072287678066,-0.0541024435703593,0.00993709141124835,0.176006491868572
"Cordyceps fumosorosea",0.329800044476282,0.295546045722043,0.364203241373394,1.08263125449571e-79
"Cordyceps militaris",-0.0498412865742314,-0.080914729155504,-0.0187166918019507,0.00163957205368871
"Cordyceps sp. RAO-2017",0.565249877583765,0.52941043416512,0.601237685352137,9.13495261884268e-200
"Cordyceps confragosa",-0.0392925168648197,-0.0631450635268639,-0.0154654141477555,0.00124822494319004
"Drechmeria coniospora",0.240370090890651,0.206469857646384,0.274208201877742,2.64616887450713e-43
"Hirsutella minnesotensis",0.0728735420557747,0.042777101195125,0.103036047604155,2.03574133952669e-06
"Tolypocladium ophioglossoides",0.543545071844845,0.507610997343684,0.57942791300364,1.11477337438839e-177
"Tolypocladium capitatum",-0.153816927304209,-0.193737133864359,-0.114015517160399,5.14303259534957e-14
"Tolypocladium paradoxum",0.234142485131448,0.195245599430158,0.272963155048093,8.82745745350213e-32
"Ophiocordyceps australis",0.312607522449449,0.284029682641218,0.341189357177065,1.24894164558503e-97
"Ophiocordyceps sinensis",0.0386541543257682,0.0133376174196593,0.0639058172735281,0.00275369221644261
"Ophiocordyceps unilateralis",-0.208326618668691,-0.24070924871467,-0.175882309845779,3.6494687174301e-36
"Ophiocordyceps camponoti-rufipedis",0.000991291758006102,-0.0352339390217166,0.0373186986680262,0.956884391426335
"Moelleriella libera",0.35294276555346,0.320072924693793,0.385798014106068,5.20927748388045e-98
"Claviceps purpurea",-0.0940992217000359,-0.121731135398813,-0.0664120222114627,2.72074726876587e-11
"Torrubiella hemipterigena",-0.0964185556636418,-0.119717705122263,-0.0731125301433959,5.82398675437041e-16
"Pochonia chlamydosporia",0.172786869881193,0.139765936054304,0.20574444370711,1.75981427677133e-24
"Metarhizium majus",-0.143933236413586,-0.210146311810854,-0.0777924667222457,1.94336685620891e-05
"Metarhizium brunneum",0.114501722656336,0.042711579198687,0.186399110700192,0.0017746280471455
"Metarhizium guizhouense",0.161386323742693,0.104397266041907,0.218926489373123,2.32511737329288e-08
"Metarhizium robertsii",0.353025718678196,0.279247602323615,0.427368343714487,7.81898863743029e-21
"Metarhizium acridum",0.224902341785116,0.194651378643908,0.255069956843672,8.3904243340379e-47
"Metarhizium anisopliae",-0.0750254506103256,-0.113598318825481,-0.0364536420802103,0.000145061097383673
"Metarhizium rileyi",-0.269573889483619,-0.299071710366804,-0.239872756018226,1.26895496025034e-67
"Metarhizium album",-0.00269793449715357,-0.0349665766109513,0.0297017590837163,0.870516177862713
"Escovopsis weberi",0.0683236217145631,0.0349871329413414,0.101596588835972,5.87523155995883e-05
"Trichoderma parareesei",0.248104504640889,0.197611556196925,0.298883519202298,4.66707703325863e-22
"Trichoderma asperellum",-0.229202615988048,-0.268606791153027,-0.189732029732808,2.42044555380996e-29
"Trichoderma longibrachiatum",0.17201881914658,0.136809417875587,0.207301763915277,2.15681636594453e-21
"Trichoderma reesei",-0.242202057139251,-0.277707854125945,-0.206690072100526,1.14587478827465e-39
"Trichoderma guizhouense",0.0452068927197006,0.0125598448667909,0.0779746450386509,0.00660858773651526
"Trichoderma atroviride",-0.563445746134803,-0.592167332991702,-0.534760547080973,2.75465301479718e-295
"Neonectria ditissima",0.0778100503064036,0.0523696684780585,0.103379027571145,2.06719958756028e-09
"Fusarium proliferatum",-0.0407631611707054,-0.0931502671876286,0.0119165841391591,0.127912296801699
"Fusarium nygamai",0.0421716554903981,0.0101300381962735,0.0742533959682257,0.00993006334804049
"Fusarium mangiferae",0.00886563402225035,-0.0368728097550805,0.0546208451044123,0.704299218043735
"Fusarium verticillioides",-0.324543983111764,-0.368640009714715,-0.280559665531152,1.232713135123e-46
"Fusarium fujikuroi",-0.261747932670755,-0.305064756173852,-0.218385368230324,1.03353632751943e-32
"Fusarium oxysporum",-0.147090979866732,-0.168836317366512,-0.125166316710689,2.49950529110135e-38
"Fusarium pseudograminearum",-0.0100760724326419,-0.0508304788466999,0.0310043333879484,0.630040225598835
"Fusarium poae",-0.16145360087022,-0.193200989581295,-0.129610480477417,6.62984833117172e-23
"Fusarium graminearum",-0.160391341659272,-0.199673066401803,-0.121153855000961,1.45242251361142e-15
"Fusarium venenatum",-0.141576112741419,-0.178870276965986,-0.104316339740146,1.53399416993958e-13
"Fusarium langsethiae",-0.145964410180817,-0.17870434590203,-0.113209971372274,3.99587259351806e-18
