"","Aspergillus_rambellii","Rhizophagus_irregularis","Moniliophthora_perniciosa","Erysiphe_pulchra","Sphaerulina_musiva","Phytophthora_capsici","Trichophyton_mentagrophytes","Aspergillus_kawachii","Pneumocystis_murina","Debaryomyces_hansenii","Trichoderma_atroviride","Pseudocercospora_musae","Cordyceps_sp_RAO_2017","Rhizophagus_clarus","Pichia_kudriavzevii","Paracoccidioides_brasiliensis","Albugo_candida","Lipomyces_starkeyi","Naumovozyma_dairenensis","Phytopythium_vexans","Aspergillus_ochraceoroseus","Colletotrichum_fioriniae","Coniochaeta_ligniaria","Leucoagaricus_sp_SymC_cos","Colletotrichum_salicis","Candida_arabinofermentans","Baudoinia_panamericana","Hyaloscypha_variabilis","Schizosaccharomyces_pombe","Tuber_magnatum","Thielaviopsis_punctulata","Edhazardia_aedis","Choanephora_cucurbitarum","Fusobacterium_nucleatum","Parvimonas_micra","Gemella_morbillorum","Anaerostipes_hadrus","Pseudobutyrivibrio_xylanivorans","Butyrivibrio_proteoclasticus","Roseburia_intestinalis","Dialister_pneumosintes","Lactococcus_garvieae","Brachyspira_pilosicoli","Romboutsia_ilealis","Porphyromonas_asaccharolytica","Eubacterium_eligens","Clostridium_beijerinckii","Fusobacterium_periodonticum","Streptococcus_anginosus","Bifidobacterium_catenulatum","Lactobacillus_ruminis","Bifidobacterium_angulatum","Streptococcus_salivarius","Bifidobacterium_pseudocatenulatum","Streptococcus_equinus","Streptococcus_milleri","Bifidobacterium_bifidum","Prevotella_intermedia","Streptococcus_thermophilus","Bifidobacterium_adolescentis","Adlercreutzia_equolifaciens","Ruminococcus_bicirculans","Bifidobacterium_longum","Escherichia_coli"
"Seed_1",65.29,54.46,51.25,55.04,46.52,57.44,51.43,56.6,47.37,57.8,57.17,61.59,52.01,56.86,51.92,64.66,59.63,54.23,54.32,58.78,51.16,48.89,51.07,65.02,58.38,42.91,37.17,32.89,60.7,61.01,50.62,59.85,55.21,62.39,54.41,54.59,49.91,51.78,47.15,50.49,51.87,60.25,62.12,50,54.28,57.49,46.7,54.01,42.65,59.18,67.16,57.58,33.11,48.04,57.84,57.89,56.73,41.8,62.12,60.07,49.11,52.09,44.3,48.04
"Seed_2",66.67,53.48,52.45,55.7,47.5,57.35,51.83,56.11,46.61,59.45,58.42,60.96,51.16,57.04,51.78,64.97,59.94,52.58,55.97,59.67,50.18,48.53,49.87,64.35,57.35,43.23,37.57,33.42,61.19,60.96,50.89,59.8,57.26,61.99,54.81,53.34,51.25,51.69,46.84,51.02,51.2,60.87,61.81,48.75,55.97,56.06,46.48,51.87,41.84,60.56,67.83,57.09,33.16,49.29,57.8,56.6,57.89,41.35,62.88,61.14,48.35,50.36,49.47,49.33
"Seed_3",66.44,53.21,50.49,54.59,46.03,57.89,51.2,56.37,46.84,57.17,58.51,62.17,52.05,56.28,52.81,63.73,60.38,53.12,53.48,59.54,50.18,49.78,50.36,63.86,57.35,42.16,36.63,33.69,61.23,60.78,52.27,59.67,56.24,61.94,55.04,53.57,47.5,51.69,47.15,49.91,51.96,61.27,60.74,49.78,55.93,55.61,46.17,52.63,42.42,59.67,67.42,56.73,33.78,47.99,58.24,57.17,56.95,41.4,63.24,60.16,49.24,51.47,42.78,48.44
"Seed_4",65.95,52.81,52.41,55.61,45.99,56.37,52.01,56.02,47.55,56.42,56.37,60.65,50.67,56.51,52.81,63.37,60.29,52.67,55.48,59.09,50.8,48.93,51.69,65.02,57.8,42.74,37.12,34.4,60.52,62.7,50.94,61.01,57,61.99,54.81,53.97,50.04,50.94,46.84,49.69,50.85,62.03,60.74,49.47,56.33,55.44,45.45,52.94,42.87,59.4,68,56.51,33.51,46.79,57.62,57.44,56.77,44.74,62.03,60.56,49.87,50.76,45.72,49.02
"Seed_5",65.6,53.7,51.52,54.77,47.24,57.53,51.43,55.97,47.01,57.04,56.11,62.66,52.01,56.82,50.58,63.9,60.43,53.97,53.92,59.89,50.31,50.45,49.91,64.93,57.35,42.42,36.99,34.71,60.87,60.87,50.04,60.7,55.39,61.99,53.83,54.37,48.48,51.11,47.06,49.11,52.27,61.59,61.5,48.62,54.5,55.39,46.48,52.09,42.87,59.45,68.05,57.44,33.47,47.99,58.42,57.13,57,42.02,61.85,59.89,48.66,51.6,45.99,48.98
"Seed_6",65.42,52.67,51.92,55.7,47.5,56.46,51.65,56.06,47.37,57.75,57.35,60.38,51.52,56.02,50.94,64.93,60.16,53.65,54.19,59.18,50.67,49.78,50.18,64.8,59.09,43.67,36.19,34.36,60.12,61.72,51.02,60.83,56.55,62.79,54.5,53.21,49.73,52.01,46.84,50.53,51.25,62.48,63.15,49.47,54.63,55.97,47.82,53.16,43.09,60.2,68.05,56.73,33.47,48.57,58.96,57.26,57.44,42.96,61.81,61.41,50.58,50.85,46.3,49.29
"Seed_7",65.15,53.61,52.32,55.57,46.43,56.42,51.43,57.13,46.48,57.35,57.04,60.7,50.85,57.04,51.43,63.15,59.94,53.07,54.68,60.2,51.16,49.11,50.36,64.93,56.55,40.51,37.17,33.2,61.85,61.45,51.78,59.31,56.42,62.57,53.34,53.79,50.27,50.76,46.52,49.82,50.45,61.45,61.76,49.24,55.17,54.99,44.34,52.32,41.49,59.58,66.98,57.31,33.82,48.22,56.82,57.75,57.09,42.38,62.66,61.41,48.66,51.6,45.19,49.78
"Seed_8",66.4,53.92,51.25,54.46,46.12,56.55,51.6,56.06,46.88,58.11,56.51,62.21,51.65,56.77,51.2,62.57,60.52,53.21,54.5,59.8,52.23,48.48,52.01,65.95,57,41.4,35.92,33.96,60.87,61.1,50.94,60.56,56.86,63.37,54.63,53.88,48.89,51.56,46.79,51.25,50.67,61.68,60.87,49.6,55.88,54.59,47.42,51.47,42.65,58.96,68.36,56.6,33.56,47.99,56.19,56.6,56.51,44.21,61.85,59.18,49.02,51.38,44.12,48.66
"Seed_9",65.95,53.79,50.98,56.02,45.14,57.09,51.6,55.97,46.61,57.53,57.75,61.41,51.25,56.51,50.71,62.79,60.7,52.76,53.88,59.09,49.6,47.73,49.87,66.44,57.22,40.73,37.34,34.94,62.43,62.39,52.01,59.45,55.44,62.3,54.28,53.65,49.78,52.9,46.7,50.8,49.73,60.78,59.85,49.47,55.17,56.64,46.61,53.16,42.38,58.29,66.67,57.31,33.29,47.55,56.91,57.8,58.2,43.4,62.12,60.52,49.55,51.02,43.85,50.09
"Seed_10",64.8,53.48,50.62,54.72,45.81,57.58,51.25,56.37,46.61,57,58.33,60.87,51.29,56.33,51.29,63.41,60.16,53.52,55.39,59.67,50.45,49.6,49.42,64.53,57.35,42.6,37.52,34.36,59,61.76,51.25,61.01,56.24,62.12,54.32,53.3,49.96,50.62,47.28,49.6,50.8,61.32,60.07,49.82,55.08,55.97,45.54,51.96,43.98,59.67,68.09,56.64,33.51,48.48,57,57.17,57.62,43.14,63.01,61.14,49.02,52.32,45.28,49.2
"Seed_11",65.37,53.21,51.25,56.37,46.7,57,51.69,54.72,46.3,57.13,57.62,59.58,51.83,56.64,50.22,64.97,60.65,53.25,54.63,59.4,51.78,48.31,50.09,64.84,56.42,42.91,36.23,33.42,61.72,62.34,50.89,61.45,57.17,62.57,52.5,54.59,50.8,50.8,46.08,49.47,50.45,61.99,61.27,49.42,54.95,55.17,47.64,52.23,43.54,59.22,67.83,56.68,32.89,48.04,56.64,56.86,57.09,41.4,62.48,61.59,49.87,52.58,44.47,48.53
"Seed_12",67.56,52.41,51.29,55.75,46.35,56.02,51.25,56.15,46.84,58.11,56.77,61.05,51.78,57.49,50.27,63.55,60.7,51.92,55.21,58.78,50.94,48.35,51.16,64.66,58.51,43.27,36.63,33.96,61.27,60.78,52.01,60.43,56.02,62.88,54.5,53.61,50.04,50.98,46.48,50.04,50.53,61.32,61.19,49.82,55.44,55.35,48.22,52.41,43.32,59.58,66.98,56.95,34,48.17,57.26,56.51,57.49,42.02,62.34,60.56,48.84,50.89,45.77,49.55
"Seed_13",66.44,54.55,52.63,56.68,47.24,58.2,51.43,55.84,46.66,56.46,57.44,61.05,50.89,56.86,52.94,63.32,61.94,54.19,55.08,60.03,50.98,49.42,49.78,65.86,58.82,42.25,36.76,32.75,61.27,61.45,51.11,59.76,56.02,61.81,54.32,52.58,48.89,52.09,47.24,49.91,50.89,61.9,61.94,48.84,55.39,54.63,45.45,52.54,42.69,59.36,67.74,56.73,33.65,46.7,57.89,56.64,58.24,44.65,62.3,61.76,49.47,51.96,44.79,50.49
"Seed_14",65.95,53.83,50.71,55.57,46.12,58.51,51.16,54.95,46.17,56.86,56.15,61.1,50.71,57.04,50.8,65.64,60.34,52.72,54.86,59.36,51.74,48.44,50.49,65.24,57.75,42.02,37.12,34.58,62.61,60.92,50,59.22,57.26,62.83,52.81,54.28,49.6,51.74,48.13,49.51,51.02,61.59,62.48,48.84,54.9,54.81,47.1,52.81,43.14,59.94,66.49,56.28,33.91,46.97,56.6,57,57.17,43.49,63.41,61.41,51.02,51.78,45.54,49.91
"Seed_15",64.53,53.52,50.67,54.9,46.21,57.75,51.6,55.61,46.93,57.93,58.07,61.05,51.29,56.91,51.78,64.04,60.34,53.03,53.07,59.85,50.27,49.47,49.38,65.91,56.06,43.05,37.88,34.22,62.21,61.68,52.01,59.67,56.42,62.79,54.28,52.9,49.78,52.23,47.1,49.29,51.16,61.9,61.59,49.06,54.72,55.26,45.77,52.36,43.09,59.71,67.02,57.8,34.27,48.08,57.09,56.42,57.71,42.87,61.32,60.34,50.98,51.78,44.52,49.29
"Seed_16",65.91,53.88,51.43,54.72,47.55,57.31,51.74,54.99,46.79,58.56,58.82,60.87,51.6,56.6,50.85,64.44,59.4,53.03,55.08,59.54,50.09,49.33,49.33,65.86,57.31,41.4,37.97,33.91,61.23,62.12,50.8,59.27,56.24,63.68,54.77,54.32,49.51,52.01,47.1,49.82,50.27,60.87,61.01,48.44,56.42,55.48,47.19,52.36,42.38,59.54,68.54,57.17,34.14,47.46,58.2,57.75,56.6,42.47,62.39,60.78,49.47,51.87,44.43,50.13
"Seed_17",65.91,53.79,51.43,54.5,45.9,57.66,52.32,57.75,47.33,58.96,56.77,60.96,51.65,57.26,51.11,65.78,61.23,53.3,54.95,60.43,51.02,49.24,50.45,65.2,59.54,42.29,36.19,35.2,59.89,62.43,49.87,60.12,56.68,61.99,54.46,54.46,50.71,50.53,47.06,50.45,51.34,61.54,60.43,49.73,55.79,56.24,46.21,51.52,42.34,58.38,65.73,56.24,32.49,47.33,57.89,57.44,58.6,42.2,61.59,60.43,49.69,50.4,44.07,49.51
"Seed_18",66.49,53.57,52.14,55.35,47.19,57.84,51.56,55.12,47.06,58.96,56.68,61.54,51.65,57.71,49.96,64.97,60.96,53.65,54.1,58.73,51.38,48.35,49.02,66.18,58.02,40.69,35.29,33.91,61.63,61.05,50.76,59.98,56.6,62.52,55.17,53.57,49.64,51.6,47.28,49.64,51.96,60.87,62.25,48.35,55.84,55.04,45.5,53.3,42.47,58.96,68.05,57.53,34.18,48.08,57.26,57.75,56.77,43.18,62.97,61.05,50.58,51.83,45.01,49.06
"Seed_19",65.55,54.23,52.14,55.88,45.86,56.77,51.92,55.35,46.61,57.26,57.26,61.94,50.94,55.93,52.41,63.81,58.65,53.52,55.44,57.93,51.74,49.55,51.2,64.13,56.51,43.14,37.48,33.96,60.96,60.78,50.4,58.91,56.15,63.46,54.99,54.46,49.38,51.74,46.12,49.91,50.94,61.23,59.76,48.26,54.68,54.95,46.35,53.34,44.03,58.29,68.09,56.11,34.22,48.22,57.31,56.55,56.6,43.54,62.12,60.7,51.11,50.22,43.32,48.71
"Seed_20",65.33,52.45,51.6,55.26,45.5,57.09,51.69,56.06,46.88,57.75,57.75,61.76,51.07,56.33,51.92,63.24,58.6,52.81,55.21,60.29,50.09,49.2,50.53,64.75,57.13,43.89,35.96,35.16,61.76,62.12,50.8,59.36,56.33,63.15,54.1,53.07,50.09,50.36,46.75,50.76,50.4,62.52,62.03,48.53,54.68,56.15,46.61,52.5,42.83,59.98,67.91,56.46,33.96,47.91,57.71,56.24,57.4,42.96,62.34,61.45,49.06,51.56,44.74,48.44
"Seed_21",66.44,53.12,49.96,54.46,45.72,57.89,51.34,56.95,46.57,57.4,58.87,61.23,51.56,56.33,51.87,62.66,60.7,53.39,54.59,58.56,50.62,49.96,50.58,64.75,57.53,42.74,37.43,33.42,60.65,61.99,51.02,60.03,56.86,62.17,54.46,54.23,50.09,51.2,47.28,49.55,50.94,62.21,61.76,49.29,55.21,55.35,45.45,51.38,41.84,58.69,67.56,56.24,32.62,48.13,56.46,56.33,57.04,42.78,61.72,61.41,49.51,50.85,44.65,48.8
"Seed_22",65.11,53.39,51.56,54.19,46.08,56.73,51.74,56.37,47.73,58.16,57.62,62.21,51.16,56.33,51.78,64.53,60.96,53.92,55.39,59.76,51.69,49.24,50.36,65.15,57.17,41.62,37.61,33.42,61.05,61.23,51.2,59.4,56.95,63.24,53.34,53.43,48.71,51.78,48.35,51.2,50.98,61.76,61.81,49.38,54.63,56.95,46.21,52.81,42.38,59.22,68.98,56.42,34.18,49.11,56.64,57.22,57.17,44.16,63.59,59.85,49.02,51.38,46.57,49.55
"Seed_23",65.2,54.41,51.6,54.72,46.52,57.71,51.34,56.24,47.5,57.4,56.15,60.74,51.11,56.77,50.13,64.08,60.34,52.41,55.17,59.09,51.92,48.66,49.73,65.91,57.26,42.91,37.03,33.82,60.12,62.12,51.69,60.2,56.6,62.3,54.81,53.52,50.49,50.89,47.24,50.27,50.94,61.01,61.59,48.66,56.33,56.28,45.86,52.5,43.05,60.61,66.58,54.95,33.42,48.22,56.37,57.49,57.4,42.83,61.81,59.4,48.13,50.85,42.96,49.69
"Seed_24",65.86,54.68,51.56,55.66,45.99,56.28,51.69,55.84,46.7,58.91,57.49,63.24,51.29,56.6,52.36,62.88,60.38,52.67,54.9,59.05,51.87,49.64,50,64.22,57.8,43.67,36.59,32.98,60.43,62.52,51.83,60.74,55.97,62.08,53.57,55.39,50.45,52.76,46.61,49.51,51.11,62.12,61.1,48.71,55.97,55.97,46.97,52.58,42.38,58.96,67.42,56.15,33.73,47.19,58.07,57.35,59.09,42.51,62.75,59.45,49.38,52.01,46.97,48.89
"Seed_25",66.93,53.88,51.16,54.9,46.12,57.84,52.14,55.66,45.72,57.93,57.35,61.59,50.85,56.46,52.23,63.19,60.52,53.65,55.48,58.56,51.02,49.02,49.2,65.37,57.93,42.6,36.36,34.09,60.87,60.96,50.71,59.76,57.53,62.3,55.35,53.25,49.38,50.94,46.61,49.87,50.71,61.36,62.08,48.93,55.12,55.12,47.42,52.23,41.93,60.2,68,57.44,33.78,48.66,56.33,57.53,57,42.16,62.92,60.38,49.73,50.45,46.48,49.42
"Seed_26",65.91,52.58,52.14,54.37,45.86,57.49,51.92,55.84,48.08,59.67,57.98,61.59,51.25,57.8,52.63,63.24,60.34,54.32,54.5,59.67,50.85,49.15,50.4,65.55,56.91,42.25,36.32,32.98,59.98,60.52,51.47,60.2,54.68,62.7,54.46,54.63,49.33,52.09,46.93,49.33,51.29,62.21,61.85,49.33,55.53,54.14,46.17,52.58,42.25,60.87,67.16,56.33,34.09,47.55,57.84,56.73,56.64,42.6,62.57,59.94,48.66,51.34,47.55,49.55
"Seed_27",64.97,53.03,52.01,55.26,46.7,56.91,51.34,54.28,47.24,58.33,56.82,62.12,51.2,56.55,52.76,62.48,60.87,52.41,54.37,59.58,51.29,49.29,50.76,65.51,57.35,41.8,38.32,34.05,60.78,61.32,51.25,59.67,55.79,63.68,55.48,54.77,50.04,51.34,46.3,49.82,51.92,62.3,61.05,48.62,54.63,54.72,46.97,52.94,42.74,58.65,66.44,56.28,33.11,48.08,57,57.09,57.31,42.83,62.7,61.01,48.8,51.83,46.03,50
"Seed_28",65.37,52.63,51.74,54.77,45.59,57.71,52.14,55.35,45.54,58.65,57.53,61.68,50.45,57.62,50.49,62.97,60.92,52.9,54.55,58.96,52.05,50.04,49.55,64.48,56.95,42.07,37.17,34.18,59.85,61.81,51.07,58.56,56.68,63.06,53.97,53.34,50,51.07,46.97,48.66,51.29,61.63,62.61,48.98,54.9,56.51,46.08,52.23,43.05,59.45,68.67,56.11,33.91,47.73,56.15,57.13,57.62,43.81,62.25,60.61,49.96,52.85,45.99,49.82
"Seed_29",65.15,52.99,51.11,55.08,46.43,57.98,51.34,54.28,47.59,59.8,57.8,61.54,51.6,57.53,51.07,64.04,59.67,53.57,53.88,58.11,50.94,48.93,49.15,65.06,58.29,42.51,36.99,33.07,60.34,62.17,50.31,59.76,56.37,62.52,54.86,53.88,48.62,51.65,47.33,49.02,50.04,61.94,60.83,49.2,55.21,55.35,45.9,52.76,42.38,58.91,67.29,56.68,33.73,47.06,56.73,57.98,58.16,42.25,62.48,60.83,49.42,51.6,44.96,49.82
"Seed_30",65.6,53.57,50.4,54.63,46.88,57.49,51.34,55.12,48.22,59.45,58.07,61.72,50.94,56.28,50.94,63.73,60.78,52.41,54.95,60.16,50.71,51.11,49.24,64.8,57.09,40.86,36.05,33.2,62.83,61.99,51.2,60.87,56.91,61.81,55.21,54.63,50.27,51.56,46.43,49.06,50.49,61.41,60.43,49.55,54.68,55.35,48.31,54.23,42.6,58.38,67.25,55.79,33.42,49.2,57.75,57.98,57.09,42.02,62.3,61.68,49.02,50.71,44.07,49.15
"Seed_31",66,53.12,51.96,54.55,47.06,56.86,51.6,56.68,46.35,56.95,56.82,61.76,51.34,56.33,50.8,62.21,59.89,53.25,54.72,59.54,51.07,47.82,49.91,65.06,57.04,42.91,36.1,34.36,61.1,61.85,49.73,60.61,56.86,63.68,54.1,54.23,48.71,51.78,46.84,49.42,50.94,62.79,61.76,48.71,55.48,55.79,46.84,52.9,42.34,58.47,68.4,56.19,32.66,48.35,56.82,57.44,57.22,43.49,63.68,61.5,49.29,51.83,44.25,49.38
"Seed_32",65.69,54.59,51.11,54.63,47.55,56.86,51.47,55.48,47.24,58.47,58.2,61.41,51.65,56.55,49.96,63.1,58.91,53.34,54.95,58.91,52.54,48.71,50.62,64.04,58.02,43.14,37.25,33.24,61.85,61.99,51.6,60.78,55.79,62.52,54.37,53.25,48.22,49.91,45.9,49.42,51.56,61.85,62.03,49.2,56.42,55.39,45.54,52.72,43.23,60.07,67.42,56.86,32.89,47.82,56.77,56.37,56.46,42.83,62.43,61.1,50.22,50.89,42.78,48.98
"Seed_33",66.4,54.23,50.49,54.9,45.99,55.61,52.09,56.11,47.91,58.42,56.77,61.9,50.45,55.79,50.71,63.99,59.71,52.9,53.88,59.58,50.4,48.98,50.22,63.46,56.68,41.84,37.61,34.09,62.17,61.41,50.98,58.42,56.95,61.81,54.55,55.35,49.91,51.74,47.19,49.2,51.65,62.48,61.99,48.48,55.93,56.02,46.03,52.05,43.23,59.31,68.32,56.6,32.93,47.82,56.86,57.09,56.19,43.76,62.3,60.07,49.69,50.67,44.92,47.82
"Seed_34",65.02,53.03,50.18,54.95,45.77,57,51.47,56.6,46.52,57.8,57.35,61.59,50.98,57.31,52.41,63.86,59.49,53.61,54.81,59.22,51.47,49.42,49.82,65.02,57,42.65,36.01,33.87,60.65,61.54,50.85,59.54,56.91,64.13,55.21,53.21,49.29,50.45,46.57,51.07,50.4,60.65,61.1,49.47,55.39,56.68,45.68,51.52,43.09,59.67,66.8,56.51,34.14,48.48,56.73,57.22,57.71,41.35,62.88,63.24,50.13,49.78,45.68,48.93
"Seed_35",67.11,52.85,51.2,53.7,46.57,56.82,51.34,56.28,47.91,55.88,57.58,62.08,50.98,57.13,50.4,64.17,60.29,53.61,55.08,60.07,51.52,48.53,50.36,66.18,58.29,43.09,37.83,33.87,61.72,62.25,51.96,62.03,57.13,62.39,53.3,54.32,48.57,52.23,46.75,50,51.25,62.34,62.48,49.11,54.63,55.08,46.26,51.43,42.69,58.51,68.58,56.19,32.58,48.08,56.82,55.79,56.82,42.78,63.55,61.63,49.02,50.98,46.48,48.75
"Seed_36",64.97,54.01,50.89,55.48,46.52,58.56,52.01,54.63,46.84,58.2,56.02,60.7,51.02,56.77,49.91,64.53,60.52,53.34,55.12,59.58,50.8,50,48.53,65.33,56.68,41.89,35.65,33.78,62.48,61.94,50.45,59.54,55.66,61.85,55.57,54.5,49.38,52.09,46.97,49.55,51.65,61.1,61.99,48.44,55.79,55.84,47.06,53.16,42.6,59.94,66.31,57.26,33.11,48.66,57.4,55.97,56.33,44.12,62.03,60.92,49.69,52.18,46.88,48.66
"Seed_37",66.18,54.23,50.8,55.44,46.84,57.75,51.38,56.64,46.12,59.27,57.44,61.63,51.02,56.51,51.69,64.3,60.12,52.01,56.33,60.07,52.85,48.75,50.67,63.9,58.51,42.34,36.72,33.33,60.07,61.32,52.05,58.87,55.79,61.68,55.79,53.97,49.55,52.05,46.75,50.58,52.01,61.72,62.25,49.73,55.04,54.99,46.03,52.05,42.87,59.05,66.67,57.44,33.82,48.04,57.93,56.64,56.6,42.65,62.25,59.54,48.75,52.14,46.03,49.91
"Seed_38",64.71,54.32,50.04,55.39,46.21,57.98,51.25,56.64,47.73,57.8,59.18,62.03,51.07,56.33,50.36,62.43,60.29,52.72,53.92,60.52,50.13,48.26,50.45,64.48,57.09,41.8,37.39,34.63,60.74,60.87,50.22,60.34,57,62.34,54.06,54.37,49.96,51.65,46.17,49.11,51.16,62.88,61.45,48.98,54.86,54.01,45.5,52.45,43.85,61.85,66.93,57.04,33.24,48.35,55.79,57.71,56.86,44.16,63.41,60.7,48.8,51.07,46.26,48.4
"Seed_39",66.04,53.65,50.62,56.02,46.52,55.3,51.6,55.7,47.73,59.71,57.71,62.03,51.52,56.64,50.62,64.93,59.76,53.65,55.75,58.82,51.38,48.98,50,63.64,57.62,43.85,36.9,34.54,60.56,61.63,50.4,58.96,55.61,62.43,55.21,54.63,50.18,51.47,46.97,50.27,51.65,63.37,60.96,49.02,54.86,55.66,44.7,52.23,42.74,59.09,68,56.51,34.31,48.08,58.16,57.04,57.98,43.18,62.75,60.56,50.8,52.05,44.7,49.11
"Seed_40",65.6,53.07,53.03,56.06,46.93,57.58,51.25,57.49,46.57,57.62,57.4,61.63,51.52,56.77,51.2,63.73,59.85,52.36,53.61,59.22,51.11,49.15,49.64,64.97,56.73,41.67,36.54,33.65,61.94,61.27,50.36,60.25,55.57,62.92,54.06,54.14,49.69,52.05,46.79,49.02,52.05,61.54,60.52,48.44,55.17,56.11,45.14,52.36,42.11,59.22,67.29,57.58,33.65,47.64,58.16,56.15,57.66,44.03,62.66,60.38,48.17,51.2,45.99,49.06
"Seed_41",65.15,53.65,50.45,55.35,46.7,57.09,51.96,55.7,47.1,56.77,58.47,61.41,51.43,56.77,51.69,63.19,60.52,53.21,54.99,59.85,51.96,49.24,50.4,65.24,58.78,42.6,38.37,33.87,61.01,60.96,51.34,61.19,55.44,63.55,55.3,55.48,47.73,51.29,46.88,49.91,50.85,62.12,60.96,48.71,55.57,55.79,45.99,52.32,42.96,59,68.09,57.58,32.84,47.86,57.04,57.09,56.15,42.07,62.61,61.72,50.22,51.65,45.9,49.55
"Seed_42",66.62,54.06,50.98,55.7,45.28,57.66,51.78,54.59,46.66,56.68,56.77,60.74,51.07,56.73,53.12,63.55,59.67,53.83,55.57,60.61,50.49,48.53,50.53,64.57,56.95,42.11,36.45,35.07,60.52,61.85,52.01,61.19,55.84,63.37,54.55,54.01,50.31,52.01,46.66,49.2,51.07,61.36,61.5,49.2,55.97,55.53,45.59,52.18,43.09,59.31,68.45,56.24,34.18,47.28,57.62,56.95,57.62,43.45,62.3,61.01,50.13,52.32,47.86,49.47
"Seed_43",65.69,53.83,51.87,55.84,46.93,58.6,51.74,57.4,47.1,58.24,57.13,61.68,51.38,57.26,51.2,63.24,60.61,53.48,54.41,58.87,50.76,49.87,49.73,65.24,57.84,42.16,36.45,33.42,61.54,62.12,51.02,61.14,56.28,62.21,54.81,53.3,51.11,51.25,47.77,50.4,51.87,62.08,61.36,48.62,56.28,55.12,46.79,51.56,43.09,59.76,69.21,56.73,33.65,47.86,56.77,57.09,56.73,42.16,62.03,61.36,48.89,51.25,47.01,49.38
"Seed_44",66.8,54.1,52.32,55.35,45.77,58.33,51.65,56.33,46.61,57.58,57.35,60.65,51.43,56.82,51.96,64.97,59.4,52.67,56.15,60.83,51.47,49.15,49.6,64.8,58.82,43.14,36.81,33.69,61.45,60.83,50.8,60.12,55.12,63.32,54.9,54.81,49.15,51.43,47.1,50.18,51.38,61.85,60.2,49.24,54.99,55.44,45.86,51.56,43.14,59.09,67.74,57.26,34.31,48.08,57.4,57.31,56.91,43.27,62.08,60.29,49.91,49.91,47.24,49.02
"Seed_45",64.93,53.7,49.78,55.79,46.52,58.2,51.92,56.73,47.5,58.51,56.42,60.56,50.98,56.06,51.52,63.64,59.76,53.97,54.37,59.14,51.02,48.35,49.78,64.97,57.17,43.05,36.81,34.31,59.27,61.32,51.78,59.58,55.57,63.32,55.26,54.23,50.27,52.18,46.97,50.49,51.74,61.99,62.21,48.44,54.59,55.66,46.84,52.36,42.47,59.85,67.38,57,34.89,47.73,57.17,56.37,58.47,43.23,62.7,59.76,49.51,50.98,44.65,48.62
"Seed_46",66.35,52.63,51.47,55.26,46.93,57.53,51.69,55.39,47.01,58.56,57.17,61.1,50.27,56.68,51.11,62.66,61.68,52.63,53.65,59.76,50.62,49.69,49.02,65.06,57.44,42.42,38.86,34.14,61.99,61.27,51.65,59.89,57.13,63.24,55.53,53.25,48.35,52.01,47.42,49.29,50.71,60.56,63.68,50.13,55.79,54.95,47.59,52.5,43.09,60.07,67.07,57,33.91,49.38,57.09,57.4,57.89,43.49,63.01,61.05,49.38,51.6,44.12,47.99
"Seed_47",65.29,53.12,50.76,55.7,45.86,55.79,51.74,56.82,47.01,57.98,57.84,61.81,51.34,56.82,50.53,64.13,59.94,52.41,55.35,58.78,50.94,48.62,49.6,65.73,58.51,41.04,37.75,34.85,62.03,61.81,51.07,59.94,56.82,62.88,54.68,54.99,50.45,52.09,47.19,49.47,51.25,62.75,61.9,49.51,55.93,55.7,46.08,51.69,43,59.27,67.29,57.44,33.16,49.2,56.64,58.07,58.24,43.4,63.01,61.63,48.93,52.41,44.52,49.47
"Seed_48",64.75,52.14,51.16,54.77,45.99,57.58,51.56,56.28,47.5,58.11,58.29,61.63,52.41,57.8,51.16,63.32,60.12,52.63,54.81,60.12,51.69,49.78,50.49,66.18,56.37,43.76,38.06,34.4,60.47,62.08,51.29,59.63,56.33,60.92,53.57,54.59,50.4,51.96,48.31,49.51,51.56,60.78,62.57,49.29,55.39,54.95,46.35,51.65,41.93,60.83,67.2,55.04,33.96,47.77,56.91,57.62,57.13,42.83,63.19,58.16,49.02,50.94,45.81,48.93
"Seed_49",65.69,54.46,50.89,54.5,46.7,56.95,51.65,55.48,47.24,56.86,58.42,61.99,51.56,56.15,52.14,63.73,60.25,53.43,54.37,60.2,50.31,49.24,51.02,64.75,57.26,41.58,37.7,33.69,62.17,62.21,50.8,60.92,55.93,62.12,55.35,54.23,51.2,51.69,46.57,49.51,50.49,62.12,62.21,49.24,54.46,55.17,45.99,51.74,41.76,59.31,68.09,56.51,34,47.91,57.93,57.4,56.82,42.69,62.43,60.92,48.98,50.71,45.05,48.26
"Seed_50",65.11,53.7,51.34,55.66,45.94,57.31,51.43,54.86,46.43,57.09,57.09,61.05,51.6,57.04,50.94,62.75,59.63,53.39,55.04,60.38,52.5,48.48,51.38,65.33,56.68,42.87,36.5,34.67,60.78,61.68,51.25,59.58,57.22,61.41,53.79,54.06,50.71,51.11,47.95,50.67,51.92,62.08,61.85,49.15,54.99,55.93,46.97,52.76,43.54,58.38,67.25,56.19,32.4,47.99,57.13,56.55,57.98,42.87,61.81,61.63,49.47,50.8,45.54,50.09
"Seed_51",65.24,53.48,51.78,55.53,46.88,56.6,51.87,55.88,47.01,59.14,57.17,61.23,51.74,56.86,52.85,64.04,60.65,53.48,55.12,59.94,49.38,49.64,50,65.6,58.24,43.54,36.9,33.2,61.45,61.68,51.11,60.65,57.17,62.43,54.63,54.59,49.02,51.16,46.08,48.98,51.74,62.03,61.72,48.75,55.88,55.61,45.19,53.03,42.74,58.96,67.56,56.37,34.36,48.08,56.86,56.51,55.97,43.09,61.81,61.94,48.17,52.09,44.88,48.44
"Seed_52",65.42,53.92,51.25,55.61,46.21,56.46,52.23,54.86,46.26,59,56.55,61.9,51.38,56.51,51.02,64.04,61.01,53.97,54.72,60.07,51.56,49.29,50.8,65.78,57.44,42.2,37.48,34.45,60.7,62.03,51.11,61.1,56.24,63.1,55.21,54.23,49.24,50.94,47.55,49.02,50.27,60.56,59.85,49.11,55.53,55.61,45.28,52.14,42.11,58.51,67.83,56.91,33.51,48.57,57.53,58.2,56.82,43.09,61.1,62.66,50.27,52.27,43.81,49.42
"Seed_53",65.51,53.07,51.47,56.51,45.1,58.96,51.74,58.11,47.42,57.93,56.86,61.81,51.74,56.95,50.94,63.81,60.16,53.43,55.66,59.4,50.27,49.42,50.45,65.29,57.62,43.81,35.96,33.42,60.12,61.63,50.8,59.94,55.26,62.17,54.77,54.19,49.6,51.2,46.21,50.31,51.52,61.76,61.99,49.24,55.84,54.37,45.63,52.09,44.03,59.31,67.56,56.91,33.38,47.42,57.62,57.13,58.24,45.19,62.52,62.12,49.38,51.6,47.1,50.94
"Seed_54",65.46,53.79,51.65,55.57,45.68,57.98,51.34,56.24,47.28,58.29,57.71,62.08,51.43,56.51,52.01,64.44,58.87,53.97,54.81,59.31,50.71,49.78,49.69,65.02,57.62,43.27,36.9,34.63,61.99,60.78,51.92,59.36,55.44,63.15,53.83,53.07,50.4,52.27,46.48,50.04,50.49,61.72,62.52,49.11,55.17,57,47.01,53.16,42.11,59.18,67.83,57.93,34.36,48.48,57.8,56.46,58.07,44.12,62.48,61.59,48.89,52.9,46.66,48.93
"Seed_55",65.6,52.94,51.16,56.24,45.5,57.53,51.78,56.33,46.88,57.26,57.98,61.54,51.16,57.13,52.5,63.68,59.71,53.39,54.99,59.54,52.36,49.06,49.91,66.58,56.02,42.83,37.08,34.94,60.43,61.32,51.2,60.12,56.6,62.83,53.12,55.26,49.55,52.01,46.39,49.96,51.02,61.05,61.23,47.99,56.11,54.95,46.48,52.14,42.07,59.36,66.67,56.86,33.24,47.19,59,57.09,56.37,42.56,62.34,62.34,49.55,50.27,43.94,49.82
"Seed_56",65.15,54.77,52.94,55.39,46.84,57.53,51.56,56.11,46.21,56.82,57.62,61.19,50.89,56.73,51.52,63.06,60.7,53.97,54.28,59.85,50.45,49.47,49.06,65.29,56.91,41.93,38.37,34.18,61.85,61.81,51.29,60.16,56.73,63.9,55.17,53.74,48.84,50.98,46.97,50.09,50.36,61.05,60.96,48.89,55.21,55.35,47.06,52.54,43.05,59.98,67.11,57.26,34.49,47.68,58.6,56.77,56.06,43.23,62.3,59.54,48.4,50.71,44.61,49.24
"Seed_57",65.73,54.59,50.49,55.48,47.42,57.44,51.56,55.17,46.66,58.38,58.6,61.19,51.11,56.64,50.71,63.28,61.72,52.58,53.88,60.34,50.45,49.38,49.78,64.17,58.07,42.56,37.3,34.94,60.47,61.72,51.2,59.71,56.95,62.39,54.19,52.18,51.07,52.54,47.19,50.09,50.36,61.5,61.54,48.4,55.21,55.61,46.57,51.96,43.23,59.31,66.84,57.13,33.42,47.91,57.49,57.98,57.84,42.16,62.43,61.45,49.42,51.07,44.21,49.06
"Seed_58",65.64,54.28,51.34,55.21,45.86,57.66,51.56,54.9,47.64,57.71,58.2,61.23,52.36,56.42,52.72,62.83,59.31,54.01,54.59,60.16,50.76,48.13,48.57,65.2,58.11,42.2,36.81,32.66,60.92,62.48,50.58,61.36,56.28,63.46,53.74,53.79,49.73,52.32,46.93,50.27,51.6,60.83,61.9,49.11,55.75,54.95,45.59,51.96,42.6,58.96,67.69,56.82,33.2,47.73,57.89,56.55,56.77,42.42,62.08,60.12,49.69,51.92,44.25,48.71
"Seed_59",65.46,53.16,51.16,54.81,46.26,57.26,52.18,56.6,47.86,56.68,57.93,61.72,51.65,57.71,51.65,63.37,60.7,53.34,54.41,60.65,51.78,48.26,49.87,65.33,57.35,41.44,37.03,33.96,60.29,62.3,50.45,58.78,55.75,62.52,54.55,55.04,49.73,52.67,47.24,50.31,50.85,61.32,62.12,49.6,56.06,54.72,46.39,52.45,41,58.51,69.74,55.79,34,48.57,57.31,56.24,56.95,43.49,62.97,60.2,51.16,52.45,43.05,48.66
"Seed_60",65.51,53.52,50.89,54.86,45.9,56.95,51.6,57.17,47.59,59.05,57.22,61.05,51.34,56.15,51.65,63.95,60.83,53.57,55.08,59.67,49.82,48.31,50.85,65.37,57.84,43.4,37.03,33.73,61.81,62.21,50.98,61.72,55.93,62.48,54.1,53.39,49.24,51.83,46.61,49.2,51.25,61.1,61.32,48.62,54.55,57.17,46.93,52.09,43.54,59.4,68.76,56.02,33.16,49.42,57.66,57.09,57,41.89,62.03,61.72,50.71,50.62,42.56,49.2
"Seed_61",65.69,53.43,50.89,55.53,46.7,57.8,51.6,55.08,46.93,56.73,58.2,62.39,51.43,56.11,50.67,63.64,60.65,52.54,54.99,60.29,51.11,48.22,50.09,63.77,56.19,43.27,37.79,33.87,60.74,61.45,50.45,59.85,56.68,62.21,56.15,54.46,49.91,52.27,46.88,50.71,50.8,60.74,60.56,49.06,55.57,55.48,46.97,53.21,43.67,60.47,67.34,56.77,34.31,48.04,57.53,56.24,56.95,43.54,62.52,60.74,50.67,52.01,44.34,50.53
"Seed_62",65.37,53.03,51.87,55.48,47.77,57.75,52.23,55.93,46.61,58.91,56.33,60.96,51.29,57.13,48.98,64.97,60.38,53.34,55.04,58.91,50.76,49.6,49.11,65.78,57.8,41.71,37.43,34.09,59.58,61.85,50.85,60.92,56.68,63.1,55.3,53.97,49.55,51.92,46.97,49.55,52.94,61.59,62.97,49.47,55.3,56.06,46.35,53.34,42.6,59.71,69.03,56.95,32.58,48.57,57.13,57.62,57.04,42.2,62.08,61.99,49.33,51.56,46.26,49.87
"Seed_63",65.73,52.18,51.83,54.55,46.79,58.47,51.07,54.95,46.97,58.24,57.4,61.85,51.34,56.77,51.29,62.88,61.27,53.25,54.59,59.98,50.67,48.53,50,64.57,57.4,41.22,37.21,32.84,61.36,61.81,49.2,61.19,56.02,61.54,54.46,54.72,49.64,53.43,47.1,48.93,51.2,61.68,60.61,48.89,55.97,55.79,46.75,52.45,42.83,59.49,67.42,57.4,33.69,47.28,57.44,57.35,58.82,43.85,61.85,61.1,48.4,51.11,45.19,50
"Seed_64",64.48,53.83,51.25,56.24,46.66,57.44,51.25,55.17,47.77,57.93,56.6,61.63,51.83,56.77,51.47,63.5,59.94,53.52,55.66,60.07,49.96,49.91,49.42,65.02,58.24,43,38.9,33.16,61.36,61.59,51.2,60.34,56.73,60.96,55.48,53.83,50.49,50.85,46.93,49.06,50.89,61.59,61.5,49.06,55.12,55.35,45.77,52.9,42.51,59.98,67.47,56.46,33.65,48.4,58.11,55.84,57.13,41.8,62.12,60.43,48.66,51.38,47.55,49.06
"Seed_65",66.67,53.52,50.36,53.92,46.7,56.73,51.65,56.77,47.1,57.93,56.33,60.7,51.83,56.64,50.27,63.28,59.22,53.61,55.66,59.85,51.38,49.78,50.58,66.62,58.07,42.07,35.78,34.49,60.34,62.08,51.6,59.89,56.95,63.41,54.19,54.95,48.26,51.25,47.46,50.71,51.52,62.21,61.36,48.26,55.75,54.55,46.75,52.27,41.89,59.94,68.94,56.02,33.96,48.35,58.16,57.04,57.62,43.45,63.15,62.17,49.15,51.6,44.12,50.09
"Seed_66",66.27,53.12,52.58,54.63,47.06,57.17,51.43,55.44,47.37,59.76,57.04,61.14,51.29,56.64,51.2,63.81,61.54,53.57,54.06,59.85,51.43,46.97,49.24,66.31,57.22,43.05,36.68,34.14,61.27,61.32,50.85,59.8,56.11,63.28,56.06,52.54,50.53,51.65,47.91,51.96,51.47,61.54,61.14,48.13,55.7,55.39,46.52,53.3,41.35,59,68,56.28,33.69,48.26,57.09,58.11,55.7,42.6,62.48,61.5,49.06,51.25,44.88,49.38
"Seed_67",64.84,53.12,50.98,56.11,47.64,57.49,51.69,56.11,46.61,58.33,57.71,61.99,51.43,57.17,51.07,63.99,61.36,52.9,56.15,59.4,51.65,49.38,50.04,64.62,56.73,41.8,36.41,34.45,62.03,61.81,50.18,61.32,56.02,63.41,54.81,53.61,49.69,52.23,47.1,48.71,51.92,62.57,63.15,48.98,56.11,55.21,45.59,53.48,42.38,60.83,67.16,56.95,33.73,46.97,57.35,56.95,57.31,43.23,62.88,60.38,50.62,51.52,45.68,49.38
"Seed_68",65.86,54.1,51.29,56.19,46.7,56.51,51.6,56.19,47.06,57.98,57.89,60.52,51.74,57.17,51.38,63.32,60.74,53.48,54.9,60.47,50.62,49.42,50.22,64.48,57.49,42.78,36.01,33.82,61.32,63.19,51.2,60.74,56.15,62.75,54.68,52.85,50.76,51.65,47.15,49.55,50.13,62.12,61.59,48.35,55.97,55.08,46.43,53.16,42.07,59.14,69.79,57.22,33.47,47.46,57.22,57.89,56.64,41.44,62.12,59.49,48.93,50.27,44.21,48.89
"Seed_69",65.06,54.06,52.54,54.77,46.12,56.6,51.6,55.88,47.73,56.42,56.24,61.1,51.2,56.51,52.85,63.41,60.52,52.32,54.1,59.67,50.49,49.02,49.64,65.82,56.86,42.29,37.52,33.96,61.27,62.83,51.78,60.47,55.75,61.85,54.9,52.81,47.91,52.72,47.01,49.38,51.78,62.03,62.08,49.06,54.37,54.99,45.32,50.98,43.32,59.36,68.72,56.15,33.78,48.13,56.77,56.82,57.58,42.74,62.52,62.3,48.98,51.2,43.81,48.22
"Seed_70",66.71,54.01,50.94,54.9,44.3,58.42,51.69,56.51,46.35,58.38,57.75,62.03,51.43,57.22,51.92,62.7,61.01,53.74,55.08,60.2,51.52,49.64,50.49,64.71,55.7,43.49,37.21,33.78,60.52,62.34,50.8,58.78,56.28,61.54,54.41,54.14,48.04,52.67,47.37,48.62,51.02,61.19,60.7,49.73,55.26,55.97,46.08,51.78,43.32,59.18,68.98,57.53,33.24,48.62,57.49,57.66,58.47,42.69,62.88,60.56,49.78,52.41,44.39,49.47
"Seed_71",66.27,53.39,51.92,55.12,45.19,57.89,52.32,56.86,48.62,56.73,58.65,60.52,50.71,57.09,49.2,63.41,60.61,53.74,53.97,59.31,52.18,47.99,49.69,64.62,56.55,43.49,36.72,35.2,61.59,61.5,50.98,59.49,55.57,63.19,55.44,54.41,50.31,52.09,47.24,49.91,50.22,61.76,61.59,50.45,55.17,55.39,45.86,53.52,42.83,60.29,67.83,57.44,33.38,47.82,58.02,55.48,57.35,43.14,61.76,61.5,48.57,51.87,45.1,48.75
"Seed_72",65.51,53.7,51.11,55.66,46.93,58.69,51.6,54.81,46.17,58.6,59.27,60.92,50.4,57.75,51.38,63.19,59.49,53.34,53.92,59.8,49.87,49.24,49.87,65.55,56.77,42.56,36.59,33.91,60.96,60.87,51.65,60.52,56.82,62.39,55.3,53.97,50.36,51.07,46.35,50.45,49.73,62.3,61.76,49.02,57,55.7,46.17,53.7,43.81,58.91,68,57.71,34.14,46.84,58.33,56.42,57.22,43.49,62.48,61.99,49.38,52.14,45.86,49.24
"Seed_73",65.51,53.12,50.22,54.5,46.43,57.13,51.6,55.3,47.91,57.8,58.2,61.19,51.2,56.28,51.38,63.59,60.34,52.5,54.77,60.7,50.53,49.64,50.04,65.55,57.17,41.53,36.45,34.8,61.27,61.14,51.56,59.22,55.53,62.97,54.99,55.57,49.15,50.49,46.57,48.62,50.31,61.99,62.34,48.84,55.3,56.55,46.35,52.9,42.56,60.83,68.18,56.55,33.65,48.8,57.89,57.58,56.51,43.76,62.75,60.78,49.96,50.27,43.94,48.48
"Seed_74",65.42,52.76,51.47,54.99,46.79,58.07,51.96,58.02,47.06,58.73,58.2,63.15,52.76,56.24,52.41,63.55,61.63,53.12,54.81,60.03,52.18,48.13,50.94,66.44,57.35,42.34,36.68,33.16,61.36,60.34,51.2,60.56,56.15,62.43,54.41,53.79,49.82,50.71,47.68,48.75,50.94,62.3,62.08,48.93,55.61,55.21,46.39,52.58,42.47,59.49,68.4,56.33,32.8,48.53,58.07,56.51,58.6,43,62.17,60.29,49.02,51.16,43,49.06
"Seed_75",65.55,53.97,50.85,54.41,46.97,58.24,51.6,56.86,47.59,57.75,57.53,61.41,51.16,56.95,52.32,63.77,61.32,53.43,53.65,59.8,52.18,49.47,49.91,64.88,57.53,42.07,37.97,34.67,61.27,61.45,51.38,60.03,55.97,61.19,54.37,54.9,50.53,51.56,46.75,49.11,51.65,62.39,62.08,48.93,55.61,55.53,47.1,52.09,42.07,58.78,67.78,56.64,33.78,48.08,57.84,56.6,57.71,43.45,62.34,60.7,50.4,50.45,47.91,49.47
"Seed_76",66.09,53.65,52.23,55.7,45.72,57.66,51.96,56.11,47.06,57.53,57.75,60.47,50.62,56.02,52.23,63.19,59.18,53.61,54.19,59.76,52.05,50.13,50.04,64.75,57.35,42.56,36.41,34.05,59.98,61.01,50.89,60.87,56.95,61.36,55.3,53.83,50.09,52.81,47.28,50.85,51.43,62.66,61.23,49.11,55.3,55.61,45.86,53.21,42.65,59.05,67.83,56.28,34,47.68,57.62,58.16,56.02,45.19,62.7,60.16,48.62,50.62,44.65,48.66
"Seed_77",65.2,53.21,49.87,55.08,45.77,57.44,51.92,56.33,47.33,57.8,58.6,61.32,52.23,56.64,51.47,63.01,60.34,53.83,55.48,58.38,50.22,47.99,49.11,64.84,58.51,44.52,36.9,34,60.74,61.32,51.43,60.78,55.3,63.41,54.46,52.85,49.15,52.5,45.9,50.76,51.65,60.96,59.98,50.36,54.68,55.17,47.37,53.65,42.69,59.4,69.43,56.51,33.73,47.86,58.07,57.62,57.13,41.62,61.94,61.19,49.78,51.56,44.16,48.98
"Seed_78",65.15,53.61,53.07,54.95,45.86,57.26,51.52,57.44,47.1,58.11,58.42,61.94,51.43,57.13,51.29,64.04,60.56,52.45,54.63,59.22,51.87,49.06,49.82,65.11,57.75,43.18,36.94,33.33,61.63,61.9,50.27,59.22,56.73,63.1,54.95,54.23,50.04,51.74,47.5,49.91,51.56,61.81,60.52,49.11,55.48,55.53,46.3,52.14,43,58.69,67.6,57.35,32.13,47.91,56.6,56.11,56.95,42.25,63.24,61.63,50.45,50.76,43.4,48.57
"Seed_79",64.84,54.23,52.63,55.57,45.86,57.62,51.38,56.91,46.26,57.93,56.64,60.96,52.09,56.6,51.34,63.73,60.43,53.83,54.06,58.87,51.07,49.29,49.69,65.42,57.8,43.89,36.32,33.42,61.68,62.12,51.52,60.12,56.15,62.88,54.28,53.43,49.2,51.29,46.35,49.69,49.82,60.78,63.01,48.48,57.13,55.39,47.68,52.18,42.42,59.89,67.65,58.16,32.4,47.77,57.26,57.49,57.09,41.98,62.79,60.2,48.53,51.2,44.07,49.11
"Seed_80",66.04,53.43,51.47,55.75,46.84,56.68,51.92,56.82,47.59,58.42,57.58,61.81,51.11,56.33,51.74,63.46,60.61,54.01,53.52,59.18,50.36,49.96,50.62,63.32,56.55,42.56,37.83,33.78,60.65,61.05,50.94,58.87,56.19,63.86,54.95,53.61,50.09,52.23,45.54,49.38,50.8,63.01,61.45,49.2,55.44,55.61,45.99,53.3,42.51,59.36,67.51,57.44,32.98,47.68,58.51,57.71,58.11,42.38,62.66,61.23,49.2,52.54,44.21,48.8
"Seed_81",66.35,53.61,51.92,54.99,46.26,57.71,51.69,55.75,47.1,57.93,57.49,61.99,51.25,56.06,51.69,63.64,61.05,53.07,54.46,59.63,48.98,48.35,50.8,64.93,56.24,42.38,36.94,34.4,61.54,62.08,51.6,60.43,56.42,62.48,53.57,53.74,49.91,53.16,47.42,50,51.6,62.3,61.19,49.69,55.12,54.86,46.57,52.14,42.6,59.54,68.63,57.98,33.47,48.31,58.47,56.51,57.75,41.89,63.24,61.14,49.02,51.47,43.49,49.69
"Seed_82",66.89,53.39,51.02,55.3,47.86,57.62,51.56,56.82,47.64,59.49,56.42,61.19,52.67,56.82,51.52,63.9,59.63,52.67,55.04,59.18,51.56,48.31,50,65.29,55.84,43.23,37.21,34.09,59.98,62.39,50.71,58.73,56.64,63.1,54.63,53.39,50.22,51.92,47.01,49.82,51.38,61.45,61.32,49.96,54.99,55.57,46.08,52.67,43.36,59.67,67.96,57.49,33.56,47.59,57.98,56.24,57.71,42.47,63.15,60.52,49.82,51.47,46.35,49.69
"Seed_83",65.29,52.72,50.8,54.95,46.7,57.35,51.74,55.66,46.17,58.42,58.02,60.2,50.58,55.93,50.49,64.04,61.45,52.18,54.19,58.51,50.09,49.91,50.22,65.15,56.51,42.74,36.99,34.89,60.34,61.54,51.25,60.52,58.11,62.25,54.72,53.79,50.27,51.87,47.77,49.82,51.6,61.01,60.78,48.48,56.37,55.21,45.28,53.48,42.38,60.7,67.16,56.86,33.33,47.77,58.69,56.95,57.98,42.91,62.17,61.5,48.84,51.56,46.03,50.18
"Seed_84",65.64,54.23,51.11,54.63,46.26,57.26,51.25,56.06,47.59,56.11,58.16,61.59,52.58,56.42,51.6,63.41,60.61,53.25,52.85,58.87,50.58,48.93,50.67,63.86,56.86,41.58,37.3,33.82,62.7,61.32,50.27,60.16,56.15,62.66,54.32,53.65,48.53,50.58,46.08,49.96,50.8,61.54,62.52,49.51,54.77,55.35,45.45,52.76,42.42,58.51,68.49,57.62,33.69,48.44,57.13,56.91,57.17,42.56,63.5,60.38,49.69,51.69,44.83,49.51
"Seed_85",65.78,53.92,51.38,55.44,45.54,57.62,51.6,55.97,47.68,57.84,58.16,61.01,51.78,57.49,49.91,64.3,60.07,52.94,55.3,59.54,51.34,48.75,49.64,64.66,56.95,43.4,37.79,34.8,62.75,61.59,52.23,59.76,56.46,62.79,54.59,52.9,49.82,52.01,46.03,50.09,51.6,61.81,63.1,48.71,55.3,55.21,45.81,52.9,42.42,59.76,68.05,56.28,33.82,47.5,56.06,57.75,58.69,43.27,62.21,60.74,49.11,51.29,46.21,49.33
"Seed_86",65.33,54.59,51.52,55.48,47.28,57.26,51.74,55.61,46.7,56.91,55.93,61.01,50.85,56.46,50.67,62.66,60.52,53.79,55.53,58.78,51.74,48.04,49.91,65.51,57.71,42.34,36.41,34.63,60.2,61.14,51.78,59.76,58.02,61.54,55.12,54.06,49.55,51.34,47.1,50.53,50.98,61.54,62.57,49.42,55.84,54.1,46.52,52.14,43.49,59.09,68,57,33.51,47.5,58.02,56.6,56.77,42.83,62.7,61.19,49.82,52.32,47.24,49.38
"Seed_87",64.39,52.63,51.87,55.61,46.7,57.75,51.83,55.75,47.46,58.56,58.24,61.41,51.65,56.42,51.83,63.28,60.29,53.3,54.95,59.67,51.34,49.38,50.53,65.51,57.31,42.51,37.92,34.18,60.83,61.68,51.56,59.49,56.19,62.97,54.32,54.37,49.29,53.07,46.08,49.78,51.34,61.41,62.3,49.6,55.44,55.88,45.77,52.58,42.11,59,68.98,57.98,33.47,47.91,56.33,56.46,57.75,42.51,62.83,60.83,49.73,51.38,44.12,49.15
"Seed_88",65.91,54.01,52.01,54.72,46.93,57.98,51.65,55.04,46.7,57.49,56.55,60.83,50.98,57.26,51.83,63.9,60.25,53.12,54.32,58.47,50,48.08,49.11,66.22,57.09,43.05,35.16,33.33,61.54,62.48,51.25,60.07,55.39,61.23,53.57,52.85,48.17,53.03,46.75,50.58,51.87,61.45,61.05,48.57,55.53,54.59,45.99,51.78,42.25,59.27,67.2,57.22,33.33,47.91,57.62,57.17,57.17,42.83,63.32,61.19,50.09,49.87,45.28,49.15
"Seed_89",65.24,52.45,50.98,54.01,46.12,56.77,51.74,56.77,48.26,59.09,57.53,61.72,51.11,56.86,51.43,63.81,59.98,53.48,54.46,59.4,51.74,49.78,49.82,64.93,58.24,44.07,37.43,34.54,61.85,62.12,51.02,61.41,56.73,62.52,54.86,54.77,49.78,52.94,47.33,50.58,51.43,61.99,61.5,48.04,55.93,56.19,46.12,52.76,42.29,59.89,68.23,57.58,33.82,47.91,57.62,57.53,58.11,42.51,62.61,60.83,50.04,52.72,42.38,48.17
"Seed_90",65.29,52.63,52.72,53.92,45.72,57.98,51.74,56.55,46.93,57.04,56.82,61.9,51.38,56.19,53.43,64.04,59.45,53.34,54.55,59.71,52.41,48.53,51.83,64.84,58.47,43.18,37.03,34.27,61.9,61.63,50.8,59.71,57,62.34,54.19,54.81,50.53,52.54,47.37,50.18,50.31,61.14,61.63,48.89,55.61,55.08,46.7,52.72,41.98,58.91,67.47,55.88,33.87,47.73,57.26,57.17,57.58,42.65,64.08,61.72,49.64,51.29,44.43,49.42
"Seed_91",65.37,53.52,52.05,55.61,47.86,56.86,51.87,56.19,47.64,58.6,56.42,61.76,51.74,56.28,51.07,63.9,60.43,53.12,53.52,60.38,50.53,48.48,52.14,64.97,58.87,43.14,37.03,34.22,61.85,63.06,50.89,59.4,57.58,63.06,55.61,54.81,49.29,51.16,47.24,49.87,49.96,61.19,62.57,48.53,55.08,54.55,46.75,51.38,42.74,59,67.56,56.91,33.6,48.44,56.77,56.37,58.11,41.76,62.75,62.08,48.66,51.34,45.28,49.24
"Seed_92",66.98,53.34,50.4,55.57,45.05,57.13,51.43,55.88,47.19,58.56,57.8,62.83,50.18,56.77,49.47,63.32,59.63,53.43,55.21,59.45,50.49,49.42,49.15,66.4,58.33,41.22,36.85,34.22,61.23,61.76,51.11,59.89,55.57,62.75,53.88,54.23,50.22,50.04,47.5,50.71,51.47,61.81,62.92,48.22,55.26,56.02,46.88,53.43,41.67,58.78,67.56,57.26,34.54,47.86,58.38,56.46,57.09,42.6,62.17,60.74,48.98,52.41,44.74,48.84
"Seed_93",66.18,52.72,51.47,54.77,47.24,57.35,51.69,54.77,47.5,58.02,58.91,61.41,50.22,56.06,50.94,62.48,60.52,52.94,55.12,59.45,50.53,49.06,50.22,66.49,58.47,41.67,37.79,32.58,62.25,62.03,50.49,59.71,57.58,61.85,56.15,54.32,50.98,52.5,47.64,50.18,50.94,61.19,63.28,49.24,54.68,55.88,45.32,52.63,43.27,58.91,66.44,56.6,33.11,47.91,56.55,56.6,57.35,41.58,62.08,59.98,48.84,50.94,45.01,48.98
"Seed_94",64.93,53.12,51.29,55.66,46.48,56.6,51.29,56.24,48.57,60.25,57.62,61.19,51.47,57.04,52.5,63.81,60.25,53.57,54.41,60.78,50.94,48.8,50.76,65.69,56.6,41.67,38.73,34.67,61.05,60.34,50.98,59.89,57.13,62.88,53.16,53.07,49.06,52.81,46.43,50.36,50.53,61.54,61.9,49.24,55.97,55.97,45.45,51.78,41.62,59.67,67.29,56.28,32.53,48.4,56.86,57.04,56.86,42.6,62.61,61.14,48.93,51.92,42.65,49.55
"Seed_95",65.91,52.81,51.34,54.59,45.23,56.95,51.74,57.17,46.57,58.51,56.82,61.72,50.94,56.95,49.11,64.08,60.7,52.9,53.12,59.22,50.13,49.11,49.78,65.55,58.69,42.07,38.24,33.73,60.74,61.1,51.11,58.82,57.09,61.68,53.34,53.65,48.8,52.36,47.95,48.71,50.22,61.1,60.61,48.44,54.86,55.08,46.75,53.03,42.83,59.09,67.25,56.91,33.73,48.44,56.91,57.13,57.66,43.14,61.9,60.83,49.2,50.62,43.49,48.57
"Seed_96",65.46,54.59,51.25,55.75,46.7,58.24,51.83,56.28,46.17,58.24,57.58,61.94,51.38,55.61,49.78,63.37,59.54,53.61,55.21,58.65,50.49,49.42,48.75,66.44,58.73,43.18,37.03,34.31,61.01,61.68,52.72,60.43,56.55,62.92,54.72,52.99,49.33,53.07,47.33,49.82,51.02,62.08,62.03,49.11,55.04,56.33,47.59,52.27,41.84,59.18,67.91,56.06,33.42,47.99,56.55,57.31,58.2,42.29,62.48,60.56,50.18,52.18,44.43,49.6
"Seed_97",65.64,53.61,52.05,54.32,45.23,57.35,51.6,56.91,46.88,58.24,59.14,61.14,50.89,56.55,51.96,62.43,59.36,53.34,54.77,58.24,50.31,48.4,50.49,65.29,55.61,42.6,37.61,34.58,60.29,61.54,50.94,59.27,55.35,61.36,54.28,53.34,49.11,50.94,46.7,49.38,51.34,60.52,61.59,49.11,55.7,56.15,46.3,53.12,43.09,59.36,67.56,57.17,33.51,47.28,58.16,56.19,56.06,44.34,63.19,60.38,49.33,50.89,45.86,50
"Seed_98",66.49,53.34,50.71,54.77,46.3,58.02,51.43,56.06,46.48,58.2,55.53,61.05,51.07,56.19,50.98,64.35,59.76,53.79,55.35,60.96,50.4,49.15,49.55,65.73,56.28,43.85,36.14,33.6,60.07,62.03,52.18,59.54,56.02,62.48,54.19,53.48,50.71,52.36,46.66,49.87,52.05,61.5,60.34,49.64,54.59,56.11,47.1,52.36,42.65,59.36,67.07,55.93,33.73,47.99,56.33,56.82,57.84,42.51,62.39,61.76,49.51,51.07,45.14,49.2
"Seed_99",64.22,53.7,51.25,55.08,46.79,57.84,51.87,57.26,47.86,57.93,58.38,62.7,50.85,57.44,51.43,63.32,60.74,52.5,54.5,59.18,51.11,48.04,49.91,65.51,59.27,43.32,38.1,34.54,61.5,61.9,51.34,60.12,55.97,62.25,53.34,53.61,47.99,51.69,46.93,49.73,50.49,61.63,62.3,47.82,55.48,56.51,47.37,52.23,41.84,59.31,66.84,57.09,34.76,47.24,57.35,56.64,57.89,43.98,62.08,61.23,49.64,51.11,45.5,48.62
"Seed_100",65.06,53.48,51.65,55.3,45.54,58.24,51.92,56.51,46.93,58.96,59,61.76,51.38,56.02,50.76,63.41,60.43,53.65,53.88,59.45,49.91,48.35,49.55,65.15,58.65,41.8,37.03,33.65,60.78,62.34,50.31,59.05,55.97,62.21,53.57,52.54,51.52,51.11,46.79,49.24,50.31,61.63,61.76,49.29,55.3,55.88,45.99,52.09,42.78,58.42,67.07,57.35,33.11,47.99,56.86,56.82,57.13,43.67,62.92,61.5,49.42,51.65,45.5,49.96
